Single natural stale recovery diagnostic; INGESTION RECOVERY = OPEN
Classification: partial-evidence-not-pass
STARTUP
 Network diagstale-20261001t095741405509z_default Creating 
 Network diagstale-20261001t095741405509z_default Creating 
 Network diagstale-20261001t095741405509z_default Created 
 Network diagstale-20261001t095741405509z_default Created 
 Container diagstale-20261001t095741405509z-redis-1 Creating 
 Container diagstale-20261001t095741405509z-postgres-1 Creating 
 Container diagstale-20261001t095741405509z-storage-1 Creating 
 Container diagstale-20261001t095741405509z-storage-1 Created 
 Container diagstale-20261001t095741405509z-storage-init-1 Creating 
 Container diagstale-20261001t095741405509z-redis-1 Created 
 Container diagstale-20261001t095741405509z-postgres-1 Created 
 Container diagstale-20261001t095741405509z-migrate-1 Creating 
 Container diagstale-20261001t095741405509z-storage-init-1 Created 
 Container diagstale-20261001t095741405509z-migrate-1 Created 
 Container diagstale-20261001t095741405509z-worker-1 Creating 
 Container diagstale-20261001t095741405509z-backend-1 Creating 
 Container diagstale-20261001t095741405509z-backend-1 Created 
 Container diagstale-20261001t095741405509z-worker-1 Created 
 Container diagstale-20261001t095741405509z-storage-1 Starting 
 Container diagstale-20261001t095741405509z-redis-1 Starting 
 Container diagstale-20261001t095741405509z-postgres-1 Starting 
 Container diagstale-20261001t095741405509z-storage-1 Started 
 Container diagstale-20261001t095741405509z-storage-1 Waiting 
 Container diagstale-20261001t095741405509z-redis-1 Started 
 Container diagstale-20261001t095741405509z-postgres-1 Started 
 Container diagstale-20261001t095741405509z-postgres-1 Waiting 
 Container diagstale-20261001t095741405509z-storage-1 Healthy 
 Container diagstale-20261001t095741405509z-storage-init-1 Starting 
 Container diagstale-20261001t095741405509z-storage-init-1 Started 
 Container diagstale-20261001t095741405509z-postgres-1 Healthy 
 Container diagstale-20261001t095741405509z-migrate-1 Starting 
 Container diagstale-20261001t095741405509z-migrate-1 Started 
 Container diagstale-20261001t095741405509z-storage-init-1 Waiting 
 Container diagstale-20261001t095741405509z-redis-1 Waiting 
 Container diagstale-20261001t095741405509z-redis-1 Waiting 
 Container diagstale-20261001t095741405509z-migrate-1 Waiting 
 Container diagstale-20261001t095741405509z-migrate-1 Waiting 
 Container diagstale-20261001t095741405509z-storage-init-1 Waiting 
 Container diagstale-20261001t095741405509z-storage-init-1 Exited 
 Container diagstale-20261001t095741405509z-redis-1 Healthy 
 Container diagstale-20261001t095741405509z-redis-1 Healthy 
 Container diagstale-20261001t095741405509z-storage-init-1 Exited 
 Container diagstale-20261001t095741405509z-migrate-1 Exited 
 Container diagstale-20261001t095741405509z-migrate-1 Exited 
 Container diagstale-20261001t095741405509z-worker-1 Starting 
 Container diagstale-20261001t095741405509z-backend-1 Starting 
 Container diagstale-20261001t095741405509z-worker-1 Started 
 Container diagstale-20261001t095741405509z-backend-1 Started 

KILL
 Container diagstale-20261001t095741405509z-worker-1 Killing 
 Container diagstale-20261001t095741405509z-worker-1 Killed 

kill CONTAINER STATUS
{"Command":"\"uvicorn app.main:ap…\"","CreatedAt":"2026-10-01 10:57:41 +0100 WAT","Engine":"","ExitCode":0,"Health":"","ID":"23ca3d6fbdae","Image":"recap-studio-backend:latest","Labels":"com.docker.compose.service=backend,desktop.docker.io/ports.scheme=v2,com.docker.compose.config-hash=44a777fa728b07ed1b2c39aa142e70a1af7d5da8deff5b489e92330ce23c27e7,com.docker.compose.container-number=1,com.docker.compose.project=diagstale-20261001t095741405509z,com.docker.compose.version=5.5.1,com.docker.compose.depends_on=migrate:service_completed_successfully:false,storage-init:service_completed_successfully:false,redis:service_healthy:false,com.docker.compose.image=sha256:d6c23f78bcaa26a636285b5d86d2a14294a1aca0938fc7752a3a9f205e4ffa8a,com.docker.compose.oneoff=False,com.docker.compose.project.config_files=D:\\projects\\manhua review\\diagnostic-stale.compose.yml,com.docker.compose.project.working_dir=D:\\projects\\manhua review","LocalVolumes":"0","Mounts":"","Name":"diagstale-20261001t095741405509z-backend-1","Names":"diagstale-20261001t095741405509z-backend-1","Networks":"diagstale-20261001t095741405509z_default","Ports":"8000/tcp","Project":"diagstale-20261001t095741405509z","Publishers":[{"URL":"","TargetPort":8000,"PublishedPort":0,"Protocol":"tcp"}],"RunningFor":"22 seconds ago","Service":"backend","Size":"0B","State":"running","Status":"Up 16 seconds"}
{"Command":"\"alembic upgrade head\"","CreatedAt":"2026-10-01 10:57:41 +0100 WAT","Engine":"","ExitCode":0,"Health":"","ID":"0f64c2215d9f","Image":"recap-studio-backend:latest","Labels":"com.docker.compose.container-number=1,com.docker.compose.image=sha256:d6c23f78bcaa26a636285b5d86d2a14294a1aca0938fc7752a3a9f205e4ffa8a,com.docker.compose.project.config_files=D:\\projects\\manhua review\\diagnostic-stale.compose.yml,com.docker.compose.project.working_dir=D:\\projects\\manhua review,com.docker.compose.service=migrate,com.docker.compose.version=5.5.1,desktop.docker.io/ports.scheme=v2,com.docker.compose.config-hash=56b8bfa2694996a85e69b04db575c4b376725028690f7a6b91e05e83acb8582e,com.docker.compose.depends_on=postgres:service_healthy:false,com.docker.compose.oneoff=False,com.docker.compose.project=diagstale-20261001t095741405509z","LocalVolumes":"0","Mounts":"","Name":"diagstale-20261001t095741405509z-migrate-1","Names":"diagstale-20261001t095741405509z-migrate-1","Networks":"diagstale-20261001t095741405509z_default","Ports":"","Project":"diagstale-20261001t095741405509z","Publishers":[],"RunningFor":"22 seconds ago","Service":"migrate","Size":"0B","State":"exited","Status":"Exited (0) 17 seconds ago"}
{"Command":"\"docker-entrypoint.s…\"","CreatedAt":"2026-10-01 10:57:41 +0100 WAT","Engine":"","ExitCode":0,"Health":"healthy","ID":"e42a69dae76a","Image":"postgres:17.6-bookworm","Labels":"com.docker.compose.container-number=1,com.docker.compose.depends_on=,com.docker.compose.oneoff=False,com.docker.compose.project.config_files=D:\\projects\\manhua review\\diagnostic-stale.compose.yml,com.docker.compose.version=5.5.1,com.docker.compose.config-hash=a2a5d2d0879732322d67ea5b2a65f52f7181986de97c1c9fb4dd5b463e4b6438,com.docker.compose.image=sha256:45cd22f8d32e189d245403954882f88e7a8714301fda80dab6da90f1265b25a3,com.docker.compose.project=diagstale-20261001t095741405509z,com.docker.compose.project.working_dir=D:\\projects\\manhua review,com.docker.compose.service=postgres,desktop.docker.io/ports.scheme=v2","LocalVolumes":"1","Mounts":"82de933c75eeca…","Name":"diagstale-20261001t095741405509z-postgres-1","Names":"diagstale-20261001t095741405509z-postgres-1","Networks":"diagstale-20261001t095741405509z_default","Ports":"5432/tcp","Project":"diagstale-20261001t095741405509z","Publishers":[{"URL":"","TargetPort":5432,"PublishedPort":0,"Protocol":"tcp"}],"RunningFor":"22 seconds ago","Service":"postgres","Size":"0B","State":"running","Status":"Up 21 seconds (healthy)"}
{"Command":"\"python /probe.py\"","CreatedAt":"2026-10-01 10:57:46 +0100 WAT","Engine":"","ExitCode":0,"Health":"","ID":"434b50215f42","Image":"recap-studio-backend:latest","Labels":"com.docker.compose.version=5.5.1,desktop.docker.io/binds/0/SourceKind=hostFile,desktop.docker.io/binds/1/Source=D:/projects/manhua review/diagnostic-stale-evidence-20261001T095741405509Z,com.docker.compose.config-hash=d952713dc9c86a2f80e1554cd5cc316328cd4bb2a64a71b52c284630b4917e6a,desktop.docker.io/binds/0/Target=/probe.py,desktop.docker.io/binds/1/SourceKind=hostFile,com.docker.compose.service=probe,desktop.docker.io/binds/0/Source=D:\\projects\\manhua review\\diagnostic_stale_probe.py,desktop.docker.io/binds/1/Target=/evidence,desktop.docker.io/ports.scheme=v2,com.docker.compose.image=sha256:d6c23f78bcaa26a636285b5d86d2a14294a1aca0938fc7752a3a9f205e4ffa8a,com.docker.compose.oneoff=True,com.docker.compose.project=diagstale-20261001t095741405509z,com.docker.compose.project.config_files=D:\\projects\\manhua review\\diagnostic-stale.compose.yml,com.docker.compose.project.working_dir=D:\\projects\\manhua review,com.docker.compose.slug=08232a3317827e375cc7570590e0bdda607182e44425cf6658eba06ccb8a3765,com.docker.compose.depends_on=","LocalVolumes":"0","Mounts":"/run/desktop/m…,/run/desktop/m…","Name":"diagstale-20261001t095741405509z-probe","Names":"diagstale-20261001t095741405509z-probe","Networks":"diagstale-20261001t095741405509z_default","Ports":"8000/tcp","Project":"diagstale-20261001t095741405509z","Publishers":[{"URL":"","TargetPort":8000,"PublishedPort":0,"Protocol":"tcp"}],"RunningFor":"17 seconds ago","Service":"probe","Size":"0B","State":"running","Status":"Up 16 seconds"}
{"Command":"\"docker-entrypoint.s…\"","CreatedAt":"2026-10-01 10:57:41 +0100 WAT","Engine":"","ExitCode":0,"Health":"healthy","ID":"558701965f8b","Image":"redis:7.4.5-bookworm","Labels":"com.docker.compose.depends_on=,com.docker.compose.image=sha256:e3c80ea4c9c583621a7ba3a148d825b9d05b0b39793912fff5af315369e73344,com.docker.compose.project=diagstale-20261001t095741405509z,com.docker.compose.service=redis,desktop.docker.io/ports.scheme=v2,com.docker.compose.container-number=1,com.docker.compose.oneoff=False,com.docker.compose.project.config_files=D:\\projects\\manhua review\\diagnostic-stale.compose.yml,com.docker.compose.project.working_dir=D:\\projects\\manhua review,com.docker.compose.version=5.5.1,com.docker.compose.config-hash=b1a179c6673332468d0bf54222a913248efcf391001689aef8fe0917c8f20312","LocalVolumes":"1","Mounts":"bda169eb12fe55…","Name":"diagstale-20261001t095741405509z-redis-1","Names":"diagstale-20261001t095741405509z-redis-1","Networks":"diagstale-20261001t095741405509z_default","Ports":"6379/tcp","Project":"diagstale-20261001t095741405509z","Publishers":[{"URL":"","TargetPort":6379,"PublishedPort":0,"Protocol":"tcp"}],"RunningFor":"22 seconds ago","Service":"redis","Size":"0B","State":"running","Status":"Up 21 seconds (healthy)"}
{"Command":"\"/usr/bin/docker-ent…\"","CreatedAt":"2026-10-01 10:57:41 +0100 WAT","Engine":"","ExitCode":0,"Health":"healthy","ID":"e59513711f53","Image":"quay.io/minio/aistor/minio:RELEASE.2026-09-19T17-05-25Z@sha256:107cf2014a9583c74c11e3cdbd6903d89c2244355886b89ce532f4ecae9c23f3","Labels":"com.docker.compose.container-number=1,com.docker.compose.project.working_dir=D:\\projects\\manhua review,com.docker.compose.version=5.5.1,desktop.docker.io/mounts/0/Target=/run/secrets/minio.license,io.k8s.description=Very small image which doesn't install the package manager.,maintainer=MinIO Inc \u003cdev@min.io\u003e,name=MinIO,architecture=x86_64,com.docker.compose.project=diagstale-20261001t095741405509z,com.redhat.license_terms=https://www.redhat.com/en/about/red-hat-end-user-license-agreements#UBI,release=RELEASE.2026-09-19T17-05-25Z,com.docker.compose.config-hash=caf4703d7c6c695ea4682be31ed4fe99ccee05fc626540a5d054573144763e6e,com.docker.compose.project.config_files=D:\\projects\\manhua review\\diagnostic-stale.compose.yml,com.docker.compose.service=storage,vcs-type=git,com.docker.compose.depends_on=,desktop.docker.io/mounts/0/SourceKind=hostFile,distribution-scope=public,org.opencontainers.image.source=https://github.com/miniohq/aistor,com.docker.compose.oneoff=False,cpe=cpe:/a:redhat:enterprise_linux:9::appstream,description=MinIO object storage is fundamentally different. Designed for performance and the S3 API, it is 100% open-source. MinIO is ideal for large, private cloud environments with stringent security requirements and delivers mission-critical availability across a diverse range of workloads.,desktop.docker.io/mounts/0/Source=C:/Users/MSC/Downloads/minio.license,build-date=2026-09-14T00:32:05Z,com.docker.compose.image=sha256:a94e1fe399bd050fe6d6148839597a4995350c0e62c9e83f0cec8b5630ed0a1e,com.redhat.component=ubi9-micro-container,org.opencontainers.image.revision=b3f01943b83e7975e01233fc613cb5f0941b57d1,url=https://catalog.redhat.com/en/search?searchType=containers,desktop.docker.io/ports.scheme=v2,io.k8s.display-name=Red Hat Universal Base Image 9 Micro,summary=MinIO is a High Performance Object Storage, API compatible with Amazon S3 cloud storage service.,vcs-ref=b3f01943b83e7975e01233fc613cb5f0941b57d1,vendor=MinIO Inc \u003cdev@min.io\u003e,version=RELEASE.2026-09-19T17-05-25Z,io.buildah.version=1.44.0,io.openshift.expose-services=,org.opencontainers.image.created=2026-09-14T00:32:05Z","LocalVolumes":"1","Mounts":"b206330431fae7…,/run/desktop/m…","Name":"diagstale-20261001t095741405509z-storage-1","Names":"diagstale-20261001t095741405509z-storage-1","Networks":"diagstale-20261001t095741405509z_default","Ports":"9000/tcp","Project":"diagstale-20261001t095741405509z","Publishers":[{"URL":"","TargetPort":9000,"PublishedPort":0,"Protocol":"tcp"}],"RunningFor":"22 seconds ago","Service":"storage","Size":"0B","State":"running","Status":"Up 21 seconds (healthy)"}
{"Command":"\"python -c 'import o…\"","CreatedAt":"2026-10-01 10:57:41 +0100 WAT","Engine":"","ExitCode":0,"Health":"","ID":"3b4d78ba508f","Image":"recap-studio-backend:latest","Labels":"com.docker.compose.service=storage-init,com.docker.compose.container-number=1,com.docker.compose.depends_on=storage:service_healthy:false,com.docker.compose.project=diagstale-20261001t095741405509z,com.docker.compose.version=5.5.1,desktop.docker.io/ports.scheme=v2,com.docker.compose.config-hash=4d1c7a794669f9ea6f3e8b601ef2d4b781630a2bc4935f6a058cb6e062558c4f,com.docker.compose.image=sha256:d6c23f78bcaa26a636285b5d86d2a14294a1aca0938fc7752a3a9f205e4ffa8a,com.docker.compose.oneoff=False,com.docker.compose.project.config_files=D:\\projects\\manhua review\\diagnostic-stale.compose.yml,com.docker.compose.project.working_dir=D:\\projects\\manhua review","LocalVolumes":"0","Mounts":"","Name":"diagstale-20261001t095741405509z-storage-init-1","Names":"diagstale-20261001t095741405509z-storage-init-1","Networks":"diagstale-20261001t095741405509z_default","Ports":"","Project":"diagstale-20261001t095741405509z","Publishers":[],"RunningFor":"22 seconds ago","Service":"storage-init","Size":"0B","State":"exited","Status":"Exited (0) 18 seconds ago"}
{"Command":"\"celery -A app.worke…\"","CreatedAt":"2026-10-01 10:57:41 +0100 WAT","Engine":"","ExitCode":137,"Health":"","ID":"5358ed276658","Image":"recap-studio-worker:latest","Labels":"com.docker.compose.image=sha256:dced672dde2b1e96b03b47cce1ef992d13eb93ffbd78579a8c390b3e6c4da196,com.docker.compose.oneoff=False,com.docker.compose.project.config_files=D:\\projects\\manhua review\\diagnostic-stale.compose.yml,com.docker.compose.project.working_dir=D:\\projects\\manhua review,desktop.docker.io/ports.scheme=v2,com.docker.compose.config-hash=a459cec9a0189b7b63c974adf5d4fbc07e5f9a79d42b3173a7ef36654d0122b9,com.docker.compose.container-number=1,com.docker.compose.depends_on=storage-init:service_completed_successfully:false,redis:service_healthy:false,migrate:service_completed_successfully:false,com.docker.compose.project=diagstale-20261001t095741405509z,com.docker.compose.service=worker,com.docker.compose.version=5.5.1","LocalVolumes":"0","Mounts":"","Name":"diagstale-20261001t095741405509z-worker-1","Names":"diagstale-20261001t095741405509z-worker-1","Networks":"diagstale-20261001t095741405509z_default","Ports":"","Project":"diagstale-20261001t095741405509z","Publishers":[],"RunningFor":"22 seconds ago","Service":"worker","Size":"0B","State":"exited","Status":"Exited (137) Less than a second ago"}

kill worker STATE/HEALTH
{"Status":"exited","Running":false,"Paused":false,"Restarting":false,"OOMKilled":false,"Dead":false,"Pid":0,"ExitCode":137,"Error":"","StartedAt":"2026-10-01T09:57:46.430182325Z","FinishedAt":"2026-10-01T09:58:03.085453071Z"}

kill backend STATE/HEALTH
{"Status":"running","Running":true,"Paused":false,"Restarting":false,"OOMKilled":false,"Dead":false,"Pid":25759,"ExitCode":0,"Error":"","StartedAt":"2026-10-01T09:57:46.560721416Z","FinishedAt":"0001-01-01T00:00:00Z"}

kill redis STATE/HEALTH
{"Status":"running","Running":true,"Paused":false,"Restarting":false,"OOMKilled":false,"Dead":false,"Pid":25170,"ExitCode":0,"Error":"","StartedAt":"2026-10-01T09:57:42.059462408Z","FinishedAt":"0001-01-01T00:00:00Z","Health":{"Status":"healthy","FailingStreak":0,"Log":[{"Start":"2026-10-01T09:57:54.322218171Z","End":"2026-10-01T09:57:54.354117827Z","ExitCode":0,"Output":"PONG\n"},{"Start":"2026-10-01T09:57:56.355329233Z","End":"2026-10-01T09:57:56.396521063Z","ExitCode":0,"Output":"PONG\n"},{"Start":"2026-10-01T09:57:58.397569605Z","End":"2026-10-01T09:57:58.432489282Z","ExitCode":0,"Output":"PONG\n"},{"Start":"2026-10-01T09:58:00.433563877Z","End":"2026-10-01T09:58:00.464375533Z","ExitCode":0,"Output":"PONG\n"},{"Start":"2026-10-01T09:58:02.465170717Z","End":"2026-10-01T09:58:02.493593048Z","ExitCode":0,"Output":"PONG\n"}]}}

kill LOGS
redis-1   | 2026-10-01T09:57:42.157818562Z 1:C 01 Oct 2026 09:57:42.157 * oO0OoO0OoO0Oo Redis is starting oO0OoO0OoO0Oo
redis-1   | 2026-10-01T09:57:42.157855251Z 1:C 01 Oct 2026 09:57:42.157 * Redis version=7.4.5, bits=64, commit=00000000, modified=0, pid=1, just started
redis-1   | 2026-10-01T09:57:42.157858502Z 1:C 01 Oct 2026 09:57:42.157 # Warning: no config file specified, using the default config. In order to specify a config file use redis-server /path/to/redis.conf
worker-1  | 2026-10-01T09:57:47.391908957Z  
redis-1   | 2026-10-01T09:57:42.158206326Z 1:M 01 Oct 2026 09:57:42.158 * monotonic clock: POSIX clock_gettime
worker-1  | 2026-10-01T09:57:47.391943681Z  -------------- celery@5358ed276658 v5.6.3 (recovery)
redis-1   | 2026-10-01T09:57:42.158903782Z 1:M 01 Oct 2026 09:57:42.158 * Running mode=standalone, port=6379.
worker-1  | 2026-10-01T09:57:47.391946569Z --- ***** ----- 
worker-1  | 2026-10-01T09:57:47.391947977Z -- ******* ---- Linux-6.18.40.1-microsoft-standard-WSL2-x86_64-with-glibc2.36 2026-10-01 09:57:47
worker-1  | 2026-10-01T09:57:47.391949299Z - *** --- * --- 
redis-1   | 2026-10-01T09:57:42.159238744Z 1:M 01 Oct 2026 09:57:42.159 * Server initialized
redis-1   | 2026-10-01T09:57:42.159246967Z 1:M 01 Oct 2026 09:57:42.159 * Ready to accept connections tcp
worker-1  | 2026-10-01T09:57:47.391951123Z - ** ---------- [config]
worker-1  | 2026-10-01T09:57:47.391952614Z - ** ---------- .> app:         recap:0x72436c2db5f0
worker-1  | 2026-10-01T09:57:47.391954393Z - ** ---------- .> transport:   redis://redis:6379/0
worker-1  | 2026-10-01T09:57:47.391955815Z - ** ---------- .> results:     disabled://
worker-1  | 2026-10-01T09:57:47.391957061Z - *** --- * --- .> concurrency: 2 (prefork)
worker-1  | 2026-10-01T09:57:47.391958397Z -- ******* ---- .> task events: OFF (enable -E to monitor tasks in this worker)
worker-1  | 2026-10-01T09:57:47.391959806Z --- ***** ----- 
worker-1  | 2026-10-01T09:57:47.391961117Z  -------------- [queues]
worker-1  | 2026-10-01T09:57:47.391962457Z                 .> system           exchange=system(direct) key=system
worker-1  | 2026-10-01T09:57:47.391964044Z                 
worker-1  | 2026-10-01T09:57:47.391965392Z 
worker-1  | 2026-10-01T09:57:47.391966723Z [tasks]
worker-1  | 2026-10-01T09:57:47.391968036Z   . ingestion.process
worker-1  | 2026-10-01T09:57:47.391969214Z   . system.heartbeat
worker-1  | 2026-10-01T09:57:47.391970522Z 
worker-1  | 2026-10-01T09:57:47.462745835Z {"timestamp": "2026-10-01T09:57:47.462420+00:00", "level": "INFO", "logger": "celery.worker.consumer.connection", "event": "Connected to redis://redis:6379/0", "request_id": null, "job_id": null, "user_id": null, "project_id": null, "stage": null, "status": null, "error": null, "duration_ms": null}
worker-1  | 2026-10-01T09:57:47.464291820Z {"timestamp": "2026-10-01T09:57:47.464146+00:00", "level": "INFO", "logger": "celery.worker.consumer.mingle", "event": "mingle: searching for neighbors", "request_id": null, "job_id": null, "user_id": null, "project_id": null, "stage": null, "status": null, "error": null, "duration_ms": null}
worker-1  | 2026-10-01T09:57:48.471718612Z {"timestamp": "2026-10-01T09:57:48.471534+00:00", "level": "INFO", "logger": "celery.worker.consumer.mingle", "event": "mingle: all alone", "request_id": null, "job_id": null, "user_id": null, "project_id": null, "stage": null, "status": null, "error": null, "duration_ms": null}
worker-1  | 2026-10-01T09:57:48.478909713Z {"timestamp": "2026-10-01T09:57:48.478783+00:00", "level": "INFO", "logger": "celery.apps.worker", "event": "celery@5358ed276658 ready.", "request_id": null, "job_id": null, "user_id": null, "project_id": null, "stage": null, "status": null, "error": null, "duration_ms": null}
worker-1  | 2026-10-01T09:58:02.117899763Z {"timestamp": "2026-10-01T09:58:02.117509+00:00", "level": "INFO", "logger": "celery.worker.strategy", "event": "Task ingestion.process[fe5b2c46-1820-48ca-a9c0-71b5e9143cfb] received", "request_id": null, "job_id": null, "user_id": null, "project_id": null, "stage": null, "status": null, "error": null, "duration_ms": null}
backend-1  | 2026-10-01T09:57:48.172952312Z INFO:     Started server process [1]
backend-1  | 2026-10-01T09:57:48.172995803Z INFO:     Waiting for application startup.
backend-1  | 2026-10-01T09:57:48.175391916Z INFO:     Application startup complete.
backend-1  | 2026-10-01T09:57:48.175628546Z INFO:     Uvicorn running on http://0.0.0.0:8000 (Press CTRL+C to quit)
backend-1  | 2026-10-01T09:57:48.399877007Z INFO:     172.19.0.7:40130 - "GET /health/live HTTP/1.1" 200 OK
backend-1  | 2026-10-01T09:57:48.399900549Z {"timestamp": "2026-10-01T09:57:48.399575+00:00", "level": "INFO", "logger": "app.main", "event": "request_completed", "request_id": "164aeae3-541b-48ef-b096-3a838277f582", "job_id": null, "user_id": null, "project_id": null, "stage": null, "status": 200, "error": null, "duration_ms": 29}
backend-1  | 2026-10-01T09:58:01.764648170Z {"timestamp": "2026-10-01T09:58:01.764460+00:00", "level": "INFO", "logger": "app.main", "event": "request_completed", "request_id": "b083964f-bfe7-434b-bd0f-1fb8200a8697", "job_id": null, "user_id": null, "project_id": null, "stage": null, "status": 201, "error": null, "duration_ms": 100}
backend-1  | 2026-10-01T09:58:01.764674789Z INFO:     172.19.0.7:33036 - "POST /api/v1/auth/register HTTP/1.1" 201 Created
backend-1  | 2026-10-01T09:58:01.780702990Z {"timestamp": "2026-10-01T09:58:01.780535+00:00", "level": "INFO", "logger": "app.main", "event": "request_completed", "request_id": "7ce9d665-3235-4865-adc0-40c68aa85820", "job_id": null, "user_id": null, "project_id": null, "stage": null, "status": 201, "error": null, "duration_ms": 10}
backend-1  | 2026-10-01T09:58:01.780756880Z INFO:     172.19.0.7:33036 - "POST /api/v1/projects HTTP/1.1" 201 Created
backend-1  | 2026-10-01T09:58:01.794062063Z {"timestamp": "2026-10-01T09:58:01.793883+00:00", "level": "INFO", "logger": "app.main", "event": "request_completed", "request_id": "79600c10-d73c-4c65-83a9-688e50d51c6a", "job_id": null, "user_id": null, "project_id": null, "stage": null, "status": 201, "error": null, "duration_ms": 8}
backend-1  | 2026-10-01T09:58:01.794095618Z INFO:     172.19.0.7:33036 - "POST /api/v1/projects/5c1b2031-5abb-47b6-891c-b3ff03b3f283/chapters HTTP/1.1" 201 Created
backend-1  | 2026-10-01T09:58:02.120170501Z {"timestamp": "2026-10-01T09:58:02.119997+00:00", "level": "INFO", "logger": "app.main", "event": "request_completed", "request_id": "69bc5362-33b4-4e42-b7c8-b01b8abc0e92", "job_id": null, "user_id": null, "project_id": null, "stage": null, "status": 200, "error": null, "duration_ms": 225}
backend-1  | 2026-10-01T09:58:02.120258740Z INFO:     172.19.0.7:33036 - "POST /api/v1/chapters/04fc6c9f-5abf-4ccc-814c-4f1582ba3f16/upload HTTP/1.1" 200 OK

START
5358ed276658f1f161bf753087a072d398294f69d686d924f6350b89ac62717a

start CONTAINER STATUS
{"Command":"\"uvicorn app.main:ap…\"","CreatedAt":"2026-10-01 10:57:41 +0100 WAT","Engine":"","ExitCode":0,"Health":"","ID":"23ca3d6fbdae","Image":"recap-studio-backend:latest","Labels":"com.docker.compose.container-number=1,com.docker.compose.oneoff=False,com.docker.compose.version=5.5.1,desktop.docker.io/ports.scheme=v2,com.docker.compose.config-hash=44a777fa728b07ed1b2c39aa142e70a1af7d5da8deff5b489e92330ce23c27e7,com.docker.compose.depends_on=migrate:service_completed_successfully:false,storage-init:service_completed_successfully:false,redis:service_healthy:false,com.docker.compose.image=sha256:d6c23f78bcaa26a636285b5d86d2a14294a1aca0938fc7752a3a9f205e4ffa8a,com.docker.compose.project=diagstale-20261001t095741405509z,com.docker.compose.project.config_files=D:\\projects\\manhua review\\diagnostic-stale.compose.yml,com.docker.compose.project.working_dir=D:\\projects\\manhua review,com.docker.compose.service=backend","LocalVolumes":"0","Mounts":"","Name":"diagstale-20261001t095741405509z-backend-1","Names":"diagstale-20261001t095741405509z-backend-1","Networks":"diagstale-20261001t095741405509z_default","Ports":"8000/tcp","Project":"diagstale-20261001t095741405509z","Publishers":[{"URL":"","TargetPort":8000,"PublishedPort":0,"Protocol":"tcp"}],"RunningFor":"10 minutes ago","Service":"backend","Size":"0B","State":"running","Status":"Up 10 minutes"}
{"Command":"\"alembic upgrade head\"","CreatedAt":"2026-10-01 10:57:41 +0100 WAT","Engine":"","ExitCode":0,"Health":"","ID":"0f64c2215d9f","Image":"recap-studio-backend:latest","Labels":"com.docker.compose.config-hash=56b8bfa2694996a85e69b04db575c4b376725028690f7a6b91e05e83acb8582e,com.docker.compose.oneoff=False,com.docker.compose.project=diagstale-20261001t095741405509z,com.docker.compose.project.config_files=D:\\projects\\manhua review\\diagnostic-stale.compose.yml,com.docker.compose.project.working_dir=D:\\projects\\manhua review,com.docker.compose.service=migrate,com.docker.compose.version=5.5.1,desktop.docker.io/ports.scheme=v2,com.docker.compose.container-number=1,com.docker.compose.depends_on=postgres:service_healthy:false,com.docker.compose.image=sha256:d6c23f78bcaa26a636285b5d86d2a14294a1aca0938fc7752a3a9f205e4ffa8a","LocalVolumes":"0","Mounts":"","Name":"diagstale-20261001t095741405509z-migrate-1","Names":"diagstale-20261001t095741405509z-migrate-1","Networks":"diagstale-20261001t095741405509z_default","Ports":"","Project":"diagstale-20261001t095741405509z","Publishers":[],"RunningFor":"10 minutes ago","Service":"migrate","Size":"0B","State":"exited","Status":"Exited (0) 10 minutes ago"}
{"Command":"\"docker-entrypoint.s…\"","CreatedAt":"2026-10-01 10:57:41 +0100 WAT","Engine":"","ExitCode":0,"Health":"healthy","ID":"e42a69dae76a","Image":"postgres:17.6-bookworm","Labels":"com.docker.compose.project=diagstale-20261001t095741405509z,com.docker.compose.project.working_dir=D:\\projects\\manhua review,desktop.docker.io/ports.scheme=v2,com.docker.compose.config-hash=a2a5d2d0879732322d67ea5b2a65f52f7181986de97c1c9fb4dd5b463e4b6438,com.docker.compose.container-number=1,com.docker.compose.depends_on=,com.docker.compose.image=sha256:45cd22f8d32e189d245403954882f88e7a8714301fda80dab6da90f1265b25a3,com.docker.compose.project.config_files=D:\\projects\\manhua review\\diagnostic-stale.compose.yml,com.docker.compose.service=postgres,com.docker.compose.version=5.5.1,com.docker.compose.oneoff=False","LocalVolumes":"1","Mounts":"82de933c75eeca…","Name":"diagstale-20261001t095741405509z-postgres-1","Names":"diagstale-20261001t095741405509z-postgres-1","Networks":"diagstale-20261001t095741405509z_default","Ports":"5432/tcp","Project":"diagstale-20261001t095741405509z","Publishers":[{"URL":"","TargetPort":5432,"PublishedPort":0,"Protocol":"tcp"}],"RunningFor":"10 minutes ago","Service":"postgres","Size":"0B","State":"running","Status":"Up 10 minutes (healthy)"}
{"Command":"\"python /probe.py\"","CreatedAt":"2026-10-01 10:57:46 +0100 WAT","Engine":"","ExitCode":0,"Health":"","ID":"434b50215f42","Image":"recap-studio-backend:latest","Labels":"desktop.docker.io/binds/0/SourceKind=hostFile,desktop.docker.io/binds/1/Target=/evidence,com.docker.compose.image=sha256:d6c23f78bcaa26a636285b5d86d2a14294a1aca0938fc7752a3a9f205e4ffa8a,com.docker.compose.project.working_dir=D:\\projects\\manhua review,desktop.docker.io/binds/0/Target=/probe.py,desktop.docker.io/binds/1/Source=D:/projects/manhua review/diagnostic-stale-evidence-20261001T095741405509Z,com.docker.compose.oneoff=True,desktop.docker.io/ports.scheme=v2,com.docker.compose.config-hash=d952713dc9c86a2f80e1554cd5cc316328cd4bb2a64a71b52c284630b4917e6a,com.docker.compose.project=diagstale-20261001t095741405509z,com.docker.compose.service=probe,com.docker.compose.slug=08232a3317827e375cc7570590e0bdda607182e44425cf6658eba06ccb8a3765,desktop.docker.io/binds/1/SourceKind=hostFile,com.docker.compose.depends_on=,com.docker.compose.project.config_files=D:\\projects\\manhua review\\diagnostic-stale.compose.yml,com.docker.compose.version=5.5.1,desktop.docker.io/binds/0/Source=D:\\projects\\manhua review\\diagnostic_stale_probe.py","LocalVolumes":"0","Mounts":"/run/desktop/m…,/run/desktop/m…","Name":"diagstale-20261001t095741405509z-probe","Names":"diagstale-20261001t095741405509z-probe","Networks":"diagstale-20261001t095741405509z_default","Ports":"8000/tcp","Project":"diagstale-20261001t095741405509z","Publishers":[{"URL":"","TargetPort":8000,"PublishedPort":0,"Protocol":"tcp"}],"RunningFor":"10 minutes ago","Service":"probe","Size":"0B","State":"running","Status":"Up 10 minutes"}
{"Command":"\"docker-entrypoint.s…\"","CreatedAt":"2026-10-01 10:57:41 +0100 WAT","Engine":"","ExitCode":0,"Health":"healthy","ID":"558701965f8b","Image":"redis:7.4.5-bookworm","Labels":"com.docker.compose.project=diagstale-20261001t095741405509z,com.docker.compose.project.config_files=D:\\projects\\manhua review\\diagnostic-stale.compose.yml,com.docker.compose.project.working_dir=D:\\projects\\manhua review,desktop.docker.io/ports.scheme=v2,com.docker.compose.config-hash=b1a179c6673332468d0bf54222a913248efcf391001689aef8fe0917c8f20312,com.docker.compose.container-number=1,com.docker.compose.depends_on=,com.docker.compose.image=sha256:e3c80ea4c9c583621a7ba3a148d825b9d05b0b39793912fff5af315369e73344,com.docker.compose.oneoff=False,com.docker.compose.service=redis,com.docker.compose.version=5.5.1","LocalVolumes":"1","Mounts":"bda169eb12fe55…","Name":"diagstale-20261001t095741405509z-redis-1","Names":"diagstale-20261001t095741405509z-redis-1","Networks":"diagstale-20261001t095741405509z_default","Ports":"6379/tcp","Project":"diagstale-20261001t095741405509z","Publishers":[{"URL":"","TargetPort":6379,"PublishedPort":0,"Protocol":"tcp"}],"RunningFor":"10 minutes ago","Service":"redis","Size":"0B","State":"running","Status":"Up 10 minutes (healthy)"}
{"Command":"\"/usr/bin/docker-ent…\"","CreatedAt":"2026-10-01 10:57:41 +0100 WAT","Engine":"","ExitCode":0,"Health":"healthy","ID":"e59513711f53","Image":"quay.io/minio/aistor/minio:RELEASE.2026-09-19T17-05-25Z@sha256:107cf2014a9583c74c11e3cdbd6903d89c2244355886b89ce532f4ecae9c23f3","Labels":"summary=MinIO is a High Performance Object Storage, API compatible with Amazon S3 cloud storage service.,io.k8s.display-name=Red Hat Universal Base Image 9 Micro,release=RELEASE.2026-09-19T17-05-25Z,vcs-type=git,com.redhat.component=ubi9-micro-container,io.openshift.expose-services=,name=MinIO,org.opencontainers.image.created=2026-09-14T00:32:05Z,vendor=MinIO Inc \u003cdev@min.io\u003e,io.buildah.version=1.44.0,com.docker.compose.container-number=1,com.docker.compose.version=5.5.1,com.redhat.license_terms=https://www.redhat.com/en/about/red-hat-end-user-license-agreements#UBI,vcs-ref=b3f01943b83e7975e01233fc613cb5f0941b57d1,com.docker.compose.image=sha256:a94e1fe399bd050fe6d6148839597a4995350c0e62c9e83f0cec8b5630ed0a1e,com.docker.compose.service=storage,desktop.docker.io/mounts/0/Target=/run/secrets/minio.license,org.opencontainers.image.source=https://github.com/miniohq/aistor,url=https://catalog.redhat.com/en/search?searchType=containers,version=RELEASE.2026-09-19T17-05-25Z,com.docker.compose.config-hash=caf4703d7c6c695ea4682be31ed4fe99ccee05fc626540a5d054573144763e6e,io.k8s.description=Very small image which doesn't install the package manager.,maintainer=MinIO Inc \u003cdev@min.io\u003e,distribution-scope=public,com.docker.compose.depends_on=,com.docker.compose.project=diagstale-20261001t095741405509z,cpe=cpe:/a:redhat:enterprise_linux:9::appstream,desktop.docker.io/mounts/0/SourceKind=hostFile,desktop.docker.io/ports.scheme=v2,org.opencontainers.image.revision=b3f01943b83e7975e01233fc613cb5f0941b57d1,architecture=x86_64,build-date=2026-09-14T00:32:05Z,com.docker.compose.oneoff=False,com.docker.compose.project.config_files=D:\\projects\\manhua review\\diagnostic-stale.compose.yml,com.docker.compose.project.working_dir=D:\\projects\\manhua review,description=MinIO object storage is fundamentally different. Designed for performance and the S3 API, it is 100% open-source. MinIO is ideal for large, private cloud environments with stringent security requirements and delivers mission-critical availability across a diverse range of workloads.,desktop.docker.io/mounts/0/Source=C:/Users/MSC/Downloads/minio.license","LocalVolumes":"1","Mounts":"b206330431fae7…,/run/desktop/m…","Name":"diagstale-20261001t095741405509z-storage-1","Names":"diagstale-20261001t095741405509z-storage-1","Networks":"diagstale-20261001t095741405509z_default","Ports":"9000/tcp","Project":"diagstale-20261001t095741405509z","Publishers":[{"URL":"","TargetPort":9000,"PublishedPort":0,"Protocol":"tcp"}],"RunningFor":"10 minutes ago","Service":"storage","Size":"0B","State":"running","Status":"Up 10 minutes (healthy)"}
{"Command":"\"python -c 'import o…\"","CreatedAt":"2026-10-01 10:57:41 +0100 WAT","Engine":"","ExitCode":0,"Health":"","ID":"3b4d78ba508f","Image":"recap-studio-backend:latest","Labels":"com.docker.compose.depends_on=storage:service_healthy:false,com.docker.compose.project.config_files=D:\\projects\\manhua review\\diagnostic-stale.compose.yml,com.docker.compose.project.working_dir=D:\\projects\\manhua review,com.docker.compose.service=storage-init,com.docker.compose.version=5.5.1,desktop.docker.io/ports.scheme=v2,com.docker.compose.config-hash=4d1c7a794669f9ea6f3e8b601ef2d4b781630a2bc4935f6a058cb6e062558c4f,com.docker.compose.image=sha256:d6c23f78bcaa26a636285b5d86d2a14294a1aca0938fc7752a3a9f205e4ffa8a,com.docker.compose.oneoff=False,com.docker.compose.project=diagstale-20261001t095741405509z,com.docker.compose.container-number=1","LocalVolumes":"0","Mounts":"","Name":"diagstale-20261001t095741405509z-storage-init-1","Names":"diagstale-20261001t095741405509z-storage-init-1","Networks":"diagstale-20261001t095741405509z_default","Ports":"","Project":"diagstale-20261001t095741405509z","Publishers":[],"RunningFor":"10 minutes ago","Service":"storage-init","Size":"0B","State":"exited","Status":"Exited (0) 10 minutes ago"}
{"Command":"\"celery -A app.worke…\"","CreatedAt":"2026-10-01 10:57:41 +0100 WAT","Engine":"","ExitCode":0,"Health":"","ID":"5358ed276658","Image":"recap-studio-worker:latest","Labels":"com.docker.compose.config-hash=a459cec9a0189b7b63c974adf5d4fbc07e5f9a79d42b3173a7ef36654d0122b9,com.docker.compose.container-number=1,com.docker.compose.depends_on=storage-init:service_completed_successfully:false,redis:service_healthy:false,migrate:service_completed_successfully:false,com.docker.compose.oneoff=False,com.docker.compose.project=diagstale-20261001t095741405509z,com.docker.compose.project.config_files=D:\\projects\\manhua review\\diagnostic-stale.compose.yml,com.docker.compose.service=worker,com.docker.compose.version=5.5.1,com.docker.compose.image=sha256:dced672dde2b1e96b03b47cce1ef992d13eb93ffbd78579a8c390b3e6c4da196,com.docker.compose.project.working_dir=D:\\projects\\manhua review,desktop.docker.io/ports.scheme=v2","LocalVolumes":"0","Mounts":"","Name":"diagstale-20261001t095741405509z-worker-1","Names":"diagstale-20261001t095741405509z-worker-1","Networks":"diagstale-20261001t095741405509z_default","Ports":"8000/tcp","Project":"diagstale-20261001t095741405509z","Publishers":[{"URL":"","TargetPort":8000,"PublishedPort":0,"Protocol":"tcp"}],"RunningFor":"10 minutes ago","Service":"worker","Size":"0B","State":"running","Status":"Up Less than a second"}

start worker STATE/HEALTH
{"Status":"running","Running":true,"Paused":false,"Restarting":false,"OOMKilled":false,"Dead":false,"Pid":50874,"ExitCode":0,"Error":"","StartedAt":"2026-10-01T10:08:05.221374106Z","FinishedAt":"2026-10-01T09:58:03.085453071Z"}

start backend STATE/HEALTH
{"Status":"running","Running":true,"Paused":false,"Restarting":false,"OOMKilled":false,"Dead":false,"Pid":25759,"ExitCode":0,"Error":"","StartedAt":"2026-10-01T09:57:46.560721416Z","FinishedAt":"0001-01-01T00:00:00Z"}

start redis STATE/HEALTH
{"Status":"running","Running":true,"Paused":false,"Restarting":false,"OOMKilled":false,"Dead":false,"Pid":25170,"ExitCode":0,"Error":"","StartedAt":"2026-10-01T09:57:42.059462408Z","FinishedAt":"0001-01-01T00:00:00Z","Health":{"Status":"healthy","FailingStreak":0,"Log":[{"Start":"2026-10-01T10:07:56.21687225Z","End":"2026-10-01T10:07:56.245399279Z","ExitCode":0,"Output":"PONG\n"},{"Start":"2026-10-01T10:07:58.246461142Z","End":"2026-10-01T10:07:58.276031605Z","ExitCode":0,"Output":"PONG\n"},{"Start":"2026-10-01T10:08:00.276810644Z","End":"2026-10-01T10:08:00.311747929Z","ExitCode":0,"Output":"PONG\n"},{"Start":"2026-10-01T10:08:02.312907096Z","End":"2026-10-01T10:08:02.344129366Z","ExitCode":0,"Output":"PONG\n"},{"Start":"2026-10-01T10:08:04.344920135Z","End":"2026-10-01T10:08:04.373934205Z","ExitCode":0,"Output":"PONG\n"}]}}

start LOGS
backend-1  | 2026-10-01T09:57:48.172952312Z INFO:     Started server process [1]
backend-1  | 2026-10-01T09:57:48.172995803Z INFO:     Waiting for application startup.
worker-1   | 2026-10-01T09:57:47.391908957Z  
redis-1    | 2026-10-01T09:57:42.157818562Z 1:C 01 Oct 2026 09:57:42.157 * oO0OoO0OoO0Oo Redis is starting oO0OoO0OoO0Oo
backend-1  | 2026-10-01T09:57:48.175391916Z INFO:     Application startup complete.
worker-1   | 2026-10-01T09:57:47.391943681Z  -------------- celery@5358ed276658 v5.6.3 (recovery)
redis-1    | 2026-10-01T09:57:42.157855251Z 1:C 01 Oct 2026 09:57:42.157 * Redis version=7.4.5, bits=64, commit=00000000, modified=0, pid=1, just started
redis-1    | 2026-10-01T09:57:42.157858502Z 1:C 01 Oct 2026 09:57:42.157 # Warning: no config file specified, using the default config. In order to specify a config file use redis-server /path/to/redis.conf
redis-1    | 2026-10-01T09:57:42.158206326Z 1:M 01 Oct 2026 09:57:42.158 * monotonic clock: POSIX clock_gettime
backend-1  | 2026-10-01T09:57:48.175628546Z INFO:     Uvicorn running on http://0.0.0.0:8000 (Press CTRL+C to quit)
backend-1  | 2026-10-01T09:57:48.399877007Z INFO:     172.19.0.7:40130 - "GET /health/live HTTP/1.1" 200 OK
backend-1  | 2026-10-01T09:57:48.399900549Z {"timestamp": "2026-10-01T09:57:48.399575+00:00", "level": "INFO", "logger": "app.main", "event": "request_completed", "request_id": "164aeae3-541b-48ef-b096-3a838277f582", "job_id": null, "user_id": null, "project_id": null, "stage": null, "status": 200, "error": null, "duration_ms": 29}
backend-1  | 2026-10-01T09:58:01.764648170Z {"timestamp": "2026-10-01T09:58:01.764460+00:00", "level": "INFO", "logger": "app.main", "event": "request_completed", "request_id": "b083964f-bfe7-434b-bd0f-1fb8200a8697", "job_id": null, "user_id": null, "project_id": null, "stage": null, "status": 201, "error": null, "duration_ms": 100}
worker-1   | 2026-10-01T09:57:47.391946569Z --- ***** ----- 
worker-1   | 2026-10-01T09:57:47.391947977Z -- ******* ---- Linux-6.18.40.1-microsoft-standard-WSL2-x86_64-with-glibc2.36 2026-10-01 09:57:47
worker-1   | 2026-10-01T09:57:47.391949299Z - *** --- * --- 
worker-1   | 2026-10-01T09:57:47.391951123Z - ** ---------- [config]
redis-1    | 2026-10-01T09:57:42.158903782Z 1:M 01 Oct 2026 09:57:42.158 * Running mode=standalone, port=6379.
worker-1   | 2026-10-01T09:57:47.391952614Z - ** ---------- .> app:         recap:0x72436c2db5f0
worker-1   | 2026-10-01T09:57:47.391954393Z - ** ---------- .> transport:   redis://redis:6379/0
backend-1  | 2026-10-01T09:58:01.764674789Z INFO:     172.19.0.7:33036 - "POST /api/v1/auth/register HTTP/1.1" 201 Created
worker-1   | 2026-10-01T09:57:47.391955815Z - ** ---------- .> results:     disabled://
redis-1    | 2026-10-01T09:57:42.159238744Z 1:M 01 Oct 2026 09:57:42.159 * Server initialized
backend-1  | 2026-10-01T09:58:01.780702990Z {"timestamp": "2026-10-01T09:58:01.780535+00:00", "level": "INFO", "logger": "app.main", "event": "request_completed", "request_id": "7ce9d665-3235-4865-adc0-40c68aa85820", "job_id": null, "user_id": null, "project_id": null, "stage": null, "status": 201, "error": null, "duration_ms": 10}
redis-1    | 2026-10-01T09:57:42.159246967Z 1:M 01 Oct 2026 09:57:42.159 * Ready to accept connections tcp
backend-1  | 2026-10-01T09:58:01.780756880Z INFO:     172.19.0.7:33036 - "POST /api/v1/projects HTTP/1.1" 201 Created
worker-1   | 2026-10-01T09:57:47.391957061Z - *** --- * --- .> concurrency: 2 (prefork)
worker-1   | 2026-10-01T09:57:47.391958397Z -- ******* ---- .> task events: OFF (enable -E to monitor tasks in this worker)
backend-1  | 2026-10-01T09:58:01.794062063Z {"timestamp": "2026-10-01T09:58:01.793883+00:00", "level": "INFO", "logger": "app.main", "event": "request_completed", "request_id": "79600c10-d73c-4c65-83a9-688e50d51c6a", "job_id": null, "user_id": null, "project_id": null, "stage": null, "status": 201, "error": null, "duration_ms": 8}
worker-1   | 2026-10-01T09:57:47.391959806Z --- ***** ----- 
backend-1  | 2026-10-01T09:58:01.794095618Z INFO:     172.19.0.7:33036 - "POST /api/v1/projects/5c1b2031-5abb-47b6-891c-b3ff03b3f283/chapters HTTP/1.1" 201 Created
backend-1  | 2026-10-01T09:58:02.120170501Z {"timestamp": "2026-10-01T09:58:02.119997+00:00", "level": "INFO", "logger": "app.main", "event": "request_completed", "request_id": "69bc5362-33b4-4e42-b7c8-b01b8abc0e92", "job_id": null, "user_id": null, "project_id": null, "stage": null, "status": 200, "error": null, "duration_ms": 225}
backend-1  | 2026-10-01T09:58:02.120258740Z INFO:     172.19.0.7:33036 - "POST /api/v1/chapters/04fc6c9f-5abf-4ccc-814c-4f1582ba3f16/upload HTTP/1.1" 200 OK
worker-1   | 2026-10-01T09:57:47.391961117Z  -------------- [queues]
worker-1   | 2026-10-01T09:57:47.391962457Z                 .> system           exchange=system(direct) key=system
worker-1   | 2026-10-01T09:57:47.391964044Z                 
worker-1   | 2026-10-01T09:57:47.391965392Z 
worker-1   | 2026-10-01T09:57:47.391966723Z [tasks]
worker-1   | 2026-10-01T09:57:47.391968036Z   . ingestion.process
worker-1   | 2026-10-01T09:57:47.391969214Z   . system.heartbeat
worker-1   | 2026-10-01T09:57:47.391970522Z 
worker-1   | 2026-10-01T09:57:47.462745835Z {"timestamp": "2026-10-01T09:57:47.462420+00:00", "level": "INFO", "logger": "celery.worker.consumer.connection", "event": "Connected to redis://redis:6379/0", "request_id": null, "job_id": null, "user_id": null, "project_id": null, "stage": null, "status": null, "error": null, "duration_ms": null}
worker-1   | 2026-10-01T09:57:47.464291820Z {"timestamp": "2026-10-01T09:57:47.464146+00:00", "level": "INFO", "logger": "celery.worker.consumer.mingle", "event": "mingle: searching for neighbors", "request_id": null, "job_id": null, "user_id": null, "project_id": null, "stage": null, "status": null, "error": null, "duration_ms": null}
worker-1   | 2026-10-01T09:57:48.471718612Z {"timestamp": "2026-10-01T09:57:48.471534+00:00", "level": "INFO", "logger": "celery.worker.consumer.mingle", "event": "mingle: all alone", "request_id": null, "job_id": null, "user_id": null, "project_id": null, "stage": null, "status": null, "error": null, "duration_ms": null}
worker-1   | 2026-10-01T09:57:48.478909713Z {"timestamp": "2026-10-01T09:57:48.478783+00:00", "level": "INFO", "logger": "celery.apps.worker", "event": "celery@5358ed276658 ready.", "request_id": null, "job_id": null, "user_id": null, "project_id": null, "stage": null, "status": null, "error": null, "duration_ms": null}
worker-1   | 2026-10-01T09:58:02.117899763Z {"timestamp": "2026-10-01T09:58:02.117509+00:00", "level": "INFO", "logger": "celery.worker.strategy", "event": "Task ingestion.process[fe5b2c46-1820-48ca-a9c0-71b5e9143cfb] received", "request_id": null, "job_id": null, "user_id": null, "project_id": null, "stage": null, "status": null, "error": null, "duration_ms": null}
worker-1   | 2026-10-01T10:08:06.069949607Z  
worker-1   | 2026-10-01T10:08:06.069979964Z  -------------- celery@5358ed276658 v5.6.3 (recovery)
worker-1   | 2026-10-01T10:08:06.069981614Z --- ***** ----- 
worker-1   | 2026-10-01T10:08:06.069982685Z -- ******* ---- Linux-6.18.40.1-microsoft-standard-WSL2-x86_64-with-glibc2.36 2026-10-01 10:08:06
worker-1   | 2026-10-01T10:08:06.069983643Z - *** --- * --- 
worker-1   | 2026-10-01T10:08:06.069984462Z - ** ---------- [config]
worker-1   | 2026-10-01T10:08:06.069985301Z - ** ---------- .> app:         recap:0x73c156ca5520
worker-1   | 2026-10-01T10:08:06.069986867Z - ** ---------- .> transport:   redis://redis:6379/0
worker-1   | 2026-10-01T10:08:06.069987727Z - ** ---------- .> results:     disabled://
worker-1   | 2026-10-01T10:08:06.069988602Z - *** --- * --- .> concurrency: 2 (prefork)
worker-1   | 2026-10-01T10:08:06.069989473Z -- ******* ---- .> task events: OFF (enable -E to monitor tasks in this worker)
worker-1   | 2026-10-01T10:08:06.069990405Z --- ***** ----- 
worker-1   | 2026-10-01T10:08:06.069991178Z  -------------- [queues]
worker-1   | 2026-10-01T10:08:06.069992001Z                 .> system           exchange=system(direct) key=system
worker-1   | 2026-10-01T10:08:06.069992874Z                 
worker-1   | 2026-10-01T10:08:06.069993638Z 
worker-1   | 2026-10-01T10:08:06.069994402Z [tasks]
worker-1   | 2026-10-01T10:08:06.069995181Z   . ingestion.process
worker-1   | 2026-10-01T10:08:06.069996093Z   . system.heartbeat
worker-1   | 2026-10-01T10:08:06.069996888Z 
worker-1   | 2026-10-01T10:08:06.154694612Z {"timestamp": "2026-10-01T10:08:06.154443+00:00", "level": "INFO", "logger": "celery.worker.consumer.connection", "event": "Connected to redis://redis:6379/0", "request_id": null, "job_id": null, "user_id": null, "project_id": null, "stage": null, "status": null, "error": null, "duration_ms": null}
worker-1   | 2026-10-01T10:08:06.157401488Z {"timestamp": "2026-10-01T10:08:06.157145+00:00", "level": "INFO", "logger": "celery.worker.consumer.mingle", "event": "mingle: searching for neighbors", "request_id": null, "job_id": null, "user_id": null, "project_id": null, "stage": null, "status": null, "error": null, "duration_ms": null}

RESTART-WORKER
 Container diagstale-20261001t095741405509z-worker-1 Restarting 
 Container diagstale-20261001t095741405509z-worker-1 Started 

restart-worker CONTAINER STATUS
{"Command":"\"uvicorn app.main:ap…\"","CreatedAt":"2026-10-01 10:57:41 +0100 WAT","Engine":"","ExitCode":0,"Health":"","ID":"23ca3d6fbdae","Image":"recap-studio-backend:latest","Labels":"com.docker.compose.project.working_dir=D:\\projects\\manhua review,desktop.docker.io/ports.scheme=v2,com.docker.compose.config-hash=44a777fa728b07ed1b2c39aa142e70a1af7d5da8deff5b489e92330ce23c27e7,com.docker.compose.image=sha256:d6c23f78bcaa26a636285b5d86d2a14294a1aca0938fc7752a3a9f205e4ffa8a,com.docker.compose.oneoff=False,com.docker.compose.project.config_files=D:\\projects\\manhua review\\diagnostic-stale.compose.yml,com.docker.compose.service=backend,com.docker.compose.version=5.5.1,com.docker.compose.container-number=1,com.docker.compose.depends_on=migrate:service_completed_successfully:false,storage-init:service_completed_successfully:false,redis:service_healthy:false,com.docker.compose.project=diagstale-20261001t095741405509z","LocalVolumes":"0","Mounts":"","Name":"diagstale-20261001t095741405509z-backend-1","Names":"diagstale-20261001t095741405509z-backend-1","Networks":"diagstale-20261001t095741405509z_default","Ports":"8000/tcp","Project":"diagstale-20261001t095741405509z","Publishers":[{"URL":"","TargetPort":8000,"PublishedPort":0,"Protocol":"tcp"}],"RunningFor":"10 minutes ago","Service":"backend","Size":"0B","State":"running","Status":"Up 10 minutes"}
{"Command":"\"alembic upgrade head\"","CreatedAt":"2026-10-01 10:57:41 +0100 WAT","Engine":"","ExitCode":0,"Health":"","ID":"0f64c2215d9f","Image":"recap-studio-backend:latest","Labels":"com.docker.compose.depends_on=postgres:service_healthy:false,com.docker.compose.image=sha256:d6c23f78bcaa26a636285b5d86d2a14294a1aca0938fc7752a3a9f205e4ffa8a,com.docker.compose.project.config_files=D:\\projects\\manhua review\\diagnostic-stale.compose.yml,com.docker.compose.version=5.5.1,desktop.docker.io/ports.scheme=v2,com.docker.compose.container-number=1,com.docker.compose.oneoff=False,com.docker.compose.project=diagstale-20261001t095741405509z,com.docker.compose.project.working_dir=D:\\projects\\manhua review,com.docker.compose.service=migrate,com.docker.compose.config-hash=56b8bfa2694996a85e69b04db575c4b376725028690f7a6b91e05e83acb8582e","LocalVolumes":"0","Mounts":"","Name":"diagstale-20261001t095741405509z-migrate-1","Names":"diagstale-20261001t095741405509z-migrate-1","Networks":"diagstale-20261001t095741405509z_default","Ports":"","Project":"diagstale-20261001t095741405509z","Publishers":[],"RunningFor":"10 minutes ago","Service":"migrate","Size":"0B","State":"exited","Status":"Exited (0) 10 minutes ago"}
{"Command":"\"docker-entrypoint.s…\"","CreatedAt":"2026-10-01 10:57:41 +0100 WAT","Engine":"","ExitCode":0,"Health":"healthy","ID":"e42a69dae76a","Image":"postgres:17.6-bookworm","Labels":"com.docker.compose.oneoff=False,com.docker.compose.project=diagstale-20261001t095741405509z,com.docker.compose.service=postgres,com.docker.compose.container-number=1,com.docker.compose.project.config_files=D:\\projects\\manhua review\\diagnostic-stale.compose.yml,com.docker.compose.project.working_dir=D:\\projects\\manhua review,com.docker.compose.version=5.5.1,desktop.docker.io/ports.scheme=v2,com.docker.compose.config-hash=a2a5d2d0879732322d67ea5b2a65f52f7181986de97c1c9fb4dd5b463e4b6438,com.docker.compose.depends_on=,com.docker.compose.image=sha256:45cd22f8d32e189d245403954882f88e7a8714301fda80dab6da90f1265b25a3","LocalVolumes":"1","Mounts":"82de933c75eeca…","Name":"diagstale-20261001t095741405509z-postgres-1","Names":"diagstale-20261001t095741405509z-postgres-1","Networks":"diagstale-20261001t095741405509z_default","Ports":"5432/tcp","Project":"diagstale-20261001t095741405509z","Publishers":[{"URL":"","TargetPort":5432,"PublishedPort":0,"Protocol":"tcp"}],"RunningFor":"10 minutes ago","Service":"postgres","Size":"0B","State":"running","Status":"Up 10 minutes (healthy)"}
{"Command":"\"python /probe.py\"","CreatedAt":"2026-10-01 10:57:46 +0100 WAT","Engine":"","ExitCode":0,"Health":"","ID":"434b50215f42","Image":"recap-studio-backend:latest","Labels":"com.docker.compose.project=diagstale-20261001t095741405509z,desktop.docker.io/binds/0/Target=/probe.py,desktop.docker.io/binds/1/SourceKind=hostFile,com.docker.compose.depends_on=,com.docker.compose.oneoff=True,com.docker.compose.slug=08232a3317827e375cc7570590e0bdda607182e44425cf6658eba06ccb8a3765,desktop.docker.io/binds/1/Target=/evidence,com.docker.compose.project.config_files=D:\\projects\\manhua review\\diagnostic-stale.compose.yml,com.docker.compose.service=probe,desktop.docker.io/binds/0/Source=D:\\projects\\manhua review\\diagnostic_stale_probe.py,desktop.docker.io/binds/1/Source=D:/projects/manhua review/diagnostic-stale-evidence-20261001T095741405509Z,desktop.docker.io/ports.scheme=v2,com.docker.compose.config-hash=d952713dc9c86a2f80e1554cd5cc316328cd4bb2a64a71b52c284630b4917e6a,com.docker.compose.image=sha256:d6c23f78bcaa26a636285b5d86d2a14294a1aca0938fc7752a3a9f205e4ffa8a,com.docker.compose.project.working_dir=D:\\projects\\manhua review,com.docker.compose.version=5.5.1,desktop.docker.io/binds/0/SourceKind=hostFile","LocalVolumes":"0","Mounts":"/run/desktop/m…,/run/desktop/m…","Name":"diagstale-20261001t095741405509z-probe","Names":"diagstale-20261001t095741405509z-probe","Networks":"diagstale-20261001t095741405509z_default","Ports":"8000/tcp","Project":"diagstale-20261001t095741405509z","Publishers":[{"URL":"","TargetPort":8000,"PublishedPort":0,"Protocol":"tcp"}],"RunningFor":"10 minutes ago","Service":"probe","Size":"0B","State":"running","Status":"Up 10 minutes"}
{"Command":"\"docker-entrypoint.s…\"","CreatedAt":"2026-10-01 10:57:41 +0100 WAT","Engine":"","ExitCode":0,"Health":"healthy","ID":"558701965f8b","Image":"redis:7.4.5-bookworm","Labels":"com.docker.compose.config-hash=b1a179c6673332468d0bf54222a913248efcf391001689aef8fe0917c8f20312,com.docker.compose.depends_on=,com.docker.compose.oneoff=False,com.docker.compose.project=diagstale-20261001t095741405509z,com.docker.compose.project.working_dir=D:\\projects\\manhua review,com.docker.compose.service=redis,com.docker.compose.version=5.5.1,desktop.docker.io/ports.scheme=v2,com.docker.compose.container-number=1,com.docker.compose.image=sha256:e3c80ea4c9c583621a7ba3a148d825b9d05b0b39793912fff5af315369e73344,com.docker.compose.project.config_files=D:\\projects\\manhua review\\diagnostic-stale.compose.yml","LocalVolumes":"1","Mounts":"bda169eb12fe55…","Name":"diagstale-20261001t095741405509z-redis-1","Names":"diagstale-20261001t095741405509z-redis-1","Networks":"diagstale-20261001t095741405509z_default","Ports":"6379/tcp","Project":"diagstale-20261001t095741405509z","Publishers":[{"URL":"","TargetPort":6379,"PublishedPort":0,"Protocol":"tcp"}],"RunningFor":"10 minutes ago","Service":"redis","Size":"0B","State":"running","Status":"Up 10 minutes (healthy)"}
{"Command":"\"/usr/bin/docker-ent…\"","CreatedAt":"2026-10-01 10:57:41 +0100 WAT","Engine":"","ExitCode":0,"Health":"healthy","ID":"e59513711f53","Image":"quay.io/minio/aistor/minio:RELEASE.2026-09-19T17-05-25Z@sha256:107cf2014a9583c74c11e3cdbd6903d89c2244355886b89ce532f4ecae9c23f3","Labels":"com.redhat.license_terms=https://www.redhat.com/en/about/red-hat-end-user-license-agreements#UBI,description=MinIO object storage is fundamentally different. Designed for performance and the S3 API, it is 100% open-source. MinIO is ideal for large, private cloud environments with stringent security requirements and delivers mission-critical availability across a diverse range of workloads.,desktop.docker.io/mounts/0/Source=C:/Users/MSC/Downloads/minio.license,architecture=x86_64,com.docker.compose.project=diagstale-20261001t095741405509z,io.k8s.display-name=Red Hat Universal Base Image 9 Micro,io.openshift.expose-services=,url=https://catalog.redhat.com/en/search?searchType=containers,com.docker.compose.container-number=1,com.docker.compose.project.config_files=D:\\projects\\manhua review\\diagnostic-stale.compose.yml,com.docker.compose.service=storage,desktop.docker.io/mounts/0/Target=/run/secrets/minio.license,release=RELEASE.2026-09-19T17-05-25Z,com.docker.compose.config-hash=caf4703d7c6c695ea4682be31ed4fe99ccee05fc626540a5d054573144763e6e,distribution-scope=public,org.opencontainers.image.revision=b3f01943b83e7975e01233fc613cb5f0941b57d1,summary=MinIO is a High Performance Object Storage, API compatible with Amazon S3 cloud storage service.,vendor=MinIO Inc \u003cdev@min.io\u003e,com.docker.compose.depends_on=,com.docker.compose.image=sha256:a94e1fe399bd050fe6d6148839597a4995350c0e62c9e83f0cec8b5630ed0a1e,desktop.docker.io/ports.scheme=v2,maintainer=MinIO Inc \u003cdev@min.io\u003e,org.opencontainers.image.source=https://github.com/miniohq/aistor,vcs-type=git,build-date=2026-09-14T00:32:05Z,com.docker.compose.project.working_dir=D:\\projects\\manhua review,desktop.docker.io/mounts/0/SourceKind=hostFile,io.buildah.version=1.44.0,io.k8s.description=Very small image which doesn't install the package manager.,version=RELEASE.2026-09-19T17-05-25Z,vcs-ref=b3f01943b83e7975e01233fc613cb5f0941b57d1,com.docker.compose.oneoff=False,com.redhat.component=ubi9-micro-container,cpe=cpe:/a:redhat:enterprise_linux:9::appstream,org.opencontainers.image.created=2026-09-14T00:32:05Z,name=MinIO,com.docker.compose.version=5.5.1","LocalVolumes":"1","Mounts":"b206330431fae7…,/run/desktop/m…","Name":"diagstale-20261001t095741405509z-storage-1","Names":"diagstale-20261001t095741405509z-storage-1","Networks":"diagstale-20261001t095741405509z_default","Ports":"9000/tcp","Project":"diagstale-20261001t095741405509z","Publishers":[{"URL":"","TargetPort":9000,"PublishedPort":0,"Protocol":"tcp"}],"RunningFor":"10 minutes ago","Service":"storage","Size":"0B","State":"running","Status":"Up 10 minutes (healthy)"}
{"Command":"\"python -c 'import o…\"","CreatedAt":"2026-10-01 10:57:41 +0100 WAT","Engine":"","ExitCode":0,"Health":"","ID":"3b4d78ba508f","Image":"recap-studio-backend:latest","Labels":"com.docker.compose.oneoff=False,com.docker.compose.project=diagstale-20261001t095741405509z,com.docker.compose.project.working_dir=D:\\projects\\manhua review,com.docker.compose.service=storage-init,com.docker.compose.config-hash=4d1c7a794669f9ea6f3e8b601ef2d4b781630a2bc4935f6a058cb6e062558c4f,com.docker.compose.container-number=1,com.docker.compose.image=sha256:d6c23f78bcaa26a636285b5d86d2a14294a1aca0938fc7752a3a9f205e4ffa8a,com.docker.compose.project.config_files=D:\\projects\\manhua review\\diagnostic-stale.compose.yml,com.docker.compose.version=5.5.1,desktop.docker.io/ports.scheme=v2,com.docker.compose.depends_on=storage:service_healthy:false","LocalVolumes":"0","Mounts":"","Name":"diagstale-20261001t095741405509z-storage-init-1","Names":"diagstale-20261001t095741405509z-storage-init-1","Networks":"diagstale-20261001t095741405509z_default","Ports":"","Project":"diagstale-20261001t095741405509z","Publishers":[],"RunningFor":"10 minutes ago","Service":"storage-init","Size":"0B","State":"exited","Status":"Exited (0) 10 minutes ago"}
{"Command":"\"celery -A app.worke…\"","CreatedAt":"2026-10-01 10:57:41 +0100 WAT","Engine":"","ExitCode":0,"Health":"","ID":"5358ed276658","Image":"recap-studio-worker:latest","Labels":"com.docker.compose.config-hash=a459cec9a0189b7b63c974adf5d4fbc07e5f9a79d42b3173a7ef36654d0122b9,com.docker.compose.container-number=1,com.docker.compose.image=sha256:dced672dde2b1e96b03b47cce1ef992d13eb93ffbd78579a8c390b3e6c4da196,com.docker.compose.oneoff=False,com.docker.compose.project=diagstale-20261001t095741405509z,com.docker.compose.project.config_files=D:\\projects\\manhua review\\diagnostic-stale.compose.yml,com.docker.compose.project.working_dir=D:\\projects\\manhua review,com.docker.compose.version=5.5.1,com.docker.compose.depends_on=storage-init:service_completed_successfully:false,redis:service_healthy:false,migrate:service_completed_successfully:false,com.docker.compose.service=worker,desktop.docker.io/ports.scheme=v2","LocalVolumes":"0","Mounts":"","Name":"diagstale-20261001t095741405509z-worker-1","Names":"diagstale-20261001t095741405509z-worker-1","Networks":"diagstale-20261001t095741405509z_default","Ports":"8000/tcp","Project":"diagstale-20261001t095741405509z","Publishers":[{"URL":"","TargetPort":8000,"PublishedPort":0,"Protocol":"tcp"}],"RunningFor":"10 minutes ago","Service":"worker","Size":"0B","State":"running","Status":"Up Less than a second"}

restart-worker worker STATE/HEALTH
{"Status":"running","Running":true,"Paused":false,"Restarting":false,"OOMKilled":false,"Dead":false,"Pid":52016,"ExitCode":0,"Error":"","StartedAt":"2026-10-01T10:08:31.012235617Z","FinishedAt":"2026-10-01T10:08:30.869728072Z"}

restart-worker backend STATE/HEALTH
{"Status":"running","Running":true,"Paused":false,"Restarting":false,"OOMKilled":false,"Dead":false,"Pid":25759,"ExitCode":0,"Error":"","StartedAt":"2026-10-01T09:57:46.560721416Z","FinishedAt":"0001-01-01T00:00:00Z"}

restart-worker redis STATE/HEALTH
{"Status":"running","Running":true,"Paused":false,"Restarting":false,"OOMKilled":false,"Dead":false,"Pid":25170,"ExitCode":0,"Error":"","StartedAt":"2026-10-01T09:57:42.059462408Z","FinishedAt":"0001-01-01T00:00:00Z","Health":{"Status":"healthy","FailingStreak":0,"Log":[{"Start":"2026-10-01T10:08:22.628763383Z","End":"2026-10-01T10:08:22.655012238Z","ExitCode":0,"Output":"PONG\n"},{"Start":"2026-10-01T10:08:24.654894568Z","End":"2026-10-01T10:08:24.683295142Z","ExitCode":0,"Output":"PONG\n"},{"Start":"2026-10-01T10:08:26.683630972Z","End":"2026-10-01T10:08:26.714310312Z","ExitCode":0,"Output":"PONG\n"},{"Start":"2026-10-01T10:08:28.715530175Z","End":"2026-10-01T10:08:28.745298862Z","ExitCode":0,"Output":"PONG\n"},{"Start":"2026-10-01T10:08:30.745695121Z","End":"2026-10-01T10:08:30.776126782Z","ExitCode":0,"Output":"PONG\n"}]}}

restart-worker LOGS
backend-1  | 2026-10-01T09:57:48.172952312Z INFO:     Started server process [1]
backend-1  | 2026-10-01T09:57:48.172995803Z INFO:     Waiting for application startup.
redis-1    | 2026-10-01T09:57:42.157818562Z 1:C 01 Oct 2026 09:57:42.157 * oO0OoO0OoO0Oo Redis is starting oO0OoO0OoO0Oo
redis-1    | 2026-10-01T09:57:42.157855251Z 1:C 01 Oct 2026 09:57:42.157 * Redis version=7.4.5, bits=64, commit=00000000, modified=0, pid=1, just started
redis-1    | 2026-10-01T09:57:42.157858502Z 1:C 01 Oct 2026 09:57:42.157 # Warning: no config file specified, using the default config. In order to specify a config file use redis-server /path/to/redis.conf
backend-1  | 2026-10-01T09:57:48.175391916Z INFO:     Application startup complete.
redis-1    | 2026-10-01T09:57:42.158206326Z 1:M 01 Oct 2026 09:57:42.158 * monotonic clock: POSIX clock_gettime
redis-1    | 2026-10-01T09:57:42.158903782Z 1:M 01 Oct 2026 09:57:42.158 * Running mode=standalone, port=6379.
redis-1    | 2026-10-01T09:57:42.159238744Z 1:M 01 Oct 2026 09:57:42.159 * Server initialized
backend-1  | 2026-10-01T09:57:48.175628546Z INFO:     Uvicorn running on http://0.0.0.0:8000 (Press CTRL+C to quit)
redis-1    | 2026-10-01T09:57:42.159246967Z 1:M 01 Oct 2026 09:57:42.159 * Ready to accept connections tcp
backend-1  | 2026-10-01T09:57:48.399877007Z INFO:     172.19.0.7:40130 - "GET /health/live HTTP/1.1" 200 OK
backend-1  | 2026-10-01T09:57:48.399900549Z {"timestamp": "2026-10-01T09:57:48.399575+00:00", "level": "INFO", "logger": "app.main", "event": "request_completed", "request_id": "164aeae3-541b-48ef-b096-3a838277f582", "job_id": null, "user_id": null, "project_id": null, "stage": null, "status": 200, "error": null, "duration_ms": 29}
backend-1  | 2026-10-01T09:58:01.764648170Z {"timestamp": "2026-10-01T09:58:01.764460+00:00", "level": "INFO", "logger": "app.main", "event": "request_completed", "request_id": "b083964f-bfe7-434b-bd0f-1fb8200a8697", "job_id": null, "user_id": null, "project_id": null, "stage": null, "status": 201, "error": null, "duration_ms": 100}
backend-1  | 2026-10-01T09:58:01.764674789Z INFO:     172.19.0.7:33036 - "POST /api/v1/auth/register HTTP/1.1" 201 Created
backend-1  | 2026-10-01T09:58:01.780702990Z {"timestamp": "2026-10-01T09:58:01.780535+00:00", "level": "INFO", "logger": "app.main", "event": "request_completed", "request_id": "7ce9d665-3235-4865-adc0-40c68aa85820", "job_id": null, "user_id": null, "project_id": null, "stage": null, "status": 201, "error": null, "duration_ms": 10}
backend-1  | 2026-10-01T09:58:01.780756880Z INFO:     172.19.0.7:33036 - "POST /api/v1/projects HTTP/1.1" 201 Created
backend-1  | 2026-10-01T09:58:01.794062063Z {"timestamp": "2026-10-01T09:58:01.793883+00:00", "level": "INFO", "logger": "app.main", "event": "request_completed", "request_id": "79600c10-d73c-4c65-83a9-688e50d51c6a", "job_id": null, "user_id": null, "project_id": null, "stage": null, "status": 201, "error": null, "duration_ms": 8}
backend-1  | 2026-10-01T09:58:01.794095618Z INFO:     172.19.0.7:33036 - "POST /api/v1/projects/5c1b2031-5abb-47b6-891c-b3ff03b3f283/chapters HTTP/1.1" 201 Created
backend-1  | 2026-10-01T09:58:02.120170501Z {"timestamp": "2026-10-01T09:58:02.119997+00:00", "level": "INFO", "logger": "app.main", "event": "request_completed", "request_id": "69bc5362-33b4-4e42-b7c8-b01b8abc0e92", "job_id": null, "user_id": null, "project_id": null, "stage": null, "status": 200, "error": null, "duration_ms": 225}
backend-1  | 2026-10-01T09:58:02.120258740Z INFO:     172.19.0.7:33036 - "POST /api/v1/chapters/04fc6c9f-5abf-4ccc-814c-4f1582ba3f16/upload HTTP/1.1" 200 OK
backend-1  | 2026-10-01T10:08:19.723475727Z {"timestamp": "2026-10-01T10:08:19.723224+00:00", "level": "INFO", "logger": "app.main", "event": "request_completed", "request_id": "ee52f0cd-864c-4bab-b214-017ebe0c2afa", "job_id": null, "user_id": null, "project_id": null, "stage": null, "status": 200, "error": null, "duration_ms": 69}
backend-1  | 2026-10-01T10:08:19.723538908Z INFO:     172.19.0.7:58358 - "POST /api/v1/chapters/04fc6c9f-5abf-4ccc-814c-4f1582ba3f16/processing-retry HTTP/1.1" 200 OK
worker-1   | 2026-10-01T09:57:47.391908957Z  
worker-1   | 2026-10-01T09:57:47.391943681Z  -------------- celery@5358ed276658 v5.6.3 (recovery)
worker-1   | 2026-10-01T09:57:47.391946569Z --- ***** ----- 
worker-1   | 2026-10-01T09:57:47.391947977Z -- ******* ---- Linux-6.18.40.1-microsoft-standard-WSL2-x86_64-with-glibc2.36 2026-10-01 09:57:47
worker-1   | 2026-10-01T09:57:47.391949299Z - *** --- * --- 
worker-1   | 2026-10-01T09:57:47.391951123Z - ** ---------- [config]
worker-1   | 2026-10-01T09:57:47.391952614Z - ** ---------- .> app:         recap:0x72436c2db5f0
worker-1   | 2026-10-01T09:57:47.391954393Z - ** ---------- .> transport:   redis://redis:6379/0
worker-1   | 2026-10-01T09:57:47.391955815Z - ** ---------- .> results:     disabled://
worker-1   | 2026-10-01T09:57:47.391957061Z - *** --- * --- .> concurrency: 2 (prefork)
worker-1   | 2026-10-01T09:57:47.391958397Z -- ******* ---- .> task events: OFF (enable -E to monitor tasks in this worker)
worker-1   | 2026-10-01T09:57:47.391959806Z --- ***** ----- 
worker-1   | 2026-10-01T09:57:47.391961117Z  -------------- [queues]
worker-1   | 2026-10-01T09:57:47.391962457Z                 .> system           exchange=system(direct) key=system
worker-1   | 2026-10-01T09:57:47.391964044Z                 
worker-1   | 2026-10-01T09:57:47.391965392Z 
worker-1   | 2026-10-01T09:57:47.391966723Z [tasks]
worker-1   | 2026-10-01T09:57:47.391968036Z   . ingestion.process
worker-1   | 2026-10-01T09:57:47.391969214Z   . system.heartbeat
worker-1   | 2026-10-01T09:57:47.391970522Z 
worker-1   | 2026-10-01T09:57:47.462745835Z {"timestamp": "2026-10-01T09:57:47.462420+00:00", "level": "INFO", "logger": "celery.worker.consumer.connection", "event": "Connected to redis://redis:6379/0", "request_id": null, "job_id": null, "user_id": null, "project_id": null, "stage": null, "status": null, "error": null, "duration_ms": null}
worker-1   | 2026-10-01T09:57:47.464291820Z {"timestamp": "2026-10-01T09:57:47.464146+00:00", "level": "INFO", "logger": "celery.worker.consumer.mingle", "event": "mingle: searching for neighbors", "request_id": null, "job_id": null, "user_id": null, "project_id": null, "stage": null, "status": null, "error": null, "duration_ms": null}
worker-1   | 2026-10-01T09:57:48.471718612Z {"timestamp": "2026-10-01T09:57:48.471534+00:00", "level": "INFO", "logger": "celery.worker.consumer.mingle", "event": "mingle: all alone", "request_id": null, "job_id": null, "user_id": null, "project_id": null, "stage": null, "status": null, "error": null, "duration_ms": null}
worker-1   | 2026-10-01T09:57:48.478909713Z {"timestamp": "2026-10-01T09:57:48.478783+00:00", "level": "INFO", "logger": "celery.apps.worker", "event": "celery@5358ed276658 ready.", "request_id": null, "job_id": null, "user_id": null, "project_id": null, "stage": null, "status": null, "error": null, "duration_ms": null}
worker-1   | 2026-10-01T09:58:02.117899763Z {"timestamp": "2026-10-01T09:58:02.117509+00:00", "level": "INFO", "logger": "celery.worker.strategy", "event": "Task ingestion.process[fe5b2c46-1820-48ca-a9c0-71b5e9143cfb] received", "request_id": null, "job_id": null, "user_id": null, "project_id": null, "stage": null, "status": null, "error": null, "duration_ms": null}
worker-1   | 2026-10-01T10:08:06.069949607Z  
worker-1   | 2026-10-01T10:08:06.069979964Z  -------------- celery@5358ed276658 v5.6.3 (recovery)
worker-1   | 2026-10-01T10:08:06.069981614Z --- ***** ----- 
worker-1   | 2026-10-01T10:08:06.069982685Z -- ******* ---- Linux-6.18.40.1-microsoft-standard-WSL2-x86_64-with-glibc2.36 2026-10-01 10:08:06
worker-1   | 2026-10-01T10:08:06.069983643Z - *** --- * --- 
worker-1   | 2026-10-01T10:08:06.069984462Z - ** ---------- [config]
worker-1   | 2026-10-01T10:08:06.069985301Z - ** ---------- .> app:         recap:0x73c156ca5520
worker-1   | 2026-10-01T10:08:06.069986867Z - ** ---------- .> transport:   redis://redis:6379/0
worker-1   | 2026-10-01T10:08:06.069987727Z - ** ---------- .> results:     disabled://
worker-1   | 2026-10-01T10:08:06.069988602Z - *** --- * --- .> concurrency: 2 (prefork)
worker-1   | 2026-10-01T10:08:06.069989473Z -- ******* ---- .> task events: OFF (enable -E to monitor tasks in this worker)
worker-1   | 2026-10-01T10:08:06.069990405Z --- ***** ----- 
worker-1   | 2026-10-01T10:08:06.069991178Z  -------------- [queues]
worker-1   | 2026-10-01T10:08:06.069992001Z                 .> system           exchange=system(direct) key=system
worker-1   | 2026-10-01T10:08:06.069992874Z                 
worker-1   | 2026-10-01T10:08:06.069993638Z 
worker-1   | 2026-10-01T10:08:06.069994402Z [tasks]
worker-1   | 2026-10-01T10:08:06.069995181Z   . ingestion.process
worker-1   | 2026-10-01T10:08:06.069996093Z   . system.heartbeat
worker-1   | 2026-10-01T10:08:06.069996888Z 
worker-1   | 2026-10-01T10:08:06.154694612Z {"timestamp": "2026-10-01T10:08:06.154443+00:00", "level": "INFO", "logger": "celery.worker.consumer.connection", "event": "Connected to redis://redis:6379/0", "request_id": null, "job_id": null, "user_id": null, "project_id": null, "stage": null, "status": null, "error": null, "duration_ms": null}
worker-1   | 2026-10-01T10:08:06.157401488Z {"timestamp": "2026-10-01T10:08:06.157145+00:00", "level": "INFO", "logger": "celery.worker.consumer.mingle", "event": "mingle: searching for neighbors", "request_id": null, "job_id": null, "user_id": null, "project_id": null, "stage": null, "status": null, "error": null, "duration_ms": null}
worker-1   | 2026-10-01T10:08:07.164943260Z {"timestamp": "2026-10-01T10:08:07.164773+00:00", "level": "INFO", "logger": "celery.worker.consumer.mingle", "event": "mingle: all alone", "request_id": null, "job_id": null, "user_id": null, "project_id": null, "stage": null, "status": null, "error": null, "duration_ms": null}
worker-1   | 2026-10-01T10:08:07.172362962Z {"timestamp": "2026-10-01T10:08:07.172206+00:00", "level": "INFO", "logger": "celery.apps.worker", "event": "celery@5358ed276658 ready.", "request_id": null, "job_id": null, "user_id": null, "project_id": null, "stage": null, "status": null, "error": null, "duration_ms": null}
worker-1   | 2026-10-01T10:08:19.724264557Z {"timestamp": "2026-10-01T10:08:19.724071+00:00", "level": "INFO", "logger": "celery.worker.strategy", "event": "Task ingestion.process[b3488e20-f410-450b-a27e-50c7c5a0782b] received", "request_id": null, "job_id": null, "user_id": null, "project_id": null, "stage": null, "status": null, "error": null, "duration_ms": null}
worker-1   | 2026-10-01T10:08:27.381748951Z {"timestamp": "2026-10-01T10:08:27.381473+00:00", "level": "INFO", "logger": "celery.app.trace", "event": "Task ingestion.process[b3488e20-f410-450b-a27e-50c7c5a0782b] succeeded in 7.6575497220001125s: None", "request_id": null, "job_id": null, "user_id": null, "project_id": null, "stage": null, "status": null, "error": null, "duration_ms": null}
worker-1   | 2026-10-01T10:08:28.507919007Z 
worker-1   | 2026-10-01T10:08:28.507939155Z worker: Warm shutdown (MainProcess)
worker-1   | 2026-10-01T10:08:31.876798041Z  
worker-1   | 2026-10-01T10:08:31.876825639Z  -------------- celery@5358ed276658 v5.6.3 (recovery)
worker-1   | 2026-10-01T10:08:31.876828582Z --- ***** ----- 
worker-1   | 2026-10-01T10:08:31.876830105Z -- ******* ---- Linux-6.18.40.1-microsoft-standard-WSL2-x86_64-with-glibc2.36 2026-10-01 10:08:31
worker-1   | 2026-10-01T10:08:31.876831551Z - *** --- * --- 
worker-1   | 2026-10-01T10:08:31.876832867Z - ** ---------- [config]
worker-1   | 2026-10-01T10:08:31.876834631Z - ** ---------- .> app:         recap:0x7037e3b63620
worker-1   | 2026-10-01T10:08:31.876838091Z - ** ---------- .> transport:   redis://redis:6379/0
worker-1   | 2026-10-01T10:08:31.876839491Z - ** ---------- .> results:     disabled://
worker-1   | 2026-10-01T10:08:31.876841010Z - *** --- * --- .> concurrency: 2 (prefork)
worker-1   | 2026-10-01T10:08:31.876842421Z -- ******* ---- .> task events: OFF (enable -E to monitor tasks in this worker)
worker-1   | 2026-10-01T10:08:31.876843702Z --- ***** ----- 
worker-1   | 2026-10-01T10:08:31.876844891Z  -------------- [queues]
worker-1   | 2026-10-01T10:08:31.876846172Z                 .> system           exchange=system(direct) key=system
worker-1   | 2026-10-01T10:08:31.876847650Z                 
worker-1   | 2026-10-01T10:08:31.876848781Z 
worker-1   | 2026-10-01T10:08:31.876850054Z [tasks]
worker-1   | 2026-10-01T10:08:31.876851372Z   . ingestion.process
worker-1   | 2026-10-01T10:08:31.876852719Z   . system.heartbeat
worker-1   | 2026-10-01T10:08:31.876854299Z 

RESTART-BACKEND
 Container diagstale-20261001t095741405509z-backend-1 Restarting 
 Container diagstale-20261001t095741405509z-backend-1 Started 

restart-backend CONTAINER STATUS
{"Command":"\"uvicorn app.main:ap…\"","CreatedAt":"2026-10-01 10:57:41 +0100 WAT","Engine":"","ExitCode":0,"Health":"","ID":"23ca3d6fbdae","Image":"recap-studio-backend:latest","Labels":"com.docker.compose.version=5.5.1,desktop.docker.io/ports.scheme=v2,com.docker.compose.depends_on=migrate:service_completed_successfully:false,storage-init:service_completed_successfully:false,redis:service_healthy:false,com.docker.compose.oneoff=False,com.docker.compose.project.config_files=D:\\projects\\manhua review\\diagnostic-stale.compose.yml,com.docker.compose.project.working_dir=D:\\projects\\manhua review,com.docker.compose.service=backend,com.docker.compose.config-hash=44a777fa728b07ed1b2c39aa142e70a1af7d5da8deff5b489e92330ce23c27e7,com.docker.compose.container-number=1,com.docker.compose.image=sha256:d6c23f78bcaa26a636285b5d86d2a14294a1aca0938fc7752a3a9f205e4ffa8a,com.docker.compose.project=diagstale-20261001t095741405509z","LocalVolumes":"0","Mounts":"","Name":"diagstale-20261001t095741405509z-backend-1","Names":"diagstale-20261001t095741405509z-backend-1","Networks":"diagstale-20261001t095741405509z_default","Ports":"8000/tcp","Project":"diagstale-20261001t095741405509z","Publishers":[{"URL":"","TargetPort":8000,"PublishedPort":0,"Protocol":"tcp"}],"RunningFor":"11 minutes ago","Service":"backend","Size":"0B","State":"running","Status":"Up Less than a second"}
{"Command":"\"alembic upgrade head\"","CreatedAt":"2026-10-01 10:57:41 +0100 WAT","Engine":"","ExitCode":0,"Health":"","ID":"0f64c2215d9f","Image":"recap-studio-backend:latest","Labels":"com.docker.compose.container-number=1,com.docker.compose.oneoff=False,com.docker.compose.project=diagstale-20261001t095741405509z,com.docker.compose.project.config_files=D:\\projects\\manhua review\\diagnostic-stale.compose.yml,com.docker.compose.project.working_dir=D:\\projects\\manhua review,com.docker.compose.service=migrate,com.docker.compose.version=5.5.1,desktop.docker.io/ports.scheme=v2,com.docker.compose.config-hash=56b8bfa2694996a85e69b04db575c4b376725028690f7a6b91e05e83acb8582e,com.docker.compose.depends_on=postgres:service_healthy:false,com.docker.compose.image=sha256:d6c23f78bcaa26a636285b5d86d2a14294a1aca0938fc7752a3a9f205e4ffa8a","LocalVolumes":"0","Mounts":"","Name":"diagstale-20261001t095741405509z-migrate-1","Names":"diagstale-20261001t095741405509z-migrate-1","Networks":"diagstale-20261001t095741405509z_default","Ports":"","Project":"diagstale-20261001t095741405509z","Publishers":[],"RunningFor":"11 minutes ago","Service":"migrate","Size":"0B","State":"exited","Status":"Exited (0) 11 minutes ago"}
{"Command":"\"docker-entrypoint.s…\"","CreatedAt":"2026-10-01 10:57:41 +0100 WAT","Engine":"","ExitCode":0,"Health":"healthy","ID":"e42a69dae76a","Image":"postgres:17.6-bookworm","Labels":"com.docker.compose.container-number=1,com.docker.compose.depends_on=,com.docker.compose.project=diagstale-20261001t095741405509z,com.docker.compose.project.config_files=D:\\projects\\manhua review\\diagnostic-stale.compose.yml,com.docker.compose.project.working_dir=D:\\projects\\manhua review,com.docker.compose.service=postgres,com.docker.compose.config-hash=a2a5d2d0879732322d67ea5b2a65f52f7181986de97c1c9fb4dd5b463e4b6438,com.docker.compose.image=sha256:45cd22f8d32e189d245403954882f88e7a8714301fda80dab6da90f1265b25a3,com.docker.compose.oneoff=False,com.docker.compose.version=5.5.1,desktop.docker.io/ports.scheme=v2","LocalVolumes":"1","Mounts":"82de933c75eeca…","Name":"diagstale-20261001t095741405509z-postgres-1","Names":"diagstale-20261001t095741405509z-postgres-1","Networks":"diagstale-20261001t095741405509z_default","Ports":"5432/tcp","Project":"diagstale-20261001t095741405509z","Publishers":[{"URL":"","TargetPort":5432,"PublishedPort":0,"Protocol":"tcp"}],"RunningFor":"11 minutes ago","Service":"postgres","Size":"0B","State":"running","Status":"Up 11 minutes (healthy)"}
{"Command":"\"python /probe.py\"","CreatedAt":"2026-10-01 10:57:46 +0100 WAT","Engine":"","ExitCode":0,"Health":"","ID":"434b50215f42","Image":"recap-studio-backend:latest","Labels":"com.docker.compose.slug=08232a3317827e375cc7570590e0bdda607182e44425cf6658eba06ccb8a3765,desktop.docker.io/binds/0/SourceKind=hostFile,desktop.docker.io/ports.scheme=v2,com.docker.compose.config-hash=d952713dc9c86a2f80e1554cd5cc316328cd4bb2a64a71b52c284630b4917e6a,com.docker.compose.depends_on=,com.docker.compose.project.working_dir=D:\\projects\\manhua review,desktop.docker.io/binds/1/Source=D:/projects/manhua review/diagnostic-stale-evidence-20261001T095741405509Z,com.docker.compose.image=sha256:d6c23f78bcaa26a636285b5d86d2a14294a1aca0938fc7752a3a9f205e4ffa8a,com.docker.compose.oneoff=True,com.docker.compose.project.config_files=D:\\projects\\manhua review\\diagnostic-stale.compose.yml,desktop.docker.io/binds/0/Target=/probe.py,desktop.docker.io/binds/1/SourceKind=hostFile,desktop.docker.io/binds/1/Target=/evidence,com.docker.compose.service=probe,com.docker.compose.version=5.5.1,desktop.docker.io/binds/0/Source=D:\\projects\\manhua review\\diagnostic_stale_probe.py,com.docker.compose.project=diagstale-20261001t095741405509z","LocalVolumes":"0","Mounts":"/run/desktop/m…,/run/desktop/m…","Name":"diagstale-20261001t095741405509z-probe","Names":"diagstale-20261001t095741405509z-probe","Networks":"diagstale-20261001t095741405509z_default","Ports":"8000/tcp","Project":"diagstale-20261001t095741405509z","Publishers":[{"URL":"","TargetPort":8000,"PublishedPort":0,"Protocol":"tcp"}],"RunningFor":"11 minutes ago","Service":"probe","Size":"0B","State":"running","Status":"Up 11 minutes"}
{"Command":"\"docker-entrypoint.s…\"","CreatedAt":"2026-10-01 10:57:41 +0100 WAT","Engine":"","ExitCode":0,"Health":"healthy","ID":"558701965f8b","Image":"redis:7.4.5-bookworm","Labels":"com.docker.compose.config-hash=b1a179c6673332468d0bf54222a913248efcf391001689aef8fe0917c8f20312,com.docker.compose.image=sha256:e3c80ea4c9c583621a7ba3a148d825b9d05b0b39793912fff5af315369e73344,com.docker.compose.oneoff=False,com.docker.compose.project=diagstale-20261001t095741405509z,com.docker.compose.service=redis,com.docker.compose.version=5.5.1,com.docker.compose.container-number=1,com.docker.compose.depends_on=,com.docker.compose.project.config_files=D:\\projects\\manhua review\\diagnostic-stale.compose.yml,com.docker.compose.project.working_dir=D:\\projects\\manhua review,desktop.docker.io/ports.scheme=v2","LocalVolumes":"1","Mounts":"bda169eb12fe55…","Name":"diagstale-20261001t095741405509z-redis-1","Names":"diagstale-20261001t095741405509z-redis-1","Networks":"diagstale-20261001t095741405509z_default","Ports":"6379/tcp","Project":"diagstale-20261001t095741405509z","Publishers":[{"URL":"","TargetPort":6379,"PublishedPort":0,"Protocol":"tcp"}],"RunningFor":"11 minutes ago","Service":"redis","Size":"0B","State":"running","Status":"Up 11 minutes (healthy)"}
{"Command":"\"/usr/bin/docker-ent…\"","CreatedAt":"2026-10-01 10:57:41 +0100 WAT","Engine":"","ExitCode":0,"Health":"healthy","ID":"e59513711f53","Image":"quay.io/minio/aistor/minio:RELEASE.2026-09-19T17-05-25Z@sha256:107cf2014a9583c74c11e3cdbd6903d89c2244355886b89ce532f4ecae9c23f3","Labels":"release=RELEASE.2026-09-19T17-05-25Z,com.docker.compose.service=storage,vcs-type=git,distribution-scope=public,org.opencontainers.image.revision=b3f01943b83e7975e01233fc613cb5f0941b57d1,vcs-ref=b3f01943b83e7975e01233fc613cb5f0941b57d1,io.buildah.version=1.44.0,summary=MinIO is a High Performance Object Storage, API compatible with Amazon S3 cloud storage service.,vendor=MinIO Inc \u003cdev@min.io\u003e,com.docker.compose.config-hash=caf4703d7c6c695ea4682be31ed4fe99ccee05fc626540a5d054573144763e6e,com.docker.compose.depends_on=,com.docker.compose.image=sha256:a94e1fe399bd050fe6d6148839597a4995350c0e62c9e83f0cec8b5630ed0a1e,org.opencontainers.image.source=https://github.com/miniohq/aistor,architecture=x86_64,com.docker.compose.project=diagstale-20261001t095741405509z,com.docker.compose.version=5.5.1,com.redhat.component=ubi9-micro-container,desktop.docker.io/mounts/0/SourceKind=hostFile,desktop.docker.io/mounts/0/Target=/run/secrets/minio.license,io.openshift.expose-services=,url=https://catalog.redhat.com/en/search?searchType=containers,com.docker.compose.project.config_files=D:\\projects\\manhua review\\diagnostic-stale.compose.yml,com.docker.compose.project.working_dir=D:\\projects\\manhua review,description=MinIO object storage is fundamentally different. Designed for performance and the S3 API, it is 100% open-source. MinIO is ideal for large, private cloud environments with stringent security requirements and delivers mission-critical availability across a diverse range of workloads.,maintainer=MinIO Inc \u003cdev@min.io\u003e,version=RELEASE.2026-09-19T17-05-25Z,build-date=2026-09-14T00:32:05Z,com.docker.compose.oneoff=False,cpe=cpe:/a:redhat:enterprise_linux:9::appstream,desktop.docker.io/mounts/0/Source=C:/Users/MSC/Downloads/minio.license,io.k8s.display-name=Red Hat Universal Base Image 9 Micro,org.opencontainers.image.created=2026-09-14T00:32:05Z,com.docker.compose.container-number=1,com.redhat.license_terms=https://www.redhat.com/en/about/red-hat-end-user-license-agreements#UBI,desktop.docker.io/ports.scheme=v2,io.k8s.description=Very small image which doesn't install the package manager.,name=MinIO","LocalVolumes":"1","Mounts":"b206330431fae7…,/run/desktop/m…","Name":"diagstale-20261001t095741405509z-storage-1","Names":"diagstale-20261001t095741405509z-storage-1","Networks":"diagstale-20261001t095741405509z_default","Ports":"9000/tcp","Project":"diagstale-20261001t095741405509z","Publishers":[{"URL":"","TargetPort":9000,"PublishedPort":0,"Protocol":"tcp"}],"RunningFor":"11 minutes ago","Service":"storage","Size":"0B","State":"running","Status":"Up 11 minutes (healthy)"}
{"Command":"\"python -c 'import o…\"","CreatedAt":"2026-10-01 10:57:41 +0100 WAT","Engine":"","ExitCode":0,"Health":"","ID":"3b4d78ba508f","Image":"recap-studio-backend:latest","Labels":"com.docker.compose.config-hash=4d1c7a794669f9ea6f3e8b601ef2d4b781630a2bc4935f6a058cb6e062558c4f,com.docker.compose.depends_on=storage:service_healthy:false,com.docker.compose.oneoff=False,com.docker.compose.project=diagstale-20261001t095741405509z,com.docker.compose.project.working_dir=D:\\projects\\manhua review,com.docker.compose.service=storage-init,com.docker.compose.container-number=1,com.docker.compose.image=sha256:d6c23f78bcaa26a636285b5d86d2a14294a1aca0938fc7752a3a9f205e4ffa8a,com.docker.compose.project.config_files=D:\\projects\\manhua review\\diagnostic-stale.compose.yml,com.docker.compose.version=5.5.1,desktop.docker.io/ports.scheme=v2","LocalVolumes":"0","Mounts":"","Name":"diagstale-20261001t095741405509z-storage-init-1","Names":"diagstale-20261001t095741405509z-storage-init-1","Networks":"diagstale-20261001t095741405509z_default","Ports":"","Project":"diagstale-20261001t095741405509z","Publishers":[],"RunningFor":"11 minutes ago","Service":"storage-init","Size":"0B","State":"exited","Status":"Exited (0) 11 minutes ago"}
{"Command":"\"celery -A app.worke…\"","CreatedAt":"2026-10-01 10:57:41 +0100 WAT","Engine":"","ExitCode":0,"Health":"","ID":"5358ed276658","Image":"recap-studio-worker:latest","Labels":"com.docker.compose.project=diagstale-20261001t095741405509z,com.docker.compose.service=worker,com.docker.compose.config-hash=a459cec9a0189b7b63c974adf5d4fbc07e5f9a79d42b3173a7ef36654d0122b9,com.docker.compose.image=sha256:dced672dde2b1e96b03b47cce1ef992d13eb93ffbd78579a8c390b3e6c4da196,com.docker.compose.oneoff=False,com.docker.compose.project.config_files=D:\\projects\\manhua review\\diagnostic-stale.compose.yml,com.docker.compose.project.working_dir=D:\\projects\\manhua review,com.docker.compose.version=5.5.1,desktop.docker.io/ports.scheme=v2,com.docker.compose.container-number=1,com.docker.compose.depends_on=storage-init:service_completed_successfully:false,redis:service_healthy:false,migrate:service_completed_successfully:false","LocalVolumes":"0","Mounts":"","Name":"diagstale-20261001t095741405509z-worker-1","Names":"diagstale-20261001t095741405509z-worker-1","Networks":"diagstale-20261001t095741405509z_default","Ports":"8000/tcp","Project":"diagstale-20261001t095741405509z","Publishers":[{"URL":"","TargetPort":8000,"PublishedPort":0,"Protocol":"tcp"}],"RunningFor":"11 minutes ago","Service":"worker","Size":"0B","State":"running","Status":"Up 20 seconds"}

restart-backend worker STATE/HEALTH
{"Status":"running","Running":true,"Paused":false,"Restarting":false,"OOMKilled":false,"Dead":false,"Pid":52016,"ExitCode":0,"Error":"","StartedAt":"2026-10-01T10:08:31.012235617Z","FinishedAt":"2026-10-01T10:08:30.869728072Z"}

restart-backend backend STATE/HEALTH
{"Status":"running","Running":true,"Paused":false,"Restarting":false,"OOMKilled":false,"Dead":false,"Pid":52932,"ExitCode":0,"Error":"","StartedAt":"2026-10-01T10:08:51.368617405Z","FinishedAt":"2026-10-01T10:08:51.226934406Z"}

restart-backend redis STATE/HEALTH
{"Status":"running","Running":true,"Paused":false,"Restarting":false,"OOMKilled":false,"Dead":false,"Pid":25170,"ExitCode":0,"Error":"","StartedAt":"2026-10-01T09:57:42.059462408Z","FinishedAt":"0001-01-01T00:00:00Z","Health":{"Status":"healthy","FailingStreak":0,"Log":[{"Start":"2026-10-01T10:08:42.943861608Z","End":"2026-10-01T10:08:42.984351528Z","ExitCode":0,"Output":"PONG\n"},{"Start":"2026-10-01T10:08:44.985672913Z","End":"2026-10-01T10:08:45.019129913Z","ExitCode":0,"Output":"PONG\n"},{"Start":"2026-10-01T10:08:47.020115666Z","End":"2026-10-01T10:08:47.059359801Z","ExitCode":0,"Output":"PONG\n"},{"Start":"2026-10-01T10:08:49.059917906Z","End":"2026-10-01T10:08:49.093827186Z","ExitCode":0,"Output":"PONG\n"},{"Start":"2026-10-01T10:08:51.094765365Z","End":"2026-10-01T10:08:51.122458171Z","ExitCode":0,"Output":"PONG\n"}]}}

restart-backend LOGS
worker-1  | 2026-10-01T09:57:47.391908957Z  
worker-1  | 2026-10-01T09:57:47.391943681Z  -------------- celery@5358ed276658 v5.6.3 (recovery)
redis-1   | 2026-10-01T09:57:42.157818562Z 1:C 01 Oct 2026 09:57:42.157 * oO0OoO0OoO0Oo Redis is starting oO0OoO0OoO0Oo
worker-1  | 2026-10-01T09:57:47.391946569Z --- ***** ----- 
worker-1  | 2026-10-01T09:57:47.391947977Z -- ******* ---- Linux-6.18.40.1-microsoft-standard-WSL2-x86_64-with-glibc2.36 2026-10-01 09:57:47
worker-1  | 2026-10-01T09:57:47.391949299Z - *** --- * --- 
redis-1   | 2026-10-01T09:57:42.157855251Z 1:C 01 Oct 2026 09:57:42.157 * Redis version=7.4.5, bits=64, commit=00000000, modified=0, pid=1, just started
worker-1  | 2026-10-01T09:57:47.391951123Z - ** ---------- [config]
worker-1  | 2026-10-01T09:57:47.391952614Z - ** ---------- .> app:         recap:0x72436c2db5f0
worker-1  | 2026-10-01T09:57:47.391954393Z - ** ---------- .> transport:   redis://redis:6379/0
worker-1  | 2026-10-01T09:57:47.391955815Z - ** ---------- .> results:     disabled://
worker-1  | 2026-10-01T09:57:47.391957061Z - *** --- * --- .> concurrency: 2 (prefork)
worker-1  | 2026-10-01T09:57:47.391958397Z -- ******* ---- .> task events: OFF (enable -E to monitor tasks in this worker)
redis-1   | 2026-10-01T09:57:42.157858502Z 1:C 01 Oct 2026 09:57:42.157 # Warning: no config file specified, using the default config. In order to specify a config file use redis-server /path/to/redis.conf
worker-1  | 2026-10-01T09:57:47.391959806Z --- ***** ----- 
worker-1  | 2026-10-01T09:57:47.391961117Z  -------------- [queues]
redis-1   | 2026-10-01T09:57:42.158206326Z 1:M 01 Oct 2026 09:57:42.158 * monotonic clock: POSIX clock_gettime
worker-1  | 2026-10-01T09:57:47.391962457Z                 .> system           exchange=system(direct) key=system
redis-1   | 2026-10-01T09:57:42.158903782Z 1:M 01 Oct 2026 09:57:42.158 * Running mode=standalone, port=6379.
worker-1  | 2026-10-01T09:57:47.391964044Z                 
worker-1  | 2026-10-01T09:57:47.391965392Z 
worker-1  | 2026-10-01T09:57:47.391966723Z [tasks]
worker-1  | 2026-10-01T09:57:47.391968036Z   . ingestion.process
worker-1  | 2026-10-01T09:57:47.391969214Z   . system.heartbeat
worker-1  | 2026-10-01T09:57:47.391970522Z 
worker-1  | 2026-10-01T09:57:47.462745835Z {"timestamp": "2026-10-01T09:57:47.462420+00:00", "level": "INFO", "logger": "celery.worker.consumer.connection", "event": "Connected to redis://redis:6379/0", "request_id": null, "job_id": null, "user_id": null, "project_id": null, "stage": null, "status": null, "error": null, "duration_ms": null}
worker-1  | 2026-10-01T09:57:47.464291820Z {"timestamp": "2026-10-01T09:57:47.464146+00:00", "level": "INFO", "logger": "celery.worker.consumer.mingle", "event": "mingle: searching for neighbors", "request_id": null, "job_id": null, "user_id": null, "project_id": null, "stage": null, "status": null, "error": null, "duration_ms": null}
worker-1  | 2026-10-01T09:57:48.471718612Z {"timestamp": "2026-10-01T09:57:48.471534+00:00", "level": "INFO", "logger": "celery.worker.consumer.mingle", "event": "mingle: all alone", "request_id": null, "job_id": null, "user_id": null, "project_id": null, "stage": null, "status": null, "error": null, "duration_ms": null}
worker-1  | 2026-10-01T09:57:48.478909713Z {"timestamp": "2026-10-01T09:57:48.478783+00:00", "level": "INFO", "logger": "celery.apps.worker", "event": "celery@5358ed276658 ready.", "request_id": null, "job_id": null, "user_id": null, "project_id": null, "stage": null, "status": null, "error": null, "duration_ms": null}
worker-1  | 2026-10-01T09:58:02.117899763Z {"timestamp": "2026-10-01T09:58:02.117509+00:00", "level": "INFO", "logger": "celery.worker.strategy", "event": "Task ingestion.process[fe5b2c46-1820-48ca-a9c0-71b5e9143cfb] received", "request_id": null, "job_id": null, "user_id": null, "project_id": null, "stage": null, "status": null, "error": null, "duration_ms": null}
worker-1  | 2026-10-01T10:08:06.069949607Z  
worker-1  | 2026-10-01T10:08:06.069979964Z  -------------- celery@5358ed276658 v5.6.3 (recovery)
worker-1  | 2026-10-01T10:08:06.069981614Z --- ***** ----- 
worker-1  | 2026-10-01T10:08:06.069982685Z -- ******* ---- Linux-6.18.40.1-microsoft-standard-WSL2-x86_64-with-glibc2.36 2026-10-01 10:08:06
worker-1  | 2026-10-01T10:08:06.069983643Z - *** --- * --- 
worker-1  | 2026-10-01T10:08:06.069984462Z - ** ---------- [config]
worker-1  | 2026-10-01T10:08:06.069985301Z - ** ---------- .> app:         recap:0x73c156ca5520
worker-1  | 2026-10-01T10:08:06.069986867Z - ** ---------- .> transport:   redis://redis:6379/0
worker-1  | 2026-10-01T10:08:06.069987727Z - ** ---------- .> results:     disabled://
redis-1   | 2026-10-01T09:57:42.159238744Z 1:M 01 Oct 2026 09:57:42.159 * Server initialized
redis-1   | 2026-10-01T09:57:42.159246967Z 1:M 01 Oct 2026 09:57:42.159 * Ready to accept connections tcp
worker-1  | 2026-10-01T10:08:06.069988602Z - *** --- * --- .> concurrency: 2 (prefork)
worker-1  | 2026-10-01T10:08:06.069989473Z -- ******* ---- .> task events: OFF (enable -E to monitor tasks in this worker)
worker-1  | 2026-10-01T10:08:06.069990405Z --- ***** ----- 
worker-1  | 2026-10-01T10:08:06.069991178Z  -------------- [queues]
worker-1  | 2026-10-01T10:08:06.069992001Z                 .> system           exchange=system(direct) key=system
worker-1  | 2026-10-01T10:08:06.069992874Z                 
worker-1  | 2026-10-01T10:08:06.069993638Z 
worker-1  | 2026-10-01T10:08:06.069994402Z [tasks]
worker-1  | 2026-10-01T10:08:06.069995181Z   . ingestion.process
worker-1  | 2026-10-01T10:08:06.069996093Z   . system.heartbeat
worker-1  | 2026-10-01T10:08:06.069996888Z 
worker-1  | 2026-10-01T10:08:06.154694612Z {"timestamp": "2026-10-01T10:08:06.154443+00:00", "level": "INFO", "logger": "celery.worker.consumer.connection", "event": "Connected to redis://redis:6379/0", "request_id": null, "job_id": null, "user_id": null, "project_id": null, "stage": null, "status": null, "error": null, "duration_ms": null}
worker-1  | 2026-10-01T10:08:06.157401488Z {"timestamp": "2026-10-01T10:08:06.157145+00:00", "level": "INFO", "logger": "celery.worker.consumer.mingle", "event": "mingle: searching for neighbors", "request_id": null, "job_id": null, "user_id": null, "project_id": null, "stage": null, "status": null, "error": null, "duration_ms": null}
worker-1  | 2026-10-01T10:08:07.164943260Z {"timestamp": "2026-10-01T10:08:07.164773+00:00", "level": "INFO", "logger": "celery.worker.consumer.mingle", "event": "mingle: all alone", "request_id": null, "job_id": null, "user_id": null, "project_id": null, "stage": null, "status": null, "error": null, "duration_ms": null}
worker-1  | 2026-10-01T10:08:07.172362962Z {"timestamp": "2026-10-01T10:08:07.172206+00:00", "level": "INFO", "logger": "celery.apps.worker", "event": "celery@5358ed276658 ready.", "request_id": null, "job_id": null, "user_id": null, "project_id": null, "stage": null, "status": null, "error": null, "duration_ms": null}
worker-1  | 2026-10-01T10:08:19.724264557Z {"timestamp": "2026-10-01T10:08:19.724071+00:00", "level": "INFO", "logger": "celery.worker.strategy", "event": "Task ingestion.process[b3488e20-f410-450b-a27e-50c7c5a0782b] received", "request_id": null, "job_id": null, "user_id": null, "project_id": null, "stage": null, "status": null, "error": null, "duration_ms": null}
worker-1  | 2026-10-01T10:08:27.381748951Z {"timestamp": "2026-10-01T10:08:27.381473+00:00", "level": "INFO", "logger": "celery.app.trace", "event": "Task ingestion.process[b3488e20-f410-450b-a27e-50c7c5a0782b] succeeded in 7.6575497220001125s: None", "request_id": null, "job_id": null, "user_id": null, "project_id": null, "stage": null, "status": null, "error": null, "duration_ms": null}
worker-1  | 2026-10-01T10:08:28.507919007Z 
worker-1  | 2026-10-01T10:08:28.507939155Z worker: Warm shutdown (MainProcess)
worker-1  | 2026-10-01T10:08:31.876798041Z  
worker-1  | 2026-10-01T10:08:31.876825639Z  -------------- celery@5358ed276658 v5.6.3 (recovery)
worker-1  | 2026-10-01T10:08:31.876828582Z --- ***** ----- 
worker-1  | 2026-10-01T10:08:31.876830105Z -- ******* ---- Linux-6.18.40.1-microsoft-standard-WSL2-x86_64-with-glibc2.36 2026-10-01 10:08:31
worker-1  | 2026-10-01T10:08:31.876831551Z - *** --- * --- 
worker-1  | 2026-10-01T10:08:31.876832867Z - ** ---------- [config]
worker-1  | 2026-10-01T10:08:31.876834631Z - ** ---------- .> app:         recap:0x7037e3b63620
worker-1  | 2026-10-01T10:08:31.876838091Z - ** ---------- .> transport:   redis://redis:6379/0
worker-1  | 2026-10-01T10:08:31.876839491Z - ** ---------- .> results:     disabled://
worker-1  | 2026-10-01T10:08:31.876841010Z - *** --- * --- .> concurrency: 2 (prefork)
worker-1  | 2026-10-01T10:08:31.876842421Z -- ******* ---- .> task events: OFF (enable -E to monitor tasks in this worker)
worker-1  | 2026-10-01T10:08:31.876843702Z --- ***** ----- 
worker-1  | 2026-10-01T10:08:31.876844891Z  -------------- [queues]
worker-1  | 2026-10-01T10:08:31.876846172Z                 .> system           exchange=system(direct) key=system
worker-1  | 2026-10-01T10:08:31.876847650Z                 
worker-1  | 2026-10-01T10:08:31.876848781Z 
worker-1  | 2026-10-01T10:08:31.876850054Z [tasks]
worker-1  | 2026-10-01T10:08:31.876851372Z   . ingestion.process
worker-1  | 2026-10-01T10:08:31.876852719Z   . system.heartbeat
worker-1  | 2026-10-01T10:08:31.876854299Z 
worker-1  | 2026-10-01T10:08:31.965674494Z {"timestamp": "2026-10-01T10:08:31.965421+00:00", "level": "INFO", "logger": "celery.worker.consumer.connection", "event": "Connected to redis://redis:6379/0", "request_id": null, "job_id": null, "user_id": null, "project_id": null, "stage": null, "status": null, "error": null, "duration_ms": null}
worker-1  | 2026-10-01T10:08:31.968890217Z {"timestamp": "2026-10-01T10:08:31.968728+00:00", "level": "INFO", "logger": "celery.worker.consumer.mingle", "event": "mingle: searching for neighbors", "request_id": null, "job_id": null, "user_id": null, "project_id": null, "stage": null, "status": null, "error": null, "duration_ms": null}
worker-1  | 2026-10-01T10:08:32.977488215Z {"timestamp": "2026-10-01T10:08:32.977119+00:00", "level": "INFO", "logger": "celery.worker.consumer.mingle", "event": "mingle: all alone", "request_id": null, "job_id": null, "user_id": null, "project_id": null, "stage": null, "status": null, "error": null, "duration_ms": null}
worker-1  | 2026-10-01T10:08:32.984845188Z {"timestamp": "2026-10-01T10:08:32.984679+00:00", "level": "INFO", "logger": "celery.apps.worker", "event": "celery@5358ed276658 ready.", "request_id": null, "job_id": null, "user_id": null, "project_id": null, "stage": null, "status": null, "error": null, "duration_ms": null}
backend-1  | 2026-10-01T09:57:48.172952312Z INFO:     Started server process [1]
backend-1  | 2026-10-01T09:57:48.172995803Z INFO:     Waiting for application startup.
backend-1  | 2026-10-01T09:57:48.175391916Z INFO:     Application startup complete.
backend-1  | 2026-10-01T09:57:48.175628546Z INFO:     Uvicorn running on http://0.0.0.0:8000 (Press CTRL+C to quit)
backend-1  | 2026-10-01T09:57:48.399877007Z INFO:     172.19.0.7:40130 - "GET /health/live HTTP/1.1" 200 OK
backend-1  | 2026-10-01T09:57:48.399900549Z {"timestamp": "2026-10-01T09:57:48.399575+00:00", "level": "INFO", "logger": "app.main", "event": "request_completed", "request_id": "164aeae3-541b-48ef-b096-3a838277f582", "job_id": null, "user_id": null, "project_id": null, "stage": null, "status": 200, "error": null, "duration_ms": 29}
backend-1  | 2026-10-01T09:58:01.764648170Z {"timestamp": "2026-10-01T09:58:01.764460+00:00", "level": "INFO", "logger": "app.main", "event": "request_completed", "request_id": "b083964f-bfe7-434b-bd0f-1fb8200a8697", "job_id": null, "user_id": null, "project_id": null, "stage": null, "status": 201, "error": null, "duration_ms": 100}
backend-1  | 2026-10-01T09:58:01.764674789Z INFO:     172.19.0.7:33036 - "POST /api/v1/auth/register HTTP/1.1" 201 Created
backend-1  | 2026-10-01T09:58:01.780702990Z {"timestamp": "2026-10-01T09:58:01.780535+00:00", "level": "INFO", "logger": "app.main", "event": "request_completed", "request_id": "7ce9d665-3235-4865-adc0-40c68aa85820", "job_id": null, "user_id": null, "project_id": null, "stage": null, "status": 201, "error": null, "duration_ms": 10}
backend-1  | 2026-10-01T09:58:01.780756880Z INFO:     172.19.0.7:33036 - "POST /api/v1/projects HTTP/1.1" 201 Created
backend-1  | 2026-10-01T09:58:01.794062063Z {"timestamp": "2026-10-01T09:58:01.793883+00:00", "level": "INFO", "logger": "app.main", "event": "request_completed", "request_id": "79600c10-d73c-4c65-83a9-688e50d51c6a", "job_id": null, "user_id": null, "project_id": null, "stage": null, "status": 201, "error": null, "duration_ms": 8}
backend-1  | 2026-10-01T09:58:01.794095618Z INFO:     172.19.0.7:33036 - "POST /api/v1/projects/5c1b2031-5abb-47b6-891c-b3ff03b3f283/chapters HTTP/1.1" 201 Created
backend-1  | 2026-10-01T09:58:02.120170501Z {"timestamp": "2026-10-01T09:58:02.119997+00:00", "level": "INFO", "logger": "app.main", "event": "request_completed", "request_id": "69bc5362-33b4-4e42-b7c8-b01b8abc0e92", "job_id": null, "user_id": null, "project_id": null, "stage": null, "status": 200, "error": null, "duration_ms": 225}
backend-1  | 2026-10-01T09:58:02.120258740Z INFO:     172.19.0.7:33036 - "POST /api/v1/chapters/04fc6c9f-5abf-4ccc-814c-4f1582ba3f16/upload HTTP/1.1" 200 OK
backend-1  | 2026-10-01T10:08:19.723475727Z {"timestamp": "2026-10-01T10:08:19.723224+00:00", "level": "INFO", "logger": "app.main", "event": "request_completed", "request_id": "ee52f0cd-864c-4bab-b214-017ebe0c2afa", "job_id": null, "user_id": null, "project_id": null, "stage": null, "status": 200, "error": null, "duration_ms": 69}
backend-1  | 2026-10-01T10:08:19.723538908Z INFO:     172.19.0.7:58358 - "POST /api/v1/chapters/04fc6c9f-5abf-4ccc-814c-4f1582ba3f16/processing-retry HTTP/1.1" 200 OK
backend-1  | 2026-10-01T10:08:32.003797702Z {"timestamp": "2026-10-01T10:08:32.003621+00:00", "level": "INFO", "logger": "app.main", "event": "request_completed", "request_id": "260ad1a8-55e9-44af-9f45-612087f2fad7", "job_id": null, "user_id": null, "project_id": null, "stage": null, "status": 200, "error": null, "duration_ms": 0}
backend-1  | 2026-10-01T10:08:32.003833077Z INFO:     172.19.0.7:45738 - "GET /health/live HTTP/1.1" 200 OK
backend-1  | 2026-10-01T10:08:50.831533911Z INFO:     Shutting down
backend-1  | 2026-10-01T10:08:50.932122245Z INFO:     Waiting for application shutdown.
backend-1  | 2026-10-01T10:08:50.932887837Z INFO:     Application shutdown complete.
backend-1  | 2026-10-01T10:08:50.933203176Z INFO:     Finished server process [1]

RESTART-REDIS
 Container diagstale-20261001t095741405509z-redis-1 Restarting 
 Container diagstale-20261001t095741405509z-redis-1 Started 

restart-redis CONTAINER STATUS
{"Command":"\"uvicorn app.main:ap…\"","CreatedAt":"2026-10-01 10:57:41 +0100 WAT","Engine":"","ExitCode":0,"Health":"","ID":"23ca3d6fbdae","Image":"recap-studio-backend:latest","Labels":"com.docker.compose.version=5.5.1,desktop.docker.io/ports.scheme=v2,com.docker.compose.config-hash=44a777fa728b07ed1b2c39aa142e70a1af7d5da8deff5b489e92330ce23c27e7,com.docker.compose.container-number=1,com.docker.compose.depends_on=migrate:service_completed_successfully:false,storage-init:service_completed_successfully:false,redis:service_healthy:false,com.docker.compose.image=sha256:d6c23f78bcaa26a636285b5d86d2a14294a1aca0938fc7752a3a9f205e4ffa8a,com.docker.compose.oneoff=False,com.docker.compose.project.config_files=D:\\projects\\manhua review\\diagnostic-stale.compose.yml,com.docker.compose.project=diagstale-20261001t095741405509z,com.docker.compose.project.working_dir=D:\\projects\\manhua review,com.docker.compose.service=backend","LocalVolumes":"0","Mounts":"","Name":"diagstale-20261001t095741405509z-backend-1","Names":"diagstale-20261001t095741405509z-backend-1","Networks":"diagstale-20261001t095741405509z_default","Ports":"8000/tcp","Project":"diagstale-20261001t095741405509z","Publishers":[{"URL":"","TargetPort":8000,"PublishedPort":0,"Protocol":"tcp"}],"RunningFor":"11 minutes ago","Service":"backend","Size":"0B","State":"running","Status":"Up 17 seconds"}
{"Command":"\"alembic upgrade head\"","CreatedAt":"2026-10-01 10:57:41 +0100 WAT","Engine":"","ExitCode":0,"Health":"","ID":"0f64c2215d9f","Image":"recap-studio-backend:latest","Labels":"com.docker.compose.config-hash=56b8bfa2694996a85e69b04db575c4b376725028690f7a6b91e05e83acb8582e,com.docker.compose.container-number=1,com.docker.compose.project.config_files=D:\\projects\\manhua review\\diagnostic-stale.compose.yml,com.docker.compose.project.working_dir=D:\\projects\\manhua review,com.docker.compose.version=5.5.1,com.docker.compose.depends_on=postgres:service_healthy:false,com.docker.compose.image=sha256:d6c23f78bcaa26a636285b5d86d2a14294a1aca0938fc7752a3a9f205e4ffa8a,com.docker.compose.oneoff=False,com.docker.compose.project=diagstale-20261001t095741405509z,com.docker.compose.service=migrate,desktop.docker.io/ports.scheme=v2","LocalVolumes":"0","Mounts":"","Name":"diagstale-20261001t095741405509z-migrate-1","Names":"diagstale-20261001t095741405509z-migrate-1","Networks":"diagstale-20261001t095741405509z_default","Ports":"","Project":"diagstale-20261001t095741405509z","Publishers":[],"RunningFor":"11 minutes ago","Service":"migrate","Size":"0B","State":"exited","Status":"Exited (0) 11 minutes ago"}
{"Command":"\"docker-entrypoint.s…\"","CreatedAt":"2026-10-01 10:57:41 +0100 WAT","Engine":"","ExitCode":0,"Health":"healthy","ID":"e42a69dae76a","Image":"postgres:17.6-bookworm","Labels":"com.docker.compose.config-hash=a2a5d2d0879732322d67ea5b2a65f52f7181986de97c1c9fb4dd5b463e4b6438,com.docker.compose.depends_on=,com.docker.compose.image=sha256:45cd22f8d32e189d245403954882f88e7a8714301fda80dab6da90f1265b25a3,com.docker.compose.oneoff=False,com.docker.compose.service=postgres,com.docker.compose.version=5.5.1,desktop.docker.io/ports.scheme=v2,com.docker.compose.container-number=1,com.docker.compose.project=diagstale-20261001t095741405509z,com.docker.compose.project.config_files=D:\\projects\\manhua review\\diagnostic-stale.compose.yml,com.docker.compose.project.working_dir=D:\\projects\\manhua review","LocalVolumes":"1","Mounts":"82de933c75eeca…","Name":"diagstale-20261001t095741405509z-postgres-1","Names":"diagstale-20261001t095741405509z-postgres-1","Networks":"diagstale-20261001t095741405509z_default","Ports":"5432/tcp","Project":"diagstale-20261001t095741405509z","Publishers":[{"URL":"","TargetPort":5432,"PublishedPort":0,"Protocol":"tcp"}],"RunningFor":"11 minutes ago","Service":"postgres","Size":"0B","State":"running","Status":"Up 11 minutes (healthy)"}
{"Command":"\"python /probe.py\"","CreatedAt":"2026-10-01 10:57:46 +0100 WAT","Engine":"","ExitCode":0,"Health":"","ID":"434b50215f42","Image":"recap-studio-backend:latest","Labels":"com.docker.compose.depends_on=,com.docker.compose.oneoff=True,com.docker.compose.project.config_files=D:\\projects\\manhua review\\diagnostic-stale.compose.yml,com.docker.compose.project.working_dir=D:\\projects\\manhua review,com.docker.compose.version=5.5.1,desktop.docker.io/binds/0/Source=D:\\projects\\manhua review\\diagnostic_stale_probe.py,desktop.docker.io/binds/1/SourceKind=hostFile,desktop.docker.io/ports.scheme=v2,com.docker.compose.image=sha256:d6c23f78bcaa26a636285b5d86d2a14294a1aca0938fc7752a3a9f205e4ffa8a,com.docker.compose.service=probe,desktop.docker.io/binds/1/Target=/evidence,com.docker.compose.config-hash=d952713dc9c86a2f80e1554cd5cc316328cd4bb2a64a71b52c284630b4917e6a,desktop.docker.io/binds/0/SourceKind=hostFile,com.docker.compose.project=diagstale-20261001t095741405509z,com.docker.compose.slug=08232a3317827e375cc7570590e0bdda607182e44425cf6658eba06ccb8a3765,desktop.docker.io/binds/0/Target=/probe.py,desktop.docker.io/binds/1/Source=D:/projects/manhua review/diagnostic-stale-evidence-20261001T095741405509Z","LocalVolumes":"0","Mounts":"/run/desktop/m…,/run/desktop/m…","Name":"diagstale-20261001t095741405509z-probe","Names":"diagstale-20261001t095741405509z-probe","Networks":"diagstale-20261001t095741405509z_default","Ports":"8000/tcp","Project":"diagstale-20261001t095741405509z","Publishers":[{"URL":"","TargetPort":8000,"PublishedPort":0,"Protocol":"tcp"}],"RunningFor":"11 minutes ago","Service":"probe","Size":"0B","State":"running","Status":"Up 11 minutes"}
{"Command":"\"docker-entrypoint.s…\"","CreatedAt":"2026-10-01 10:57:41 +0100 WAT","Engine":"","ExitCode":0,"Health":"starting","ID":"558701965f8b","Image":"redis:7.4.5-bookworm","Labels":"com.docker.compose.image=sha256:e3c80ea4c9c583621a7ba3a148d825b9d05b0b39793912fff5af315369e73344,com.docker.compose.oneoff=False,com.docker.compose.project=diagstale-20261001t095741405509z,com.docker.compose.project.config_files=D:\\projects\\manhua review\\diagnostic-stale.compose.yml,com.docker.compose.service=redis,com.docker.compose.version=5.5.1,com.docker.compose.container-number=1,com.docker.compose.depends_on=,com.docker.compose.project.working_dir=D:\\projects\\manhua review,desktop.docker.io/ports.scheme=v2,com.docker.compose.config-hash=b1a179c6673332468d0bf54222a913248efcf391001689aef8fe0917c8f20312","LocalVolumes":"1","Mounts":"bda169eb12fe55…","Name":"diagstale-20261001t095741405509z-redis-1","Names":"diagstale-20261001t095741405509z-redis-1","Networks":"diagstale-20261001t095741405509z_default","Ports":"6379/tcp","Project":"diagstale-20261001t095741405509z","Publishers":[{"URL":"","TargetPort":6379,"PublishedPort":0,"Protocol":"tcp"}],"RunningFor":"11 minutes ago","Service":"redis","Size":"0B","State":"running","Status":"Up Less than a second (health: starting)"}
{"Command":"\"/usr/bin/docker-ent…\"","CreatedAt":"2026-10-01 10:57:41 +0100 WAT","Engine":"","ExitCode":0,"Health":"healthy","ID":"e59513711f53","Image":"quay.io/minio/aistor/minio:RELEASE.2026-09-19T17-05-25Z@sha256:107cf2014a9583c74c11e3cdbd6903d89c2244355886b89ce532f4ecae9c23f3","Labels":"com.docker.compose.project=diagstale-20261001t095741405509z,com.docker.compose.service=storage,desktop.docker.io/ports.scheme=v2,vcs-ref=b3f01943b83e7975e01233fc613cb5f0941b57d1,build-date=2026-09-14T00:32:05Z,org.opencontainers.image.source=https://github.com/miniohq/aistor,version=RELEASE.2026-09-19T17-05-25Z,desktop.docker.io/mounts/0/Target=/run/secrets/minio.license,distribution-scope=public,io.buildah.version=1.44.0,name=MinIO,org.opencontainers.image.created=2026-09-14T00:32:05Z,release=RELEASE.2026-09-19T17-05-25Z,com.docker.compose.image=sha256:a94e1fe399bd050fe6d6148839597a4995350c0e62c9e83f0cec8b5630ed0a1e,com.docker.compose.version=5.5.1,cpe=cpe:/a:redhat:enterprise_linux:9::appstream,desktop.docker.io/mounts/0/Source=C:/Users/MSC/Downloads/minio.license,url=https://catalog.redhat.com/en/search?searchType=containers,vendor=MinIO Inc \u003cdev@min.io\u003e,com.docker.compose.project.config_files=D:\\projects\\manhua review\\diagnostic-stale.compose.yml,com.docker.compose.project.working_dir=D:\\projects\\manhua review,com.redhat.component=ubi9-micro-container,description=MinIO object storage is fundamentally different. Designed for performance and the S3 API, it is 100% open-source. MinIO is ideal for large, private cloud environments with stringent security requirements and delivers mission-critical availability across a diverse range of workloads.,desktop.docker.io/mounts/0/SourceKind=hostFile,io.k8s.description=Very small image which doesn't install the package manager.,io.k8s.display-name=Red Hat Universal Base Image 9 Micro,com.docker.compose.container-number=1,com.docker.compose.depends_on=,com.redhat.license_terms=https://www.redhat.com/en/about/red-hat-end-user-license-agreements#UBI,io.openshift.expose-services=,vcs-type=git,com.docker.compose.oneoff=False,maintainer=MinIO Inc \u003cdev@min.io\u003e,org.opencontainers.image.revision=b3f01943b83e7975e01233fc613cb5f0941b57d1,summary=MinIO is a High Performance Object Storage, API compatible with Amazon S3 cloud storage service.,architecture=x86_64,com.docker.compose.config-hash=caf4703d7c6c695ea4682be31ed4fe99ccee05fc626540a5d054573144763e6e","LocalVolumes":"1","Mounts":"b206330431fae7…,/run/desktop/m…","Name":"diagstale-20261001t095741405509z-storage-1","Names":"diagstale-20261001t095741405509z-storage-1","Networks":"diagstale-20261001t095741405509z_default","Ports":"9000/tcp","Project":"diagstale-20261001t095741405509z","Publishers":[{"URL":"","TargetPort":9000,"PublishedPort":0,"Protocol":"tcp"}],"RunningFor":"11 minutes ago","Service":"storage","Size":"0B","State":"running","Status":"Up 11 minutes (healthy)"}
{"Command":"\"python -c 'import o…\"","CreatedAt":"2026-10-01 10:57:41 +0100 WAT","Engine":"","ExitCode":0,"Health":"","ID":"3b4d78ba508f","Image":"recap-studio-backend:latest","Labels":"com.docker.compose.container-number=1,com.docker.compose.image=sha256:d6c23f78bcaa26a636285b5d86d2a14294a1aca0938fc7752a3a9f205e4ffa8a,com.docker.compose.oneoff=False,com.docker.compose.project=diagstale-20261001t095741405509z,com.docker.compose.service=storage-init,com.docker.compose.version=5.5.1,desktop.docker.io/ports.scheme=v2,com.docker.compose.config-hash=4d1c7a794669f9ea6f3e8b601ef2d4b781630a2bc4935f6a058cb6e062558c4f,com.docker.compose.depends_on=storage:service_healthy:false,com.docker.compose.project.config_files=D:\\projects\\manhua review\\diagnostic-stale.compose.yml,com.docker.compose.project.working_dir=D:\\projects\\manhua review","LocalVolumes":"0","Mounts":"","Name":"diagstale-20261001t095741405509z-storage-init-1","Names":"diagstale-20261001t095741405509z-storage-init-1","Networks":"diagstale-20261001t095741405509z_default","Ports":"","Project":"diagstale-20261001t095741405509z","Publishers":[],"RunningFor":"11 minutes ago","Service":"storage-init","Size":"0B","State":"exited","Status":"Exited (0) 11 minutes ago"}
{"Command":"\"celery -A app.worke…\"","CreatedAt":"2026-10-01 10:57:41 +0100 WAT","Engine":"","ExitCode":0,"Health":"","ID":"5358ed276658","Image":"recap-studio-worker:latest","Labels":"com.docker.compose.oneoff=False,com.docker.compose.project.config_files=D:\\projects\\manhua review\\diagnostic-stale.compose.yml,com.docker.compose.project.working_dir=D:\\projects\\manhua review,desktop.docker.io/ports.scheme=v2,com.docker.compose.config-hash=a459cec9a0189b7b63c974adf5d4fbc07e5f9a79d42b3173a7ef36654d0122b9,com.docker.compose.container-number=1,com.docker.compose.project=diagstale-20261001t095741405509z,com.docker.compose.service=worker,com.docker.compose.version=5.5.1,com.docker.compose.depends_on=storage-init:service_completed_successfully:false,redis:service_healthy:false,migrate:service_completed_successfully:false,com.docker.compose.image=sha256:dced672dde2b1e96b03b47cce1ef992d13eb93ffbd78579a8c390b3e6c4da196","LocalVolumes":"0","Mounts":"","Name":"diagstale-20261001t095741405509z-worker-1","Names":"diagstale-20261001t095741405509z-worker-1","Networks":"diagstale-20261001t095741405509z_default","Ports":"8000/tcp","Project":"diagstale-20261001t095741405509z","Publishers":[{"URL":"","TargetPort":8000,"PublishedPort":0,"Protocol":"tcp"}],"RunningFor":"11 minutes ago","Service":"worker","Size":"0B","State":"running","Status":"Up 37 seconds"}

restart-redis worker STATE/HEALTH
{"Status":"running","Running":true,"Paused":false,"Restarting":false,"OOMKilled":false,"Dead":false,"Pid":52016,"ExitCode":0,"Error":"","StartedAt":"2026-10-01T10:08:31.012235617Z","FinishedAt":"2026-10-01T10:08:30.869728072Z"}

restart-redis backend STATE/HEALTH
{"Status":"running","Running":true,"Paused":false,"Restarting":false,"OOMKilled":false,"Dead":false,"Pid":52932,"ExitCode":0,"Error":"","StartedAt":"2026-10-01T10:08:51.368617405Z","FinishedAt":"2026-10-01T10:08:51.226934406Z"}

restart-redis redis STATE/HEALTH
{"Status":"running","Running":true,"Paused":false,"Restarting":false,"OOMKilled":false,"Dead":false,"Pid":53755,"ExitCode":0,"Error":"","StartedAt":"2026-10-01T10:09:08.463040415Z","FinishedAt":"2026-10-01T10:09:08.311126689Z","Health":{"Status":"starting","FailingStreak":0,"Log":[{"Start":"2026-10-01T10:08:59.228521327Z","End":"2026-10-01T10:08:59.262367953Z","ExitCode":0,"Output":"PONG\n"},{"Start":"2026-10-01T10:09:01.263564988Z","End":"2026-10-01T10:09:01.292562331Z","ExitCode":0,"Output":"PONG\n"},{"Start":"2026-10-01T10:09:03.293349094Z","End":"2026-10-01T10:09:03.322200086Z","ExitCode":0,"Output":"PONG\n"},{"Start":"2026-10-01T10:09:05.322889243Z","End":"2026-10-01T10:09:05.351849874Z","ExitCode":0,"Output":"PONG\n"},{"Start":"2026-10-01T10:09:07.352589474Z","End":"2026-10-01T10:09:07.384071964Z","ExitCode":0,"Output":"PONG\n"}]}}

restart-redis LOGS
redis-1   | 2026-10-01T09:57:42.157818562Z 1:C 01 Oct 2026 09:57:42.157 * oO0OoO0OoO0Oo Redis is starting oO0OoO0OoO0Oo
redis-1   | 2026-10-01T09:57:42.157855251Z 1:C 01 Oct 2026 09:57:42.157 * Redis version=7.4.5, bits=64, commit=00000000, modified=0, pid=1, just started
worker-1  | 2026-10-01T09:57:47.391908957Z  
redis-1   | 2026-10-01T09:57:42.157858502Z 1:C 01 Oct 2026 09:57:42.157 # Warning: no config file specified, using the default config. In order to specify a config file use redis-server /path/to/redis.conf
worker-1  | 2026-10-01T09:57:47.391943681Z  -------------- celery@5358ed276658 v5.6.3 (recovery)
worker-1  | 2026-10-01T09:57:47.391946569Z --- ***** ----- 
redis-1   | 2026-10-01T09:57:42.158206326Z 1:M 01 Oct 2026 09:57:42.158 * monotonic clock: POSIX clock_gettime
redis-1   | 2026-10-01T09:57:42.158903782Z 1:M 01 Oct 2026 09:57:42.158 * Running mode=standalone, port=6379.
redis-1   | 2026-10-01T09:57:42.159238744Z 1:M 01 Oct 2026 09:57:42.159 * Server initialized
worker-1  | 2026-10-01T09:57:47.391947977Z -- ******* ---- Linux-6.18.40.1-microsoft-standard-WSL2-x86_64-with-glibc2.36 2026-10-01 09:57:47
redis-1   | 2026-10-01T09:57:42.159246967Z 1:M 01 Oct 2026 09:57:42.159 * Ready to accept connections tcp
worker-1  | 2026-10-01T09:57:47.391949299Z - *** --- * --- 
worker-1  | 2026-10-01T09:57:47.391951123Z - ** ---------- [config]
redis-1   | 2026-10-01T10:09:08.303748641Z 1:signal-handler (1790849348) Received SIGTERM scheduling shutdown...
worker-1  | 2026-10-01T09:57:47.391952614Z - ** ---------- .> app:         recap:0x72436c2db5f0
worker-1  | 2026-10-01T09:57:47.391954393Z - ** ---------- .> transport:   redis://redis:6379/0
worker-1  | 2026-10-01T09:57:47.391955815Z - ** ---------- .> results:     disabled://
redis-1   | 2026-10-01T10:09:08.304993973Z 1:M 01 Oct 2026 10:09:08.304 * User requested shutdown...
redis-1   | 2026-10-01T10:09:08.305013334Z 1:M 01 Oct 2026 10:09:08.304 * Saving the final RDB snapshot before exiting.
redis-1   | 2026-10-01T10:09:08.308981855Z 1:M 01 Oct 2026 10:09:08.308 * DB saved on disk
worker-1  | 2026-10-01T09:57:47.391957061Z - *** --- * --- .> concurrency: 2 (prefork)
worker-1  | 2026-10-01T09:57:47.391958397Z -- ******* ---- .> task events: OFF (enable -E to monitor tasks in this worker)
worker-1  | 2026-10-01T09:57:47.391959806Z --- ***** ----- 
worker-1  | 2026-10-01T09:57:47.391961117Z  -------------- [queues]
worker-1  | 2026-10-01T09:57:47.391962457Z                 .> system           exchange=system(direct) key=system
worker-1  | 2026-10-01T09:57:47.391964044Z                 
redis-1   | 2026-10-01T10:09:08.309007336Z 1:M 01 Oct 2026 10:09:08.308 # Redis is now ready to exit, bye bye...
worker-1  | 2026-10-01T09:57:47.391965392Z 
worker-1  | 2026-10-01T09:57:47.391966723Z [tasks]
redis-1   | 2026-10-01T10:09:08.571964829Z 1:C 01 Oct 2026 10:09:08.571 * oO0OoO0OoO0Oo Redis is starting oO0OoO0OoO0Oo
redis-1   | 2026-10-01T10:09:08.571989629Z 1:C 01 Oct 2026 10:09:08.571 * Redis version=7.4.5, bits=64, commit=00000000, modified=0, pid=1, just started
redis-1   | 2026-10-01T10:09:08.571992862Z 1:C 01 Oct 2026 10:09:08.571 # Warning: no config file specified, using the default config. In order to specify a config file use redis-server /path/to/redis.conf
worker-1  | 2026-10-01T09:57:47.391968036Z   . ingestion.process
worker-1  | 2026-10-01T09:57:47.391969214Z   . system.heartbeat
redis-1   | 2026-10-01T10:09:08.572403901Z 1:M 01 Oct 2026 10:09:08.572 * monotonic clock: POSIX clock_gettime
redis-1   | 2026-10-01T10:09:08.573371153Z 1:M 01 Oct 2026 10:09:08.573 * Running mode=standalone, port=6379.
redis-1   | 2026-10-01T10:09:08.573958271Z 1:M 01 Oct 2026 10:09:08.573 * Server initialized
worker-1  | 2026-10-01T09:57:47.391970522Z 
redis-1   | 2026-10-01T10:09:08.574075259Z 1:M 01 Oct 2026 10:09:08.573 * Loading RDB produced by version 7.4.5
redis-1   | 2026-10-01T10:09:08.574086062Z 1:M 01 Oct 2026 10:09:08.574 * RDB age 0 seconds
worker-1  | 2026-10-01T09:57:47.462745835Z {"timestamp": "2026-10-01T09:57:47.462420+00:00", "level": "INFO", "logger": "celery.worker.consumer.connection", "event": "Connected to redis://redis:6379/0", "request_id": null, "job_id": null, "user_id": null, "project_id": null, "stage": null, "status": null, "error": null, "duration_ms": null}
redis-1   | 2026-10-01T10:09:08.574088293Z 1:M 01 Oct 2026 10:09:08.574 * RDB memory usage when created 1.64 Mb
worker-1  | 2026-10-01T09:57:47.464291820Z {"timestamp": "2026-10-01T09:57:47.464146+00:00", "level": "INFO", "logger": "celery.worker.consumer.mingle", "event": "mingle: searching for neighbors", "request_id": null, "job_id": null, "user_id": null, "project_id": null, "stage": null, "status": null, "error": null, "duration_ms": null}
redis-1   | 2026-10-01T10:09:08.574425458Z 1:M 01 Oct 2026 10:09:08.574 * Done loading RDB, keys loaded: 3, keys expired: 0.
redis-1   | 2026-10-01T10:09:08.574574076Z 1:M 01 Oct 2026 10:09:08.574 * DB loaded from disk: 0.001 seconds
redis-1   | 2026-10-01T10:09:08.574583836Z 1:M 01 Oct 2026 10:09:08.574 * Ready to accept connections tcp
worker-1  | 2026-10-01T09:57:48.471718612Z {"timestamp": "2026-10-01T09:57:48.471534+00:00", "level": "INFO", "logger": "celery.worker.consumer.mingle", "event": "mingle: all alone", "request_id": null, "job_id": null, "user_id": null, "project_id": null, "stage": null, "status": null, "error": null, "duration_ms": null}
worker-1  | 2026-10-01T09:57:48.478909713Z {"timestamp": "2026-10-01T09:57:48.478783+00:00", "level": "INFO", "logger": "celery.apps.worker", "event": "celery@5358ed276658 ready.", "request_id": null, "job_id": null, "user_id": null, "project_id": null, "stage": null, "status": null, "error": null, "duration_ms": null}
worker-1  | 2026-10-01T09:58:02.117899763Z {"timestamp": "2026-10-01T09:58:02.117509+00:00", "level": "INFO", "logger": "celery.worker.strategy", "event": "Task ingestion.process[fe5b2c46-1820-48ca-a9c0-71b5e9143cfb] received", "request_id": null, "job_id": null, "user_id": null, "project_id": null, "stage": null, "status": null, "error": null, "duration_ms": null}
worker-1  | 2026-10-01T10:08:06.069949607Z  
worker-1  | 2026-10-01T10:08:06.069979964Z  -------------- celery@5358ed276658 v5.6.3 (recovery)
worker-1  | 2026-10-01T10:08:06.069981614Z --- ***** ----- 
worker-1  | 2026-10-01T10:08:06.069982685Z -- ******* ---- Linux-6.18.40.1-microsoft-standard-WSL2-x86_64-with-glibc2.36 2026-10-01 10:08:06
worker-1  | 2026-10-01T10:08:06.069983643Z - *** --- * --- 
worker-1  | 2026-10-01T10:08:06.069984462Z - ** ---------- [config]
worker-1  | 2026-10-01T10:08:06.069985301Z - ** ---------- .> app:         recap:0x73c156ca5520
worker-1  | 2026-10-01T10:08:06.069986867Z - ** ---------- .> transport:   redis://redis:6379/0
worker-1  | 2026-10-01T10:08:06.069987727Z - ** ---------- .> results:     disabled://
worker-1  | 2026-10-01T10:08:06.069988602Z - *** --- * --- .> concurrency: 2 (prefork)
worker-1  | 2026-10-01T10:08:06.069989473Z -- ******* ---- .> task events: OFF (enable -E to monitor tasks in this worker)
worker-1  | 2026-10-01T10:08:06.069990405Z --- ***** ----- 
worker-1  | 2026-10-01T10:08:06.069991178Z  -------------- [queues]
worker-1  | 2026-10-01T10:08:06.069992001Z                 .> system           exchange=system(direct) key=system
worker-1  | 2026-10-01T10:08:06.069992874Z                 
worker-1  | 2026-10-01T10:08:06.069993638Z 
worker-1  | 2026-10-01T10:08:06.069994402Z [tasks]
worker-1  | 2026-10-01T10:08:06.069995181Z   . ingestion.process
worker-1  | 2026-10-01T10:08:06.069996093Z   . system.heartbeat
worker-1  | 2026-10-01T10:08:06.069996888Z 
worker-1  | 2026-10-01T10:08:06.154694612Z {"timestamp": "2026-10-01T10:08:06.154443+00:00", "level": "INFO", "logger": "celery.worker.consumer.connection", "event": "Connected to redis://redis:6379/0", "request_id": null, "job_id": null, "user_id": null, "project_id": null, "stage": null, "status": null, "error": null, "duration_ms": null}
worker-1  | 2026-10-01T10:08:06.157401488Z {"timestamp": "2026-10-01T10:08:06.157145+00:00", "level": "INFO", "logger": "celery.worker.consumer.mingle", "event": "mingle: searching for neighbors", "request_id": null, "job_id": null, "user_id": null, "project_id": null, "stage": null, "status": null, "error": null, "duration_ms": null}
worker-1  | 2026-10-01T10:08:07.164943260Z {"timestamp": "2026-10-01T10:08:07.164773+00:00", "level": "INFO", "logger": "celery.worker.consumer.mingle", "event": "mingle: all alone", "request_id": null, "job_id": null, "user_id": null, "project_id": null, "stage": null, "status": null, "error": null, "duration_ms": null}
worker-1  | 2026-10-01T10:08:07.172362962Z {"timestamp": "2026-10-01T10:08:07.172206+00:00", "level": "INFO", "logger": "celery.apps.worker", "event": "celery@5358ed276658 ready.", "request_id": null, "job_id": null, "user_id": null, "project_id": null, "stage": null, "status": null, "error": null, "duration_ms": null}
worker-1  | 2026-10-01T10:08:19.724264557Z {"timestamp": "2026-10-01T10:08:19.724071+00:00", "level": "INFO", "logger": "celery.worker.strategy", "event": "Task ingestion.process[b3488e20-f410-450b-a27e-50c7c5a0782b] received", "request_id": null, "job_id": null, "user_id": null, "project_id": null, "stage": null, "status": null, "error": null, "duration_ms": null}
worker-1  | 2026-10-01T10:08:27.381748951Z {"timestamp": "2026-10-01T10:08:27.381473+00:00", "level": "INFO", "logger": "celery.app.trace", "event": "Task ingestion.process[b3488e20-f410-450b-a27e-50c7c5a0782b] succeeded in 7.6575497220001125s: None", "request_id": null, "job_id": null, "user_id": null, "project_id": null, "stage": null, "status": null, "error": null, "duration_ms": null}
worker-1  | 2026-10-01T10:08:28.507919007Z 
worker-1  | 2026-10-01T10:08:28.507939155Z worker: Warm shutdown (MainProcess)
worker-1  | 2026-10-01T10:08:31.876798041Z  
worker-1  | 2026-10-01T10:08:31.876825639Z  -------------- celery@5358ed276658 v5.6.3 (recovery)
worker-1  | 2026-10-01T10:08:31.876828582Z --- ***** ----- 
worker-1  | 2026-10-01T10:08:31.876830105Z -- ******* ---- Linux-6.18.40.1-microsoft-standard-WSL2-x86_64-with-glibc2.36 2026-10-01 10:08:31
worker-1  | 2026-10-01T10:08:31.876831551Z - *** --- * --- 
worker-1  | 2026-10-01T10:08:31.876832867Z - ** ---------- [config]
worker-1  | 2026-10-01T10:08:31.876834631Z - ** ---------- .> app:         recap:0x7037e3b63620
worker-1  | 2026-10-01T10:08:31.876838091Z - ** ---------- .> transport:   redis://redis:6379/0
worker-1  | 2026-10-01T10:08:31.876839491Z - ** ---------- .> results:     disabled://
worker-1  | 2026-10-01T10:08:31.876841010Z - *** --- * --- .> concurrency: 2 (prefork)
worker-1  | 2026-10-01T10:08:31.876842421Z -- ******* ---- .> task events: OFF (enable -E to monitor tasks in this worker)
worker-1  | 2026-10-01T10:08:31.876843702Z --- ***** ----- 
worker-1  | 2026-10-01T10:08:31.876844891Z  -------------- [queues]
worker-1  | 2026-10-01T10:08:31.876846172Z                 .> system           exchange=system(direct) key=system
worker-1  | 2026-10-01T10:08:31.876847650Z                 
worker-1  | 2026-10-01T10:08:31.876848781Z 
worker-1  | 2026-10-01T10:08:31.876850054Z [tasks]
worker-1  | 2026-10-01T10:08:31.876851372Z   . ingestion.process
worker-1  | 2026-10-01T10:08:31.876852719Z   . system.heartbeat
worker-1  | 2026-10-01T10:08:31.876854299Z 
worker-1  | 2026-10-01T10:08:31.965674494Z {"timestamp": "2026-10-01T10:08:31.965421+00:00", "level": "INFO", "logger": "celery.worker.consumer.connection", "event": "Connected to redis://redis:6379/0", "request_id": null, "job_id": null, "user_id": null, "project_id": null, "stage": null, "status": null, "error": null, "duration_ms": null}
worker-1  | 2026-10-01T10:08:31.968890217Z {"timestamp": "2026-10-01T10:08:31.968728+00:00", "level": "INFO", "logger": "celery.worker.consumer.mingle", "event": "mingle: searching for neighbors", "request_id": null, "job_id": null, "user_id": null, "project_id": null, "stage": null, "status": null, "error": null, "duration_ms": null}
worker-1  | 2026-10-01T10:08:32.977488215Z {"timestamp": "2026-10-01T10:08:32.977119+00:00", "level": "INFO", "logger": "celery.worker.consumer.mingle", "event": "mingle: all alone", "request_id": null, "job_id": null, "user_id": null, "project_id": null, "stage": null, "status": null, "error": null, "duration_ms": null}
worker-1  | 2026-10-01T10:08:32.984845188Z {"timestamp": "2026-10-01T10:08:32.984679+00:00", "level": "INFO", "logger": "celery.apps.worker", "event": "celery@5358ed276658 ready.", "request_id": null, "job_id": null, "user_id": null, "project_id": null, "stage": null, "status": null, "error": null, "duration_ms": null}
worker-1  | 2026-10-01T10:09:08.310796040Z {"timestamp": "2026-10-01T10:09:08.310626+00:00", "level": "WARNING", "logger": "celery.worker.consumer.consumer", "event": "consumer: Connection to broker lost. Trying to re-establish the connection...", "request_id": null, "job_id": null, "user_id": null, "project_id": null, "stage": null, "status": null, "error": null, "duration_ms": null}
worker-1  | 2026-10-01T10:09:08.312502909Z {"timestamp": "2026-10-01T10:09:08.312347+00:00", "level": "WARNING", "logger": "py.warnings", "event": "/usr/local/lib/python3.12/site-packages/celery/worker/consumer/consumer.py:397: CPendingDeprecationWarning: \nIn Celery 5.1 we introduced an optional breaking change which\non connection loss cancels all currently executed tasks with late acknowledgement enabled.\nThese tasks cannot be acknowledged as the connection is gone, and the tasks are automatically redelivered\nback to the queue. You can enable this behavior using the worker_cancel_long_running_tasks_on_connection_loss\nsetting. In Celery 5.1 it is set to False by default. The setting will be set to True by default in Celery 6.0.\n\n  warnings.warn(CANCEL_TASKS_BY_DEFAULT, CPendingDeprecationWarning)\n", "request_id": null, "job_id": null, "user_id": null, "project_id": null, "stage": null, "status": null, "error": null, "duration_ms": null}
worker-1  | 2026-10-01T10:09:08.314991909Z {"timestamp": "2026-10-01T10:09:08.314868+00:00", "level": "ERROR", "logger": "celery.worker.consumer.consumer", "event": "consumer: Cannot connect to redis://redis:6379/0: Error 111 connecting to redis:6379. Connection refused..\nTrying again in 2.00 seconds... (1/100)\n", "request_id": null, "job_id": null, "user_id": null, "project_id": null, "stage": null, "status": null, "error": null, "duration_ms": null}
backend-1  | 2026-10-01T09:57:48.172952312Z INFO:     Started server process [1]
backend-1  | 2026-10-01T09:57:48.172995803Z INFO:     Waiting for application startup.
backend-1  | 2026-10-01T09:57:48.175391916Z INFO:     Application startup complete.
backend-1  | 2026-10-01T09:57:48.175628546Z INFO:     Uvicorn running on http://0.0.0.0:8000 (Press CTRL+C to quit)
backend-1  | 2026-10-01T09:57:48.399877007Z INFO:     172.19.0.7:40130 - "GET /health/live HTTP/1.1" 200 OK
backend-1  | 2026-10-01T09:57:48.399900549Z {"timestamp": "2026-10-01T09:57:48.399575+00:00", "level": "INFO", "logger": "app.main", "event": "request_completed", "request_id": "164aeae3-541b-48ef-b096-3a838277f582", "job_id": null, "user_id": null, "project_id": null, "stage": null, "status": 200, "error": null, "duration_ms": 29}
backend-1  | 2026-10-01T09:58:01.764648170Z {"timestamp": "2026-10-01T09:58:01.764460+00:00", "level": "INFO", "logger": "app.main", "event": "request_completed", "request_id": "b083964f-bfe7-434b-bd0f-1fb8200a8697", "job_id": null, "user_id": null, "project_id": null, "stage": null, "status": 201, "error": null, "duration_ms": 100}
backend-1  | 2026-10-01T09:58:01.764674789Z INFO:     172.19.0.7:33036 - "POST /api/v1/auth/register HTTP/1.1" 201 Created
backend-1  | 2026-10-01T09:58:01.780702990Z {"timestamp": "2026-10-01T09:58:01.780535+00:00", "level": "INFO", "logger": "app.main", "event": "request_completed", "request_id": "7ce9d665-3235-4865-adc0-40c68aa85820", "job_id": null, "user_id": null, "project_id": null, "stage": null, "status": 201, "error": null, "duration_ms": 10}
backend-1  | 2026-10-01T09:58:01.780756880Z INFO:     172.19.0.7:33036 - "POST /api/v1/projects HTTP/1.1" 201 Created
backend-1  | 2026-10-01T09:58:01.794062063Z {"timestamp": "2026-10-01T09:58:01.793883+00:00", "level": "INFO", "logger": "app.main", "event": "request_completed", "request_id": "79600c10-d73c-4c65-83a9-688e50d51c6a", "job_id": null, "user_id": null, "project_id": null, "stage": null, "status": 201, "error": null, "duration_ms": 8}
backend-1  | 2026-10-01T09:58:01.794095618Z INFO:     172.19.0.7:33036 - "POST /api/v1/projects/5c1b2031-5abb-47b6-891c-b3ff03b3f283/chapters HTTP/1.1" 201 Created
backend-1  | 2026-10-01T09:58:02.120170501Z {"timestamp": "2026-10-01T09:58:02.119997+00:00", "level": "INFO", "logger": "app.main", "event": "request_completed", "request_id": "69bc5362-33b4-4e42-b7c8-b01b8abc0e92", "job_id": null, "user_id": null, "project_id": null, "stage": null, "status": 200, "error": null, "duration_ms": 225}
backend-1  | 2026-10-01T09:58:02.120258740Z INFO:     172.19.0.7:33036 - "POST /api/v1/chapters/04fc6c9f-5abf-4ccc-814c-4f1582ba3f16/upload HTTP/1.1" 200 OK
backend-1  | 2026-10-01T10:08:19.723475727Z {"timestamp": "2026-10-01T10:08:19.723224+00:00", "level": "INFO", "logger": "app.main", "event": "request_completed", "request_id": "ee52f0cd-864c-4bab-b214-017ebe0c2afa", "job_id": null, "user_id": null, "project_id": null, "stage": null, "status": 200, "error": null, "duration_ms": 69}
backend-1  | 2026-10-01T10:08:19.723538908Z INFO:     172.19.0.7:58358 - "POST /api/v1/chapters/04fc6c9f-5abf-4ccc-814c-4f1582ba3f16/processing-retry HTTP/1.1" 200 OK
backend-1  | 2026-10-01T10:08:32.003797702Z {"timestamp": "2026-10-01T10:08:32.003621+00:00", "level": "INFO", "logger": "app.main", "event": "request_completed", "request_id": "260ad1a8-55e9-44af-9f45-612087f2fad7", "job_id": null, "user_id": null, "project_id": null, "stage": null, "status": 200, "error": null, "duration_ms": 0}
backend-1  | 2026-10-01T10:08:32.003833077Z INFO:     172.19.0.7:45738 - "GET /health/live HTTP/1.1" 200 OK
backend-1  | 2026-10-01T10:08:50.831533911Z INFO:     Shutting down
backend-1  | 2026-10-01T10:08:50.932122245Z INFO:     Waiting for application shutdown.
backend-1  | 2026-10-01T10:08:50.932887837Z INFO:     Application shutdown complete.
backend-1  | 2026-10-01T10:08:50.933203176Z INFO:     Finished server process [1]
backend-1  | 2026-10-01T10:08:52.888814938Z INFO:     Started server process [1]
backend-1  | 2026-10-01T10:08:52.888833611Z INFO:     Waiting for application startup.
backend-1  | 2026-10-01T10:08:52.898578212Z INFO:     Application startup complete.
backend-1  | 2026-10-01T10:08:52.898870595Z INFO:     Uvicorn running on http://0.0.0.0:8000 (Press CTRL+C to quit)
backend-1  | 2026-10-01T10:08:53.440518074Z {"timestamp": "2026-10-01T10:08:53.440282+00:00", "level": "INFO", "logger": "app.main", "event": "request_completed", "request_id": "793c51a4-b715-4491-b196-97e4ed09b7cc", "job_id": null, "user_id": null, "project_id": null, "stage": null, "status": 200, "error": null, "duration_ms": 25}
backend-1  | 2026-10-01T10:08:53.440565172Z INFO:     172.19.0.7:60136 - "GET /health/live HTTP/1.1" 200 OK

PROBE
 Container diagstale-20261001t095741405509z-probe Creating 
 Container diagstale-20261001t095741405509z-probe Created 
{"timestamp": "2026-10-01T09:57:48.400432+00:00", "level": "INFO", "logger": "httpx", "event": "HTTP Request: GET http://backend:8000/health/live \"HTTP/1.1 200 OK\"", "request_id": null, "job_id": null, "user_id": null, "project_id": null, "stage": null, "status": null, "error": null, "duration_ms": null}
{"timestamp": "2026-10-01T09:58:01.765200+00:00", "level": "INFO", "logger": "httpx", "event": "HTTP Request: POST http://backend:8000/api/v1/auth/register \"HTTP/1.1 201 Created\"", "request_id": null, "job_id": null, "user_id": null, "project_id": null, "stage": null, "status": null, "error": null, "duration_ms": null}
{"timestamp": "2026-10-01T09:58:01.781007+00:00", "level": "INFO", "logger": "httpx", "event": "HTTP Request: POST http://backend:8000/api/v1/projects \"HTTP/1.1 201 Created\"", "request_id": null, "job_id": null, "user_id": null, "project_id": null, "stage": null, "status": null, "error": null, "duration_ms": null}
{"timestamp": "2026-10-01T09:58:01.794379+00:00", "level": "INFO", "logger": "httpx", "event": "HTTP Request: POST http://backend:8000/api/v1/projects/5c1b2031-5abb-47b6-891c-b3ff03b3f283/chapters \"HTTP/1.1 201 Created\"", "request_id": null, "job_id": null, "user_id": null, "project_id": null, "stage": null, "status": null, "error": null, "duration_ms": null}
{"timestamp": "2026-10-01T09:58:02.120616+00:00", "level": "INFO", "logger": "httpx", "event": "HTTP Request: POST http://backend:8000/api/v1/chapters/04fc6c9f-5abf-4ccc-814c-4f1582ba3f16/upload \"HTTP/1.1 200 OK\"", "request_id": null, "job_id": null, "user_id": null, "project_id": null, "stage": null, "status": null, "error": null, "duration_ms": null}
{"timestamp": "2026-10-01T10:08:19.723959+00:00", "level": "INFO", "logger": "httpx", "event": "HTTP Request: POST http://backend:8000/api/v1/chapters/04fc6c9f-5abf-4ccc-814c-4f1582ba3f16/processing-retry \"HTTP/1.1 200 OK\"", "request_id": null, "job_id": null, "user_id": null, "project_id": null, "stage": null, "status": null, "error": null, "duration_ms": null}
{"timestamp": "2026-10-01T10:08:32.004224+00:00", "level": "INFO", "logger": "httpx", "event": "HTTP Request: GET http://backend:8000/health/live \"HTTP/1.1 200 OK\"", "request_id": null, "job_id": null, "user_id": null, "project_id": null, "stage": null, "status": null, "error": null, "duration_ms": null}
{"timestamp": "2026-10-01T10:08:53.441000+00:00", "level": "INFO", "logger": "httpx", "event": "HTTP Request: GET http://backend:8000/health/live \"HTTP/1.1 200 OK\"", "request_id": null, "job_id": null, "user_id": null, "project_id": null, "stage": null, "status": null, "error": null, "duration_ms": null}
{"timestamp": "2026-10-01T10:09:09.526472+00:00", "level": "INFO", "logger": "httpx", "event": "HTTP Request: GET http://backend:8000/health/live \"HTTP/1.1 200 OK\"", "request_id": null, "job_id": null, "user_id": null, "project_id": null, "stage": null, "status": null, "error": null, "duration_ms": null}

BACKEND AND WORKER LIFECYCLE
worker-1   | 2026-10-01T09:57:47.391908957Z  
worker-1   | 2026-10-01T09:57:47.391943681Z  -------------- celery@5358ed276658 v5.6.3 (recovery)
worker-1   | 2026-10-01T09:57:47.391946569Z --- ***** ----- 
worker-1   | 2026-10-01T09:57:47.391947977Z -- ******* ---- Linux-6.18.40.1-microsoft-standard-WSL2-x86_64-with-glibc2.36 2026-10-01 09:57:47
backend-1  | 2026-10-01T09:57:48.172952312Z INFO:     Started server process [1]
worker-1   | 2026-10-01T09:57:47.391949299Z - *** --- * --- 
worker-1   | 2026-10-01T09:57:47.391951123Z - ** ---------- [config]
backend-1  | 2026-10-01T09:57:48.172995803Z INFO:     Waiting for application startup.
worker-1   | 2026-10-01T09:57:47.391952614Z - ** ---------- .> app:         recap:0x72436c2db5f0
worker-1   | 2026-10-01T09:57:47.391954393Z - ** ---------- .> transport:   redis://redis:6379/0
backend-1  | 2026-10-01T09:57:48.175391916Z INFO:     Application startup complete.
worker-1   | 2026-10-01T09:57:47.391955815Z - ** ---------- .> results:     disabled://
worker-1   | 2026-10-01T09:57:47.391957061Z - *** --- * --- .> concurrency: 2 (prefork)
backend-1  | 2026-10-01T09:57:48.175628546Z INFO:     Uvicorn running on http://0.0.0.0:8000 (Press CTRL+C to quit)
backend-1  | 2026-10-01T09:57:48.399877007Z INFO:     172.19.0.7:40130 - "GET /health/live HTTP/1.1" 200 OK
worker-1   | 2026-10-01T09:57:47.391958397Z -- ******* ---- .> task events: OFF (enable -E to monitor tasks in this worker)
worker-1   | 2026-10-01T09:57:47.391959806Z --- ***** ----- 
worker-1   | 2026-10-01T09:57:47.391961117Z  -------------- [queues]
backend-1  | 2026-10-01T09:57:48.399900549Z {"timestamp": "2026-10-01T09:57:48.399575+00:00", "level": "INFO", "logger": "app.main", "event": "request_completed", "request_id": "164aeae3-541b-48ef-b096-3a838277f582", "job_id": null, "user_id": null, "project_id": null, "stage": null, "status": 200, "error": null, "duration_ms": 29}
backend-1  | 2026-10-01T09:58:01.764648170Z {"timestamp": "2026-10-01T09:58:01.764460+00:00", "level": "INFO", "logger": "app.main", "event": "request_completed", "request_id": "b083964f-bfe7-434b-bd0f-1fb8200a8697", "job_id": null, "user_id": null, "project_id": null, "stage": null, "status": 201, "error": null, "duration_ms": 100}
worker-1   | 2026-10-01T09:57:47.391962457Z                 .> system           exchange=system(direct) key=system
worker-1   | 2026-10-01T09:57:47.391964044Z                 
backend-1  | 2026-10-01T09:58:01.764674789Z INFO:     172.19.0.7:33036 - "POST /api/v1/auth/register HTTP/1.1" 201 Created
worker-1   | 2026-10-01T09:57:47.391965392Z 
worker-1   | 2026-10-01T09:57:47.391966723Z [tasks]
worker-1   | 2026-10-01T09:57:47.391968036Z   . ingestion.process
backend-1  | 2026-10-01T09:58:01.780702990Z {"timestamp": "2026-10-01T09:58:01.780535+00:00", "level": "INFO", "logger": "app.main", "event": "request_completed", "request_id": "7ce9d665-3235-4865-adc0-40c68aa85820", "job_id": null, "user_id": null, "project_id": null, "stage": null, "status": 201, "error": null, "duration_ms": 10}
backend-1  | 2026-10-01T09:58:01.780756880Z INFO:     172.19.0.7:33036 - "POST /api/v1/projects HTTP/1.1" 201 Created
worker-1   | 2026-10-01T09:57:47.391969214Z   . system.heartbeat
backend-1  | 2026-10-01T09:58:01.794062063Z {"timestamp": "2026-10-01T09:58:01.793883+00:00", "level": "INFO", "logger": "app.main", "event": "request_completed", "request_id": "79600c10-d73c-4c65-83a9-688e50d51c6a", "job_id": null, "user_id": null, "project_id": null, "stage": null, "status": 201, "error": null, "duration_ms": 8}
backend-1  | 2026-10-01T09:58:01.794095618Z INFO:     172.19.0.7:33036 - "POST /api/v1/projects/5c1b2031-5abb-47b6-891c-b3ff03b3f283/chapters HTTP/1.1" 201 Created
backend-1  | 2026-10-01T09:58:02.120170501Z {"timestamp": "2026-10-01T09:58:02.119997+00:00", "level": "INFO", "logger": "app.main", "event": "request_completed", "request_id": "69bc5362-33b4-4e42-b7c8-b01b8abc0e92", "job_id": null, "user_id": null, "project_id": null, "stage": null, "status": 200, "error": null, "duration_ms": 225}
worker-1   | 2026-10-01T09:57:47.391970522Z 
backend-1  | 2026-10-01T09:58:02.120258740Z INFO:     172.19.0.7:33036 - "POST /api/v1/chapters/04fc6c9f-5abf-4ccc-814c-4f1582ba3f16/upload HTTP/1.1" 200 OK
worker-1   | 2026-10-01T09:57:47.462745835Z {"timestamp": "2026-10-01T09:57:47.462420+00:00", "level": "INFO", "logger": "celery.worker.consumer.connection", "event": "Connected to redis://redis:6379/0", "request_id": null, "job_id": null, "user_id": null, "project_id": null, "stage": null, "status": null, "error": null, "duration_ms": null}
backend-1  | 2026-10-01T10:08:19.723475727Z {"timestamp": "2026-10-01T10:08:19.723224+00:00", "level": "INFO", "logger": "app.main", "event": "request_completed", "request_id": "ee52f0cd-864c-4bab-b214-017ebe0c2afa", "job_id": null, "user_id": null, "project_id": null, "stage": null, "status": 200, "error": null, "duration_ms": 69}
worker-1   | 2026-10-01T09:57:47.464291820Z {"timestamp": "2026-10-01T09:57:47.464146+00:00", "level": "INFO", "logger": "celery.worker.consumer.mingle", "event": "mingle: searching for neighbors", "request_id": null, "job_id": null, "user_id": null, "project_id": null, "stage": null, "status": null, "error": null, "duration_ms": null}
worker-1   | 2026-10-01T09:57:48.471718612Z {"timestamp": "2026-10-01T09:57:48.471534+00:00", "level": "INFO", "logger": "celery.worker.consumer.mingle", "event": "mingle: all alone", "request_id": null, "job_id": null, "user_id": null, "project_id": null, "stage": null, "status": null, "error": null, "duration_ms": null}
worker-1   | 2026-10-01T09:57:48.478909713Z {"timestamp": "2026-10-01T09:57:48.478783+00:00", "level": "INFO", "logger": "celery.apps.worker", "event": "celery@5358ed276658 ready.", "request_id": null, "job_id": null, "user_id": null, "project_id": null, "stage": null, "status": null, "error": null, "duration_ms": null}
backend-1  | 2026-10-01T10:08:19.723538908Z INFO:     172.19.0.7:58358 - "POST /api/v1/chapters/04fc6c9f-5abf-4ccc-814c-4f1582ba3f16/processing-retry HTTP/1.1" 200 OK
worker-1   | 2026-10-01T09:58:02.117899763Z {"timestamp": "2026-10-01T09:58:02.117509+00:00", "level": "INFO", "logger": "celery.worker.strategy", "event": "Task ingestion.process[fe5b2c46-1820-48ca-a9c0-71b5e9143cfb] received", "request_id": null, "job_id": null, "user_id": null, "project_id": null, "stage": null, "status": null, "error": null, "duration_ms": null}
backend-1  | 2026-10-01T10:08:32.003797702Z {"timestamp": "2026-10-01T10:08:32.003621+00:00", "level": "INFO", "logger": "app.main", "event": "request_completed", "request_id": "260ad1a8-55e9-44af-9f45-612087f2fad7", "job_id": null, "user_id": null, "project_id": null, "stage": null, "status": 200, "error": null, "duration_ms": 0}
backend-1  | 2026-10-01T10:08:32.003833077Z INFO:     172.19.0.7:45738 - "GET /health/live HTTP/1.1" 200 OK
backend-1  | 2026-10-01T10:08:50.831533911Z INFO:     Shutting down
backend-1  | 2026-10-01T10:08:50.932122245Z INFO:     Waiting for application shutdown.
worker-1   | 2026-10-01T10:08:06.069949607Z  
worker-1   | 2026-10-01T10:08:06.069979964Z  -------------- celery@5358ed276658 v5.6.3 (recovery)
worker-1   | 2026-10-01T10:08:06.069981614Z --- ***** ----- 
worker-1   | 2026-10-01T10:08:06.069982685Z -- ******* ---- Linux-6.18.40.1-microsoft-standard-WSL2-x86_64-with-glibc2.36 2026-10-01 10:08:06
worker-1   | 2026-10-01T10:08:06.069983643Z - *** --- * --- 
backend-1  | 2026-10-01T10:08:50.932887837Z INFO:     Application shutdown complete.
worker-1   | 2026-10-01T10:08:06.069984462Z - ** ---------- [config]
worker-1   | 2026-10-01T10:08:06.069985301Z - ** ---------- .> app:         recap:0x73c156ca5520
worker-1   | 2026-10-01T10:08:06.069986867Z - ** ---------- .> transport:   redis://redis:6379/0
backend-1  | 2026-10-01T10:08:50.933203176Z INFO:     Finished server process [1]
backend-1  | 2026-10-01T10:08:52.888814938Z INFO:     Started server process [1]
backend-1  | 2026-10-01T10:08:52.888833611Z INFO:     Waiting for application startup.
worker-1   | 2026-10-01T10:08:06.069987727Z - ** ---------- .> results:     disabled://
backend-1  | 2026-10-01T10:08:52.898578212Z INFO:     Application startup complete.
backend-1  | 2026-10-01T10:08:52.898870595Z INFO:     Uvicorn running on http://0.0.0.0:8000 (Press CTRL+C to quit)
backend-1  | 2026-10-01T10:08:53.440518074Z {"timestamp": "2026-10-01T10:08:53.440282+00:00", "level": "INFO", "logger": "app.main", "event": "request_completed", "request_id": "793c51a4-b715-4491-b196-97e4ed09b7cc", "job_id": null, "user_id": null, "project_id": null, "stage": null, "status": 200, "error": null, "duration_ms": 25}
backend-1  | 2026-10-01T10:08:53.440565172Z INFO:     172.19.0.7:60136 - "GET /health/live HTTP/1.1" 200 OK
backend-1  | 2026-10-01T10:09:09.526048907Z {"timestamp": "2026-10-01T10:09:09.525797+00:00", "level": "INFO", "logger": "app.main", "event": "request_completed", "request_id": "f9424e2d-3682-4940-a451-287a3af85e32", "job_id": null, "user_id": null, "project_id": null, "stage": null, "status": 200, "error": null, "duration_ms": 1}
worker-1   | 2026-10-01T10:08:06.069988602Z - *** --- * --- .> concurrency: 2 (prefork)
backend-1  | 2026-10-01T10:09:09.526088039Z INFO:     172.19.0.7:49988 - "GET /health/live HTTP/1.1" 200 OK
worker-1   | 2026-10-01T10:08:06.069989473Z -- ******* ---- .> task events: OFF (enable -E to monitor tasks in this worker)
worker-1   | 2026-10-01T10:08:06.069990405Z --- ***** ----- 
worker-1   | 2026-10-01T10:08:06.069991178Z  -------------- [queues]
worker-1   | 2026-10-01T10:08:06.069992001Z                 .> system           exchange=system(direct) key=system
worker-1   | 2026-10-01T10:08:06.069992874Z                 
worker-1   | 2026-10-01T10:08:06.069993638Z 
worker-1   | 2026-10-01T10:08:06.069994402Z [tasks]
worker-1   | 2026-10-01T10:08:06.069995181Z   . ingestion.process
worker-1   | 2026-10-01T10:08:06.069996093Z   . system.heartbeat
worker-1   | 2026-10-01T10:08:06.069996888Z 
worker-1   | 2026-10-01T10:08:06.154694612Z {"timestamp": "2026-10-01T10:08:06.154443+00:00", "level": "INFO", "logger": "celery.worker.consumer.connection", "event": "Connected to redis://redis:6379/0", "request_id": null, "job_id": null, "user_id": null, "project_id": null, "stage": null, "status": null, "error": null, "duration_ms": null}
worker-1   | 2026-10-01T10:08:06.157401488Z {"timestamp": "2026-10-01T10:08:06.157145+00:00", "level": "INFO", "logger": "celery.worker.consumer.mingle", "event": "mingle: searching for neighbors", "request_id": null, "job_id": null, "user_id": null, "project_id": null, "stage": null, "status": null, "error": null, "duration_ms": null}
worker-1   | 2026-10-01T10:08:07.164943260Z {"timestamp": "2026-10-01T10:08:07.164773+00:00", "level": "INFO", "logger": "celery.worker.consumer.mingle", "event": "mingle: all alone", "request_id": null, "job_id": null, "user_id": null, "project_id": null, "stage": null, "status": null, "error": null, "duration_ms": null}
worker-1   | 2026-10-01T10:08:07.172362962Z {"timestamp": "2026-10-01T10:08:07.172206+00:00", "level": "INFO", "logger": "celery.apps.worker", "event": "celery@5358ed276658 ready.", "request_id": null, "job_id": null, "user_id": null, "project_id": null, "stage": null, "status": null, "error": null, "duration_ms": null}
worker-1   | 2026-10-01T10:08:19.724264557Z {"timestamp": "2026-10-01T10:08:19.724071+00:00", "level": "INFO", "logger": "celery.worker.strategy", "event": "Task ingestion.process[b3488e20-f410-450b-a27e-50c7c5a0782b] received", "request_id": null, "job_id": null, "user_id": null, "project_id": null, "stage": null, "status": null, "error": null, "duration_ms": null}
worker-1   | 2026-10-01T10:08:27.381748951Z {"timestamp": "2026-10-01T10:08:27.381473+00:00", "level": "INFO", "logger": "celery.app.trace", "event": "Task ingestion.process[b3488e20-f410-450b-a27e-50c7c5a0782b] succeeded in 7.6575497220001125s: None", "request_id": null, "job_id": null, "user_id": null, "project_id": null, "stage": null, "status": null, "error": null, "duration_ms": null}
worker-1   | 2026-10-01T10:08:28.507919007Z 
worker-1   | 2026-10-01T10:08:28.507939155Z worker: Warm shutdown (MainProcess)
worker-1   | 2026-10-01T10:08:31.876798041Z  
worker-1   | 2026-10-01T10:08:31.876825639Z  -------------- celery@5358ed276658 v5.6.3 (recovery)
worker-1   | 2026-10-01T10:08:31.876828582Z --- ***** ----- 
worker-1   | 2026-10-01T10:08:31.876830105Z -- ******* ---- Linux-6.18.40.1-microsoft-standard-WSL2-x86_64-with-glibc2.36 2026-10-01 10:08:31
worker-1   | 2026-10-01T10:08:31.876831551Z - *** --- * --- 
worker-1   | 2026-10-01T10:08:31.876832867Z - ** ---------- [config]
worker-1   | 2026-10-01T10:08:31.876834631Z - ** ---------- .> app:         recap:0x7037e3b63620
worker-1   | 2026-10-01T10:08:31.876838091Z - ** ---------- .> transport:   redis://redis:6379/0
worker-1   | 2026-10-01T10:08:31.876839491Z - ** ---------- .> results:     disabled://
worker-1   | 2026-10-01T10:08:31.876841010Z - *** --- * --- .> concurrency: 2 (prefork)
worker-1   | 2026-10-01T10:08:31.876842421Z -- ******* ---- .> task events: OFF (enable -E to monitor tasks in this worker)
worker-1   | 2026-10-01T10:08:31.876843702Z --- ***** ----- 
worker-1   | 2026-10-01T10:08:31.876844891Z  -------------- [queues]
worker-1   | 2026-10-01T10:08:31.876846172Z                 .> system           exchange=system(direct) key=system
worker-1   | 2026-10-01T10:08:31.876847650Z                 
worker-1   | 2026-10-01T10:08:31.876848781Z 
worker-1   | 2026-10-01T10:08:31.876850054Z [tasks]
worker-1   | 2026-10-01T10:08:31.876851372Z   . ingestion.process
worker-1   | 2026-10-01T10:08:31.876852719Z   . system.heartbeat
worker-1   | 2026-10-01T10:08:31.876854299Z 
worker-1   | 2026-10-01T10:08:31.965674494Z {"timestamp": "2026-10-01T10:08:31.965421+00:00", "level": "INFO", "logger": "celery.worker.consumer.connection", "event": "Connected to redis://redis:6379/0", "request_id": null, "job_id": null, "user_id": null, "project_id": null, "stage": null, "status": null, "error": null, "duration_ms": null}
worker-1   | 2026-10-01T10:08:31.968890217Z {"timestamp": "2026-10-01T10:08:31.968728+00:00", "level": "INFO", "logger": "celery.worker.consumer.mingle", "event": "mingle: searching for neighbors", "request_id": null, "job_id": null, "user_id": null, "project_id": null, "stage": null, "status": null, "error": null, "duration_ms": null}
worker-1   | 2026-10-01T10:08:32.977488215Z {"timestamp": "2026-10-01T10:08:32.977119+00:00", "level": "INFO", "logger": "celery.worker.consumer.mingle", "event": "mingle: all alone", "request_id": null, "job_id": null, "user_id": null, "project_id": null, "stage": null, "status": null, "error": null, "duration_ms": null}
worker-1   | 2026-10-01T10:08:32.984845188Z {"timestamp": "2026-10-01T10:08:32.984679+00:00", "level": "INFO", "logger": "celery.apps.worker", "event": "celery@5358ed276658 ready.", "request_id": null, "job_id": null, "user_id": null, "project_id": null, "stage": null, "status": null, "error": null, "duration_ms": null}
worker-1   | 2026-10-01T10:09:08.310796040Z {"timestamp": "2026-10-01T10:09:08.310626+00:00", "level": "WARNING", "logger": "celery.worker.consumer.consumer", "event": "consumer: Connection to broker lost. Trying to re-establish the connection...", "request_id": null, "job_id": null, "user_id": null, "project_id": null, "stage": null, "status": null, "error": null, "duration_ms": null}
worker-1   | 2026-10-01T10:09:08.312502909Z {"timestamp": "2026-10-01T10:09:08.312347+00:00", "level": "WARNING", "logger": "py.warnings", "event": "/usr/local/lib/python3.12/site-packages/celery/worker/consumer/consumer.py:397: CPendingDeprecationWarning: \nIn Celery 5.1 we introduced an optional breaking change which\non connection loss cancels all currently executed tasks with late acknowledgement enabled.\nThese tasks cannot be acknowledged as the connection is gone, and the tasks are automatically redelivered\nback to the queue. You can enable this behavior using the worker_cancel_long_running_tasks_on_connection_loss\nsetting. In Celery 5.1 it is set to False by default. The setting will be set to True by default in Celery 6.0.\n\n  warnings.warn(CANCEL_TASKS_BY_DEFAULT, CPendingDeprecationWarning)\n", "request_id": null, "job_id": null, "user_id": null, "project_id": null, "stage": null, "status": null, "error": null, "duration_ms": null}
worker-1   | 2026-10-01T10:09:08.314991909Z {"timestamp": "2026-10-01T10:09:08.314868+00:00", "level": "ERROR", "logger": "celery.worker.consumer.consumer", "event": "consumer: Cannot connect to redis://redis:6379/0: Error 111 connecting to redis:6379. Connection refused..\nTrying again in 2.00 seconds... (1/100)\n", "request_id": null, "job_id": null, "user_id": null, "project_id": null, "stage": null, "status": null, "error": null, "duration_ms": null}

FINAL BEFORE CLEANUP CONTAINER STATUS
{"Command":"\"uvicorn app.main:ap…\"","CreatedAt":"2026-10-01 10:57:41 +0100 WAT","Engine":"","ExitCode":0,"Health":"","ID":"23ca3d6fbdae","Image":"recap-studio-backend:latest","Labels":"com.docker.compose.version=5.5.1,com.docker.compose.container-number=1,com.docker.compose.depends_on=migrate:service_completed_successfully:false,storage-init:service_completed_successfully:false,redis:service_healthy:false,com.docker.compose.oneoff=False,com.docker.compose.project=diagstale-20261001t095741405509z,desktop.docker.io/ports.scheme=v2,com.docker.compose.config-hash=44a777fa728b07ed1b2c39aa142e70a1af7d5da8deff5b489e92330ce23c27e7,com.docker.compose.image=sha256:d6c23f78bcaa26a636285b5d86d2a14294a1aca0938fc7752a3a9f205e4ffa8a,com.docker.compose.project.config_files=D:\\projects\\manhua review\\diagnostic-stale.compose.yml,com.docker.compose.project.working_dir=D:\\projects\\manhua review,com.docker.compose.service=backend","LocalVolumes":"0","Mounts":"","Name":"diagstale-20261001t095741405509z-backend-1","Names":"diagstale-20261001t095741405509z-backend-1","Networks":"diagstale-20261001t095741405509z_default","Ports":"8000/tcp","Project":"diagstale-20261001t095741405509z","Publishers":[{"URL":"","TargetPort":8000,"PublishedPort":0,"Protocol":"tcp"}],"RunningFor":"11 minutes ago","Service":"backend","Size":"0B","State":"running","Status":"Up 18 seconds"}
{"Command":"\"alembic upgrade head\"","CreatedAt":"2026-10-01 10:57:41 +0100 WAT","Engine":"","ExitCode":0,"Health":"","ID":"0f64c2215d9f","Image":"recap-studio-backend:latest","Labels":"com.docker.compose.version=5.5.1,com.docker.compose.container-number=1,com.docker.compose.depends_on=postgres:service_healthy:false,com.docker.compose.oneoff=False,com.docker.compose.project=diagstale-20261001t095741405509z,com.docker.compose.project.config_files=D:\\projects\\manhua review\\diagnostic-stale.compose.yml,desktop.docker.io/ports.scheme=v2,com.docker.compose.config-hash=56b8bfa2694996a85e69b04db575c4b376725028690f7a6b91e05e83acb8582e,com.docker.compose.image=sha256:d6c23f78bcaa26a636285b5d86d2a14294a1aca0938fc7752a3a9f205e4ffa8a,com.docker.compose.project.working_dir=D:\\projects\\manhua review,com.docker.compose.service=migrate","LocalVolumes":"0","Mounts":"","Name":"diagstale-20261001t095741405509z-migrate-1","Names":"diagstale-20261001t095741405509z-migrate-1","Networks":"diagstale-20261001t095741405509z_default","Ports":"","Project":"diagstale-20261001t095741405509z","Publishers":[],"RunningFor":"11 minutes ago","Service":"migrate","Size":"0B","State":"exited","Status":"Exited (0) 11 minutes ago"}
{"Command":"\"docker-entrypoint.s…\"","CreatedAt":"2026-10-01 10:57:41 +0100 WAT","Engine":"","ExitCode":0,"Health":"healthy","ID":"e42a69dae76a","Image":"postgres:17.6-bookworm","Labels":"com.docker.compose.image=sha256:45cd22f8d32e189d245403954882f88e7a8714301fda80dab6da90f1265b25a3,desktop.docker.io/ports.scheme=v2,com.docker.compose.depends_on=,com.docker.compose.oneoff=False,com.docker.compose.project=diagstale-20261001t095741405509z,com.docker.compose.project.config_files=D:\\projects\\manhua review\\diagnostic-stale.compose.yml,com.docker.compose.project.working_dir=D:\\projects\\manhua review,com.docker.compose.service=postgres,com.docker.compose.version=5.5.1,com.docker.compose.config-hash=a2a5d2d0879732322d67ea5b2a65f52f7181986de97c1c9fb4dd5b463e4b6438,com.docker.compose.container-number=1","LocalVolumes":"1","Mounts":"82de933c75eeca…","Name":"diagstale-20261001t095741405509z-postgres-1","Names":"diagstale-20261001t095741405509z-postgres-1","Networks":"diagstale-20261001t095741405509z_default","Ports":"5432/tcp","Project":"diagstale-20261001t095741405509z","Publishers":[{"URL":"","TargetPort":5432,"PublishedPort":0,"Protocol":"tcp"}],"RunningFor":"11 minutes ago","Service":"postgres","Size":"0B","State":"running","Status":"Up 11 minutes (healthy)"}
{"Command":"\"python /probe.py\"","CreatedAt":"2026-10-01 10:57:46 +0100 WAT","Engine":"","ExitCode":0,"Health":"","ID":"434b50215f42","Image":"recap-studio-backend:latest","Labels":"desktop.docker.io/binds/1/Source=D:/projects/manhua review/diagnostic-stale-evidence-20261001T095741405509Z,desktop.docker.io/binds/1/Target=/evidence,com.docker.compose.config-hash=d952713dc9c86a2f80e1554cd5cc316328cd4bb2a64a71b52c284630b4917e6a,com.docker.compose.depends_on=,com.docker.compose.image=sha256:d6c23f78bcaa26a636285b5d86d2a14294a1aca0938fc7752a3a9f205e4ffa8a,com.docker.compose.oneoff=True,com.docker.compose.project.config_files=D:\\projects\\manhua review\\diagnostic-stale.compose.yml,com.docker.compose.version=5.5.1,desktop.docker.io/binds/0/Source=D:\\projects\\manhua review\\diagnostic_stale_probe.py,desktop.docker.io/ports.scheme=v2,desktop.docker.io/binds/1/SourceKind=hostFile,com.docker.compose.project.working_dir=D:\\projects\\manhua review,desktop.docker.io/binds/0/SourceKind=hostFile,com.docker.compose.project=diagstale-20261001t095741405509z,com.docker.compose.service=probe,com.docker.compose.slug=08232a3317827e375cc7570590e0bdda607182e44425cf6658eba06ccb8a3765,desktop.docker.io/binds/0/Target=/probe.py","LocalVolumes":"0","Mounts":"/run/desktop/m…,/run/desktop/m…","Name":"diagstale-20261001t095741405509z-probe","Names":"diagstale-20261001t095741405509z-probe","Networks":"diagstale-20261001t095741405509z_default","Ports":"","Project":"diagstale-20261001t095741405509z","Publishers":[],"RunningFor":"11 minutes ago","Service":"probe","Size":"0B","State":"exited","Status":"Exited (0) Less than a second ago"}
{"Command":"\"docker-entrypoint.s…\"","CreatedAt":"2026-10-01 10:57:41 +0100 WAT","Engine":"","ExitCode":0,"Health":"starting","ID":"558701965f8b","Image":"redis:7.4.5-bookworm","Labels":"desktop.docker.io/ports.scheme=v2,com.docker.compose.container-number=1,com.docker.compose.image=sha256:e3c80ea4c9c583621a7ba3a148d825b9d05b0b39793912fff5af315369e73344,com.docker.compose.oneoff=False,com.docker.compose.project.working_dir=D:\\projects\\manhua review,com.docker.compose.service=redis,com.docker.compose.config-hash=b1a179c6673332468d0bf54222a913248efcf391001689aef8fe0917c8f20312,com.docker.compose.depends_on=,com.docker.compose.project=diagstale-20261001t095741405509z,com.docker.compose.project.config_files=D:\\projects\\manhua review\\diagnostic-stale.compose.yml,com.docker.compose.version=5.5.1","LocalVolumes":"1","Mounts":"bda169eb12fe55…","Name":"diagstale-20261001t095741405509z-redis-1","Names":"diagstale-20261001t095741405509z-redis-1","Networks":"diagstale-20261001t095741405509z_default","Ports":"6379/tcp","Project":"diagstale-20261001t095741405509z","Publishers":[{"URL":"","TargetPort":6379,"PublishedPort":0,"Protocol":"tcp"}],"RunningFor":"11 minutes ago","Service":"redis","Size":"0B","State":"running","Status":"Up 1 second (health: starting)"}
{"Command":"\"/usr/bin/docker-ent…\"","CreatedAt":"2026-10-01 10:57:41 +0100 WAT","Engine":"","ExitCode":0,"Health":"healthy","ID":"e59513711f53","Image":"quay.io/minio/aistor/minio:RELEASE.2026-09-19T17-05-25Z@sha256:107cf2014a9583c74c11e3cdbd6903d89c2244355886b89ce532f4ecae9c23f3","Labels":"build-date=2026-09-14T00:32:05Z,com.redhat.license_terms=https://www.redhat.com/en/about/red-hat-end-user-license-agreements#UBI,io.k8s.description=Very small image which doesn't install the package manager.,io.k8s.display-name=Red Hat Universal Base Image 9 Micro,name=MinIO,com.docker.compose.config-hash=caf4703d7c6c695ea4682be31ed4fe99ccee05fc626540a5d054573144763e6e,com.docker.compose.service=storage,com.docker.compose.version=5.5.1,org.opencontainers.image.created=2026-09-14T00:32:05Z,com.redhat.component=ubi9-micro-container,description=MinIO object storage is fundamentally different. Designed for performance and the S3 API, it is 100% open-source. MinIO is ideal for large, private cloud environments with stringent security requirements and delivers mission-critical availability across a diverse range of workloads.,io.openshift.expose-services=,org.opencontainers.image.source=https://github.com/miniohq/aistor,release=RELEASE.2026-09-19T17-05-25Z,url=https://catalog.redhat.com/en/search?searchType=containers,com.docker.compose.oneoff=False,com.docker.compose.project.working_dir=D:\\projects\\manhua review,desktop.docker.io/mounts/0/SourceKind=hostFile,desktop.docker.io/mounts/0/Source=C:/Users/MSC/Downloads/minio.license,desktop.docker.io/mounts/0/Target=/run/secrets/minio.license,summary=MinIO is a High Performance Object Storage, API compatible with Amazon S3 cloud storage service.,architecture=x86_64,com.docker.compose.depends_on=,com.docker.compose.image=sha256:a94e1fe399bd050fe6d6148839597a4995350c0e62c9e83f0cec8b5630ed0a1e,com.docker.compose.project=diagstale-20261001t095741405509z,desktop.docker.io/ports.scheme=v2,com.docker.compose.project.config_files=D:\\projects\\manhua review\\diagnostic-stale.compose.yml,io.buildah.version=1.44.0,maintainer=MinIO Inc \u003cdev@min.io\u003e,org.opencontainers.image.revision=b3f01943b83e7975e01233fc613cb5f0941b57d1,vcs-ref=b3f01943b83e7975e01233fc613cb5f0941b57d1,vcs-type=git,vendor=MinIO Inc \u003cdev@min.io\u003e,version=RELEASE.2026-09-19T17-05-25Z,com.docker.compose.container-number=1,cpe=cpe:/a:redhat:enterprise_linux:9::appstream,distribution-scope=public","LocalVolumes":"1","Mounts":"b206330431fae7…,/run/desktop/m…","Name":"diagstale-20261001t095741405509z-storage-1","Names":"diagstale-20261001t095741405509z-storage-1","Networks":"diagstale-20261001t095741405509z_default","Ports":"9000/tcp","Project":"diagstale-20261001t095741405509z","Publishers":[{"URL":"","TargetPort":9000,"PublishedPort":0,"Protocol":"tcp"}],"RunningFor":"11 minutes ago","Service":"storage","Size":"0B","State":"running","Status":"Up 11 minutes (healthy)"}
{"Command":"\"python -c 'import o…\"","CreatedAt":"2026-10-01 10:57:41 +0100 WAT","Engine":"","ExitCode":0,"Health":"","ID":"3b4d78ba508f","Image":"recap-studio-backend:latest","Labels":"desktop.docker.io/ports.scheme=v2,com.docker.compose.config-hash=4d1c7a794669f9ea6f3e8b601ef2d4b781630a2bc4935f6a058cb6e062558c4f,com.docker.compose.container-number=1,com.docker.compose.project=diagstale-20261001t095741405509z,com.docker.compose.version=5.5.1,com.docker.compose.depends_on=storage:service_healthy:false,com.docker.compose.image=sha256:d6c23f78bcaa26a636285b5d86d2a14294a1aca0938fc7752a3a9f205e4ffa8a,com.docker.compose.oneoff=False,com.docker.compose.project.config_files=D:\\projects\\manhua review\\diagnostic-stale.compose.yml,com.docker.compose.project.working_dir=D:\\projects\\manhua review,com.docker.compose.service=storage-init","LocalVolumes":"0","Mounts":"","Name":"diagstale-20261001t095741405509z-storage-init-1","Names":"diagstale-20261001t095741405509z-storage-init-1","Networks":"diagstale-20261001t095741405509z_default","Ports":"","Project":"diagstale-20261001t095741405509z","Publishers":[],"RunningFor":"11 minutes ago","Service":"storage-init","Size":"0B","State":"exited","Status":"Exited (0) 11 minutes ago"}
{"Command":"\"celery -A app.worke…\"","CreatedAt":"2026-10-01 10:57:41 +0100 WAT","Engine":"","ExitCode":0,"Health":"","ID":"5358ed276658","Image":"recap-studio-worker:latest","Labels":"com.docker.compose.project.config_files=D:\\projects\\manhua review\\diagnostic-stale.compose.yml,com.docker.compose.depends_on=storage-init:service_completed_successfully:false,redis:service_healthy:false,migrate:service_completed_successfully:false,com.docker.compose.image=sha256:dced672dde2b1e96b03b47cce1ef992d13eb93ffbd78579a8c390b3e6c4da196,com.docker.compose.project.working_dir=D:\\projects\\manhua review,com.docker.compose.service=worker,com.docker.compose.version=5.5.1,desktop.docker.io/ports.scheme=v2,com.docker.compose.config-hash=a459cec9a0189b7b63c974adf5d4fbc07e5f9a79d42b3173a7ef36654d0122b9,com.docker.compose.container-number=1,com.docker.compose.oneoff=False,com.docker.compose.project=diagstale-20261001t095741405509z","LocalVolumes":"0","Mounts":"","Name":"diagstale-20261001t095741405509z-worker-1","Names":"diagstale-20261001t095741405509z-worker-1","Networks":"diagstale-20261001t095741405509z_default","Ports":"8000/tcp","Project":"diagstale-20261001t095741405509z","Publishers":[{"URL":"","TargetPort":8000,"PublishedPort":0,"Protocol":"tcp"}],"RunningFor":"11 minutes ago","Service":"worker","Size":"0B","State":"running","Status":"Up 39 seconds"}

FINAL BEFORE CLEANUP worker STATE/HEALTH
{"Status":"running","Running":true,"Paused":false,"Restarting":false,"OOMKilled":false,"Dead":false,"Pid":52016,"ExitCode":0,"Error":"","StartedAt":"2026-10-01T10:08:31.012235617Z","FinishedAt":"2026-10-01T10:08:30.869728072Z"}

FINAL BEFORE CLEANUP backend STATE/HEALTH
{"Status":"running","Running":true,"Paused":false,"Restarting":false,"OOMKilled":false,"Dead":false,"Pid":52932,"ExitCode":0,"Error":"","StartedAt":"2026-10-01T10:08:51.368617405Z","FinishedAt":"2026-10-01T10:08:51.226934406Z"}

FINAL BEFORE CLEANUP redis STATE/HEALTH
{"Status":"running","Running":true,"Paused":false,"Restarting":false,"OOMKilled":false,"Dead":false,"Pid":53755,"ExitCode":0,"Error":"","StartedAt":"2026-10-01T10:09:08.463040415Z","FinishedAt":"2026-10-01T10:09:08.311126689Z","Health":{"Status":"healthy","FailingStreak":0,"Log":[{"Start":"2026-10-01T10:09:01.263564988Z","End":"2026-10-01T10:09:01.292562331Z","ExitCode":0,"Output":"PONG\n"},{"Start":"2026-10-01T10:09:03.293349094Z","End":"2026-10-01T10:09:03.322200086Z","ExitCode":0,"Output":"PONG\n"},{"Start":"2026-10-01T10:09:05.322889243Z","End":"2026-10-01T10:09:05.351849874Z","ExitCode":0,"Output":"PONG\n"},{"Start":"2026-10-01T10:09:07.352589474Z","End":"2026-10-01T10:09:07.384071964Z","ExitCode":0,"Output":"PONG\n"},{"Start":"2026-10-01T10:09:10.567789339Z","End":"2026-10-01T10:09:10.596089056Z","ExitCode":0,"Output":"PONG\n"}]}}

FINAL BEFORE CLEANUP LOGS
redis-1   | 2026-10-01T09:57:42.157818562Z 1:C 01 Oct 2026 09:57:42.157 * oO0OoO0OoO0Oo Redis is starting oO0OoO0OoO0Oo
worker-1  | 2026-10-01T09:57:47.391908957Z  
redis-1   | 2026-10-01T09:57:42.157855251Z 1:C 01 Oct 2026 09:57:42.157 * Redis version=7.4.5, bits=64, commit=00000000, modified=0, pid=1, just started
worker-1  | 2026-10-01T09:57:47.391943681Z  -------------- celery@5358ed276658 v5.6.3 (recovery)
worker-1  | 2026-10-01T09:57:47.391946569Z --- ***** ----- 
redis-1   | 2026-10-01T09:57:42.157858502Z 1:C 01 Oct 2026 09:57:42.157 # Warning: no config file specified, using the default config. In order to specify a config file use redis-server /path/to/redis.conf
redis-1   | 2026-10-01T09:57:42.158206326Z 1:M 01 Oct 2026 09:57:42.158 * monotonic clock: POSIX clock_gettime
worker-1  | 2026-10-01T09:57:47.391947977Z -- ******* ---- Linux-6.18.40.1-microsoft-standard-WSL2-x86_64-with-glibc2.36 2026-10-01 09:57:47
worker-1  | 2026-10-01T09:57:47.391949299Z - *** --- * --- 
redis-1   | 2026-10-01T09:57:42.158903782Z 1:M 01 Oct 2026 09:57:42.158 * Running mode=standalone, port=6379.
worker-1  | 2026-10-01T09:57:47.391951123Z - ** ---------- [config]
worker-1  | 2026-10-01T09:57:47.391952614Z - ** ---------- .> app:         recap:0x72436c2db5f0
redis-1   | 2026-10-01T09:57:42.159238744Z 1:M 01 Oct 2026 09:57:42.159 * Server initialized
redis-1   | 2026-10-01T09:57:42.159246967Z 1:M 01 Oct 2026 09:57:42.159 * Ready to accept connections tcp
worker-1  | 2026-10-01T09:57:47.391954393Z - ** ---------- .> transport:   redis://redis:6379/0
redis-1   | 2026-10-01T10:09:08.303748641Z 1:signal-handler (1790849348) Received SIGTERM scheduling shutdown...
worker-1  | 2026-10-01T09:57:47.391955815Z - ** ---------- .> results:     disabled://
worker-1  | 2026-10-01T09:57:47.391957061Z - *** --- * --- .> concurrency: 2 (prefork)
redis-1   | 2026-10-01T10:09:08.304993973Z 1:M 01 Oct 2026 10:09:08.304 * User requested shutdown...
worker-1  | 2026-10-01T09:57:47.391958397Z -- ******* ---- .> task events: OFF (enable -E to monitor tasks in this worker)
redis-1   | 2026-10-01T10:09:08.305013334Z 1:M 01 Oct 2026 10:09:08.304 * Saving the final RDB snapshot before exiting.
redis-1   | 2026-10-01T10:09:08.308981855Z 1:M 01 Oct 2026 10:09:08.308 * DB saved on disk
worker-1  | 2026-10-01T09:57:47.391959806Z --- ***** ----- 
redis-1   | 2026-10-01T10:09:08.309007336Z 1:M 01 Oct 2026 10:09:08.308 # Redis is now ready to exit, bye bye...
redis-1   | 2026-10-01T10:09:08.571964829Z 1:C 01 Oct 2026 10:09:08.571 * oO0OoO0OoO0Oo Redis is starting oO0OoO0OoO0Oo
redis-1   | 2026-10-01T10:09:08.571989629Z 1:C 01 Oct 2026 10:09:08.571 * Redis version=7.4.5, bits=64, commit=00000000, modified=0, pid=1, just started
worker-1  | 2026-10-01T09:57:47.391961117Z  -------------- [queues]
redis-1   | 2026-10-01T10:09:08.571992862Z 1:C 01 Oct 2026 10:09:08.571 # Warning: no config file specified, using the default config. In order to specify a config file use redis-server /path/to/redis.conf
worker-1  | 2026-10-01T09:57:47.391962457Z                 .> system           exchange=system(direct) key=system
worker-1  | 2026-10-01T09:57:47.391964044Z                 
worker-1  | 2026-10-01T09:57:47.391965392Z 
redis-1   | 2026-10-01T10:09:08.572403901Z 1:M 01 Oct 2026 10:09:08.572 * monotonic clock: POSIX clock_gettime
worker-1  | 2026-10-01T09:57:47.391966723Z [tasks]
redis-1   | 2026-10-01T10:09:08.573371153Z 1:M 01 Oct 2026 10:09:08.573 * Running mode=standalone, port=6379.
redis-1   | 2026-10-01T10:09:08.573958271Z 1:M 01 Oct 2026 10:09:08.573 * Server initialized
worker-1  | 2026-10-01T09:57:47.391968036Z   . ingestion.process
redis-1   | 2026-10-01T10:09:08.574075259Z 1:M 01 Oct 2026 10:09:08.573 * Loading RDB produced by version 7.4.5
worker-1  | 2026-10-01T09:57:47.391969214Z   . system.heartbeat
redis-1   | 2026-10-01T10:09:08.574086062Z 1:M 01 Oct 2026 10:09:08.574 * RDB age 0 seconds
worker-1  | 2026-10-01T09:57:47.391970522Z 
worker-1  | 2026-10-01T09:57:47.462745835Z {"timestamp": "2026-10-01T09:57:47.462420+00:00", "level": "INFO", "logger": "celery.worker.consumer.connection", "event": "Connected to redis://redis:6379/0", "request_id": null, "job_id": null, "user_id": null, "project_id": null, "stage": null, "status": null, "error": null, "duration_ms": null}
redis-1   | 2026-10-01T10:09:08.574088293Z 1:M 01 Oct 2026 10:09:08.574 * RDB memory usage when created 1.64 Mb
redis-1   | 2026-10-01T10:09:08.574425458Z 1:M 01 Oct 2026 10:09:08.574 * Done loading RDB, keys loaded: 3, keys expired: 0.
redis-1   | 2026-10-01T10:09:08.574574076Z 1:M 01 Oct 2026 10:09:08.574 * DB loaded from disk: 0.001 seconds
worker-1  | 2026-10-01T09:57:47.464291820Z {"timestamp": "2026-10-01T09:57:47.464146+00:00", "level": "INFO", "logger": "celery.worker.consumer.mingle", "event": "mingle: searching for neighbors", "request_id": null, "job_id": null, "user_id": null, "project_id": null, "stage": null, "status": null, "error": null, "duration_ms": null}
redis-1   | 2026-10-01T10:09:08.574583836Z 1:M 01 Oct 2026 10:09:08.574 * Ready to accept connections tcp
worker-1  | 2026-10-01T09:57:48.471718612Z {"timestamp": "2026-10-01T09:57:48.471534+00:00", "level": "INFO", "logger": "celery.worker.consumer.mingle", "event": "mingle: all alone", "request_id": null, "job_id": null, "user_id": null, "project_id": null, "stage": null, "status": null, "error": null, "duration_ms": null}
worker-1  | 2026-10-01T09:57:48.478909713Z {"timestamp": "2026-10-01T09:57:48.478783+00:00", "level": "INFO", "logger": "celery.apps.worker", "event": "celery@5358ed276658 ready.", "request_id": null, "job_id": null, "user_id": null, "project_id": null, "stage": null, "status": null, "error": null, "duration_ms": null}
worker-1  | 2026-10-01T09:58:02.117899763Z {"timestamp": "2026-10-01T09:58:02.117509+00:00", "level": "INFO", "logger": "celery.worker.strategy", "event": "Task ingestion.process[fe5b2c46-1820-48ca-a9c0-71b5e9143cfb] received", "request_id": null, "job_id": null, "user_id": null, "project_id": null, "stage": null, "status": null, "error": null, "duration_ms": null}
worker-1  | 2026-10-01T10:08:06.069949607Z  
worker-1  | 2026-10-01T10:08:06.069979964Z  -------------- celery@5358ed276658 v5.6.3 (recovery)
worker-1  | 2026-10-01T10:08:06.069981614Z --- ***** ----- 
worker-1  | 2026-10-01T10:08:06.069982685Z -- ******* ---- Linux-6.18.40.1-microsoft-standard-WSL2-x86_64-with-glibc2.36 2026-10-01 10:08:06
worker-1  | 2026-10-01T10:08:06.069983643Z - *** --- * --- 
worker-1  | 2026-10-01T10:08:06.069984462Z - ** ---------- [config]
worker-1  | 2026-10-01T10:08:06.069985301Z - ** ---------- .> app:         recap:0x73c156ca5520
worker-1  | 2026-10-01T10:08:06.069986867Z - ** ---------- .> transport:   redis://redis:6379/0
worker-1  | 2026-10-01T10:08:06.069987727Z - ** ---------- .> results:     disabled://
worker-1  | 2026-10-01T10:08:06.069988602Z - *** --- * --- .> concurrency: 2 (prefork)
worker-1  | 2026-10-01T10:08:06.069989473Z -- ******* ---- .> task events: OFF (enable -E to monitor tasks in this worker)
worker-1  | 2026-10-01T10:08:06.069990405Z --- ***** ----- 
worker-1  | 2026-10-01T10:08:06.069991178Z  -------------- [queues]
worker-1  | 2026-10-01T10:08:06.069992001Z                 .> system           exchange=system(direct) key=system
worker-1  | 2026-10-01T10:08:06.069992874Z                 
worker-1  | 2026-10-01T10:08:06.069993638Z 
worker-1  | 2026-10-01T10:08:06.069994402Z [tasks]
worker-1  | 2026-10-01T10:08:06.069995181Z   . ingestion.process
worker-1  | 2026-10-01T10:08:06.069996093Z   . system.heartbeat
worker-1  | 2026-10-01T10:08:06.069996888Z 
worker-1  | 2026-10-01T10:08:06.154694612Z {"timestamp": "2026-10-01T10:08:06.154443+00:00", "level": "INFO", "logger": "celery.worker.consumer.connection", "event": "Connected to redis://redis:6379/0", "request_id": null, "job_id": null, "user_id": null, "project_id": null, "stage": null, "status": null, "error": null, "duration_ms": null}
worker-1  | 2026-10-01T10:08:06.157401488Z {"timestamp": "2026-10-01T10:08:06.157145+00:00", "level": "INFO", "logger": "celery.worker.consumer.mingle", "event": "mingle: searching for neighbors", "request_id": null, "job_id": null, "user_id": null, "project_id": null, "stage": null, "status": null, "error": null, "duration_ms": null}
worker-1  | 2026-10-01T10:08:07.164943260Z {"timestamp": "2026-10-01T10:08:07.164773+00:00", "level": "INFO", "logger": "celery.worker.consumer.mingle", "event": "mingle: all alone", "request_id": null, "job_id": null, "user_id": null, "project_id": null, "stage": null, "status": null, "error": null, "duration_ms": null}
worker-1  | 2026-10-01T10:08:07.172362962Z {"timestamp": "2026-10-01T10:08:07.172206+00:00", "level": "INFO", "logger": "celery.apps.worker", "event": "celery@5358ed276658 ready.", "request_id": null, "job_id": null, "user_id": null, "project_id": null, "stage": null, "status": null, "error": null, "duration_ms": null}
worker-1  | 2026-10-01T10:08:19.724264557Z {"timestamp": "2026-10-01T10:08:19.724071+00:00", "level": "INFO", "logger": "celery.worker.strategy", "event": "Task ingestion.process[b3488e20-f410-450b-a27e-50c7c5a0782b] received", "request_id": null, "job_id": null, "user_id": null, "project_id": null, "stage": null, "status": null, "error": null, "duration_ms": null}
worker-1  | 2026-10-01T10:08:27.381748951Z {"timestamp": "2026-10-01T10:08:27.381473+00:00", "level": "INFO", "logger": "celery.app.trace", "event": "Task ingestion.process[b3488e20-f410-450b-a27e-50c7c5a0782b] succeeded in 7.6575497220001125s: None", "request_id": null, "job_id": null, "user_id": null, "project_id": null, "stage": null, "status": null, "error": null, "duration_ms": null}
worker-1  | 2026-10-01T10:08:28.507919007Z 
worker-1  | 2026-10-01T10:08:28.507939155Z worker: Warm shutdown (MainProcess)
worker-1  | 2026-10-01T10:08:31.876798041Z  
worker-1  | 2026-10-01T10:08:31.876825639Z  -------------- celery@5358ed276658 v5.6.3 (recovery)
worker-1  | 2026-10-01T10:08:31.876828582Z --- ***** ----- 
worker-1  | 2026-10-01T10:08:31.876830105Z -- ******* ---- Linux-6.18.40.1-microsoft-standard-WSL2-x86_64-with-glibc2.36 2026-10-01 10:08:31
worker-1  | 2026-10-01T10:08:31.876831551Z - *** --- * --- 
worker-1  | 2026-10-01T10:08:31.876832867Z - ** ---------- [config]
worker-1  | 2026-10-01T10:08:31.876834631Z - ** ---------- .> app:         recap:0x7037e3b63620
worker-1  | 2026-10-01T10:08:31.876838091Z - ** ---------- .> transport:   redis://redis:6379/0
worker-1  | 2026-10-01T10:08:31.876839491Z - ** ---------- .> results:     disabled://
worker-1  | 2026-10-01T10:08:31.876841010Z - *** --- * --- .> concurrency: 2 (prefork)
worker-1  | 2026-10-01T10:08:31.876842421Z -- ******* ---- .> task events: OFF (enable -E to monitor tasks in this worker)
worker-1  | 2026-10-01T10:08:31.876843702Z --- ***** ----- 
worker-1  | 2026-10-01T10:08:31.876844891Z  -------------- [queues]
worker-1  | 2026-10-01T10:08:31.876846172Z                 .> system           exchange=system(direct) key=system
worker-1  | 2026-10-01T10:08:31.876847650Z                 
worker-1  | 2026-10-01T10:08:31.876848781Z 
worker-1  | 2026-10-01T10:08:31.876850054Z [tasks]
worker-1  | 2026-10-01T10:08:31.876851372Z   . ingestion.process
worker-1  | 2026-10-01T10:08:31.876852719Z   . system.heartbeat
worker-1  | 2026-10-01T10:08:31.876854299Z 
worker-1  | 2026-10-01T10:08:31.965674494Z {"timestamp": "2026-10-01T10:08:31.965421+00:00", "level": "INFO", "logger": "celery.worker.consumer.connection", "event": "Connected to redis://redis:6379/0", "request_id": null, "job_id": null, "user_id": null, "project_id": null, "stage": null, "status": null, "error": null, "duration_ms": null}
worker-1  | 2026-10-01T10:08:31.968890217Z {"timestamp": "2026-10-01T10:08:31.968728+00:00", "level": "INFO", "logger": "celery.worker.consumer.mingle", "event": "mingle: searching for neighbors", "request_id": null, "job_id": null, "user_id": null, "project_id": null, "stage": null, "status": null, "error": null, "duration_ms": null}
worker-1  | 2026-10-01T10:08:32.977488215Z {"timestamp": "2026-10-01T10:08:32.977119+00:00", "level": "INFO", "logger": "celery.worker.consumer.mingle", "event": "mingle: all alone", "request_id": null, "job_id": null, "user_id": null, "project_id": null, "stage": null, "status": null, "error": null, "duration_ms": null}
worker-1  | 2026-10-01T10:08:32.984845188Z {"timestamp": "2026-10-01T10:08:32.984679+00:00", "level": "INFO", "logger": "celery.apps.worker", "event": "celery@5358ed276658 ready.", "request_id": null, "job_id": null, "user_id": null, "project_id": null, "stage": null, "status": null, "error": null, "duration_ms": null}
worker-1  | 2026-10-01T10:09:08.310796040Z {"timestamp": "2026-10-01T10:09:08.310626+00:00", "level": "WARNING", "logger": "celery.worker.consumer.consumer", "event": "consumer: Connection to broker lost. Trying to re-establish the connection...", "request_id": null, "job_id": null, "user_id": null, "project_id": null, "stage": null, "status": null, "error": null, "duration_ms": null}
worker-1  | 2026-10-01T10:09:08.312502909Z {"timestamp": "2026-10-01T10:09:08.312347+00:00", "level": "WARNING", "logger": "py.warnings", "event": "/usr/local/lib/python3.12/site-packages/celery/worker/consumer/consumer.py:397: CPendingDeprecationWarning: \nIn Celery 5.1 we introduced an optional breaking change which\non connection loss cancels all currently executed tasks with late acknowledgement enabled.\nThese tasks cannot be acknowledged as the connection is gone, and the tasks are automatically redelivered\nback to the queue. You can enable this behavior using the worker_cancel_long_running_tasks_on_connection_loss\nsetting. In Celery 5.1 it is set to False by default. The setting will be set to True by default in Celery 6.0.\n\n  warnings.warn(CANCEL_TASKS_BY_DEFAULT, CPendingDeprecationWarning)\n", "request_id": null, "job_id": null, "user_id": null, "project_id": null, "stage": null, "status": null, "error": null, "duration_ms": null}
worker-1  | 2026-10-01T10:09:08.314991909Z {"timestamp": "2026-10-01T10:09:08.314868+00:00", "level": "ERROR", "logger": "celery.worker.consumer.consumer", "event": "consumer: Cannot connect to redis://redis:6379/0: Error 111 connecting to redis:6379. Connection refused..\nTrying again in 2.00 seconds... (1/100)\n", "request_id": null, "job_id": null, "user_id": null, "project_id": null, "stage": null, "status": null, "error": null, "duration_ms": null}
worker-1  | 2026-10-01T10:09:10.318282906Z {"timestamp": "2026-10-01T10:09:10.318070+00:00", "level": "INFO", "logger": "celery.worker.consumer.connection", "event": "Connected to redis://redis:6379/0", "request_id": null, "job_id": null, "user_id": null, "project_id": null, "stage": null, "status": null, "error": null, "duration_ms": null}
worker-1  | 2026-10-01T10:09:10.320880861Z {"timestamp": "2026-10-01T10:09:10.320763+00:00", "level": "INFO", "logger": "celery.worker.consumer.mingle", "event": "mingle: searching for neighbors", "request_id": null, "job_id": null, "user_id": null, "project_id": null, "stage": null, "status": null, "error": null, "duration_ms": null}
backend-1  | 2026-10-01T09:57:48.172952312Z INFO:     Started server process [1]
backend-1  | 2026-10-01T09:57:48.172995803Z INFO:     Waiting for application startup.
backend-1  | 2026-10-01T09:57:48.175391916Z INFO:     Application startup complete.
backend-1  | 2026-10-01T09:57:48.175628546Z INFO:     Uvicorn running on http://0.0.0.0:8000 (Press CTRL+C to quit)
backend-1  | 2026-10-01T09:57:48.399877007Z INFO:     172.19.0.7:40130 - "GET /health/live HTTP/1.1" 200 OK
backend-1  | 2026-10-01T09:57:48.399900549Z {"timestamp": "2026-10-01T09:57:48.399575+00:00", "level": "INFO", "logger": "app.main", "event": "request_completed", "request_id": "164aeae3-541b-48ef-b096-3a838277f582", "job_id": null, "user_id": null, "project_id": null, "stage": null, "status": 200, "error": null, "duration_ms": 29}
backend-1  | 2026-10-01T09:58:01.764648170Z {"timestamp": "2026-10-01T09:58:01.764460+00:00", "level": "INFO", "logger": "app.main", "event": "request_completed", "request_id": "b083964f-bfe7-434b-bd0f-1fb8200a8697", "job_id": null, "user_id": null, "project_id": null, "stage": null, "status": 201, "error": null, "duration_ms": 100}
backend-1  | 2026-10-01T09:58:01.764674789Z INFO:     172.19.0.7:33036 - "POST /api/v1/auth/register HTTP/1.1" 201 Created
backend-1  | 2026-10-01T09:58:01.780702990Z {"timestamp": "2026-10-01T09:58:01.780535+00:00", "level": "INFO", "logger": "app.main", "event": "request_completed", "request_id": "7ce9d665-3235-4865-adc0-40c68aa85820", "job_id": null, "user_id": null, "project_id": null, "stage": null, "status": 201, "error": null, "duration_ms": 10}
backend-1  | 2026-10-01T09:58:01.780756880Z INFO:     172.19.0.7:33036 - "POST /api/v1/projects HTTP/1.1" 201 Created
backend-1  | 2026-10-01T09:58:01.794062063Z {"timestamp": "2026-10-01T09:58:01.793883+00:00", "level": "INFO", "logger": "app.main", "event": "request_completed", "request_id": "79600c10-d73c-4c65-83a9-688e50d51c6a", "job_id": null, "user_id": null, "project_id": null, "stage": null, "status": 201, "error": null, "duration_ms": 8}
backend-1  | 2026-10-01T09:58:01.794095618Z INFO:     172.19.0.7:33036 - "POST /api/v1/projects/5c1b2031-5abb-47b6-891c-b3ff03b3f283/chapters HTTP/1.1" 201 Created
backend-1  | 2026-10-01T09:58:02.120170501Z {"timestamp": "2026-10-01T09:58:02.119997+00:00", "level": "INFO", "logger": "app.main", "event": "request_completed", "request_id": "69bc5362-33b4-4e42-b7c8-b01b8abc0e92", "job_id": null, "user_id": null, "project_id": null, "stage": null, "status": 200, "error": null, "duration_ms": 225}
backend-1  | 2026-10-01T09:58:02.120258740Z INFO:     172.19.0.7:33036 - "POST /api/v1/chapters/04fc6c9f-5abf-4ccc-814c-4f1582ba3f16/upload HTTP/1.1" 200 OK
backend-1  | 2026-10-01T10:08:19.723475727Z {"timestamp": "2026-10-01T10:08:19.723224+00:00", "level": "INFO", "logger": "app.main", "event": "request_completed", "request_id": "ee52f0cd-864c-4bab-b214-017ebe0c2afa", "job_id": null, "user_id": null, "project_id": null, "stage": null, "status": 200, "error": null, "duration_ms": 69}
backend-1  | 2026-10-01T10:08:19.723538908Z INFO:     172.19.0.7:58358 - "POST /api/v1/chapters/04fc6c9f-5abf-4ccc-814c-4f1582ba3f16/processing-retry HTTP/1.1" 200 OK
backend-1  | 2026-10-01T10:08:32.003797702Z {"timestamp": "2026-10-01T10:08:32.003621+00:00", "level": "INFO", "logger": "app.main", "event": "request_completed", "request_id": "260ad1a8-55e9-44af-9f45-612087f2fad7", "job_id": null, "user_id": null, "project_id": null, "stage": null, "status": 200, "error": null, "duration_ms": 0}
backend-1  | 2026-10-01T10:08:32.003833077Z INFO:     172.19.0.7:45738 - "GET /health/live HTTP/1.1" 200 OK
backend-1  | 2026-10-01T10:08:50.831533911Z INFO:     Shutting down
backend-1  | 2026-10-01T10:08:50.932122245Z INFO:     Waiting for application shutdown.
backend-1  | 2026-10-01T10:08:50.932887837Z INFO:     Application shutdown complete.
backend-1  | 2026-10-01T10:08:50.933203176Z INFO:     Finished server process [1]
backend-1  | 2026-10-01T10:08:52.888814938Z INFO:     Started server process [1]
backend-1  | 2026-10-01T10:08:52.888833611Z INFO:     Waiting for application startup.
backend-1  | 2026-10-01T10:08:52.898578212Z INFO:     Application startup complete.
backend-1  | 2026-10-01T10:08:52.898870595Z INFO:     Uvicorn running on http://0.0.0.0:8000 (Press CTRL+C to quit)
backend-1  | 2026-10-01T10:08:53.440518074Z {"timestamp": "2026-10-01T10:08:53.440282+00:00", "level": "INFO", "logger": "app.main", "event": "request_completed", "request_id": "793c51a4-b715-4491-b196-97e4ed09b7cc", "job_id": null, "user_id": null, "project_id": null, "stage": null, "status": 200, "error": null, "duration_ms": 25}
backend-1  | 2026-10-01T10:08:53.440565172Z INFO:     172.19.0.7:60136 - "GET /health/live HTTP/1.1" 200 OK
backend-1  | 2026-10-01T10:09:09.526048907Z {"timestamp": "2026-10-01T10:09:09.525797+00:00", "level": "INFO", "logger": "app.main", "event": "request_completed", "request_id": "f9424e2d-3682-4940-a451-287a3af85e32", "job_id": null, "user_id": null, "project_id": null, "stage": null, "status": 200, "error": null, "duration_ms": 1}
backend-1  | 2026-10-01T10:09:09.526088039Z INFO:     172.19.0.7:49988 - "GET /health/live HTTP/1.1" 200 OK
