Single natural stale recovery diagnostic; INGESTION RECOVERY = OPEN
Classification: single-natural-stale-completion-passed-not-final-acceptance
STARTUP
 Network diagstale-20261001t101422152631z_default Creating 
 Network diagstale-20261001t101422152631z_default Creating 
 Network diagstale-20261001t101422152631z_default Created 
 Network diagstale-20261001t101422152631z_default Created 
 Container diagstale-20261001t101422152631z-storage-1 Creating 
 Container diagstale-20261001t101422152631z-postgres-1 Creating 
 Container diagstale-20261001t101422152631z-redis-1 Creating 
 Container diagstale-20261001t101422152631z-storage-1 Created 
 Container diagstale-20261001t101422152631z-storage-init-1 Creating 
 Container diagstale-20261001t101422152631z-postgres-1 Created 
 Container diagstale-20261001t101422152631z-redis-1 Created 
 Container diagstale-20261001t101422152631z-migrate-1 Creating 
 Container diagstale-20261001t101422152631z-storage-init-1 Created 
 Container diagstale-20261001t101422152631z-migrate-1 Created 
 Container diagstale-20261001t101422152631z-worker-1 Creating 
 Container diagstale-20261001t101422152631z-backend-1 Creating 
 Container diagstale-20261001t101422152631z-worker-1 Created 
 Container diagstale-20261001t101422152631z-backend-1 Created 
 Container diagstale-20261001t101422152631z-redis-1 Starting 
 Container diagstale-20261001t101422152631z-storage-1 Starting 
 Container diagstale-20261001t101422152631z-postgres-1 Starting 
 Container diagstale-20261001t101422152631z-redis-1 Started 
 Container diagstale-20261001t101422152631z-storage-1 Started 
 Container diagstale-20261001t101422152631z-storage-1 Waiting 
 Container diagstale-20261001t101422152631z-postgres-1 Started 
 Container diagstale-20261001t101422152631z-postgres-1 Waiting 
 Container diagstale-20261001t101422152631z-storage-1 Healthy 
 Container diagstale-20261001t101422152631z-storage-init-1 Starting 
 Container diagstale-20261001t101422152631z-postgres-1 Healthy 
 Container diagstale-20261001t101422152631z-migrate-1 Starting 
 Container diagstale-20261001t101422152631z-storage-init-1 Started 
 Container diagstale-20261001t101422152631z-migrate-1 Started 
 Container diagstale-20261001t101422152631z-storage-init-1 Waiting 
 Container diagstale-20261001t101422152631z-migrate-1 Waiting 
 Container diagstale-20261001t101422152631z-redis-1 Waiting 
 Container diagstale-20261001t101422152631z-storage-init-1 Waiting 
 Container diagstale-20261001t101422152631z-migrate-1 Waiting 
 Container diagstale-20261001t101422152631z-redis-1 Waiting 
 Container diagstale-20261001t101422152631z-redis-1 Healthy 
 Container diagstale-20261001t101422152631z-redis-1 Healthy 
 Container diagstale-20261001t101422152631z-storage-init-1 Exited 
 Container diagstale-20261001t101422152631z-storage-init-1 Exited 
 Container diagstale-20261001t101422152631z-migrate-1 Exited 
 Container diagstale-20261001t101422152631z-backend-1 Starting 
 Container diagstale-20261001t101422152631z-migrate-1 Exited 
 Container diagstale-20261001t101422152631z-worker-1 Starting 
 Container diagstale-20261001t101422152631z-backend-1 Started 
 Container diagstale-20261001t101422152631z-worker-1 Started 

KILL
 Container diagstale-20261001t101422152631z-worker-1 Killing 
 Container diagstale-20261001t101422152631z-worker-1 Killed 

kill CONTAINER STATUS
{"Command":"\"uvicorn app.main:ap…\"","CreatedAt":"2026-10-01 11:14:22 +0100 WAT","Engine":"","ExitCode":0,"Health":"","ID":"4d9203697b09","Image":"recap-studio-backend:latest","Labels":"com.docker.compose.project.working_dir=D:\\projects\\manhua review,com.docker.compose.config-hash=44a777fa728b07ed1b2c39aa142e70a1af7d5da8deff5b489e92330ce23c27e7,com.docker.compose.depends_on=migrate:service_completed_successfully:false,storage-init:service_completed_successfully:false,redis:service_healthy:false,com.docker.compose.image=sha256:d6c23f78bcaa26a636285b5d86d2a14294a1aca0938fc7752a3a9f205e4ffa8a,com.docker.compose.service=backend,com.docker.compose.version=5.5.1,desktop.docker.io/ports.scheme=v2,com.docker.compose.container-number=1,com.docker.compose.oneoff=False,com.docker.compose.project=diagstale-20261001t101422152631z,com.docker.compose.project.config_files=D:\\projects\\manhua review\\diagnostic-stale.compose.yml","LocalVolumes":"0","Mounts":"","Name":"diagstale-20261001t101422152631z-backend-1","Names":"diagstale-20261001t101422152631z-backend-1","Networks":"diagstale-20261001t101422152631z_default","Ports":"8000/tcp","Project":"diagstale-20261001t101422152631z","Publishers":[{"URL":"","TargetPort":8000,"PublishedPort":0,"Protocol":"tcp"}],"RunningFor":"22 seconds ago","Service":"backend","Size":"0B","State":"running","Status":"Up 16 seconds"}
{"Command":"\"alembic upgrade head\"","CreatedAt":"2026-10-01 11:14:22 +0100 WAT","Engine":"","ExitCode":0,"Health":"","ID":"ab6e54794b93","Image":"recap-studio-backend:latest","Labels":"com.docker.compose.depends_on=postgres:service_healthy:false,com.docker.compose.image=sha256:d6c23f78bcaa26a636285b5d86d2a14294a1aca0938fc7752a3a9f205e4ffa8a,com.docker.compose.project.config_files=D:\\projects\\manhua review\\diagnostic-stale.compose.yml,com.docker.compose.project.working_dir=D:\\projects\\manhua review,desktop.docker.io/ports.scheme=v2,com.docker.compose.config-hash=56b8bfa2694996a85e69b04db575c4b376725028690f7a6b91e05e83acb8582e,com.docker.compose.oneoff=False,com.docker.compose.project=diagstale-20261001t101422152631z,com.docker.compose.service=migrate,com.docker.compose.version=5.5.1,com.docker.compose.container-number=1","LocalVolumes":"0","Mounts":"","Name":"diagstale-20261001t101422152631z-migrate-1","Names":"diagstale-20261001t101422152631z-migrate-1","Networks":"diagstale-20261001t101422152631z_default","Ports":"","Project":"diagstale-20261001t101422152631z","Publishers":[],"RunningFor":"22 seconds ago","Service":"migrate","Size":"0B","State":"exited","Status":"Exited (0) 17 seconds ago"}
{"Command":"\"docker-entrypoint.s…\"","CreatedAt":"2026-10-01 11:14:22 +0100 WAT","Engine":"","ExitCode":0,"Health":"healthy","ID":"a2598822245f","Image":"postgres:17.6-bookworm","Labels":"com.docker.compose.depends_on=,com.docker.compose.oneoff=False,com.docker.compose.project=diagstale-20261001t101422152631z,com.docker.compose.project.working_dir=D:\\projects\\manhua review,com.docker.compose.service=postgres,com.docker.compose.config-hash=a2a5d2d0879732322d67ea5b2a65f52f7181986de97c1c9fb4dd5b463e4b6438,com.docker.compose.container-number=1,com.docker.compose.image=sha256:45cd22f8d32e189d245403954882f88e7a8714301fda80dab6da90f1265b25a3,com.docker.compose.project.config_files=D:\\projects\\manhua review\\diagnostic-stale.compose.yml,com.docker.compose.version=5.5.1,desktop.docker.io/ports.scheme=v2","LocalVolumes":"1","Mounts":"56ab405ed36c41…","Name":"diagstale-20261001t101422152631z-postgres-1","Names":"diagstale-20261001t101422152631z-postgres-1","Networks":"diagstale-20261001t101422152631z_default","Ports":"5432/tcp","Project":"diagstale-20261001t101422152631z","Publishers":[{"URL":"","TargetPort":5432,"PublishedPort":0,"Protocol":"tcp"}],"RunningFor":"22 seconds ago","Service":"postgres","Size":"0B","State":"running","Status":"Up 21 seconds (healthy)"}
{"Command":"\"python /probe.py\"","CreatedAt":"2026-10-01 11:14:27 +0100 WAT","Engine":"","ExitCode":0,"Health":"","ID":"561b8867b6c5","Image":"recap-studio-backend:latest","Labels":"desktop.docker.io/binds/1/Target=/evidence,com.docker.compose.project.config_files=D:\\projects\\manhua review\\diagnostic-stale.compose.yml,com.docker.compose.service=probe,desktop.docker.io/binds/0/Target=/probe.py,desktop.docker.io/ports.scheme=v2,com.docker.compose.depends_on=,com.docker.compose.image=sha256:d6c23f78bcaa26a636285b5d86d2a14294a1aca0938fc7752a3a9f205e4ffa8a,com.docker.compose.slug=0df447206ee4b3c14da7424e15a29f86ee73a0c20b35ead30d7070917fd364a4,desktop.docker.io/binds/0/SourceKind=hostFile,desktop.docker.io/binds/1/SourceKind=hostFile,com.docker.compose.config-hash=be92af9f409d4eab2be44e8b43adfb15d83769719c22b7083db6c560476da5ee,desktop.docker.io/binds/0/Source=D:\\projects\\manhua review\\diagnostic_stale_probe.py,desktop.docker.io/binds/1/Source=D:/projects/manhua review/diagnostic-stale-evidence-20261001T101422152631Z,com.docker.compose.oneoff=True,com.docker.compose.project=diagstale-20261001t101422152631z,com.docker.compose.project.working_dir=D:\\projects\\manhua review,com.docker.compose.version=5.5.1","LocalVolumes":"0","Mounts":"/run/desktop/m…,/run/desktop/m…","Name":"diagstale-20261001t101422152631z-probe","Names":"diagstale-20261001t101422152631z-probe","Networks":"diagstale-20261001t101422152631z_default","Ports":"8000/tcp","Project":"diagstale-20261001t101422152631z","Publishers":[{"URL":"","TargetPort":8000,"PublishedPort":0,"Protocol":"tcp"}],"RunningFor":"17 seconds ago","Service":"probe","Size":"0B","State":"running","Status":"Up 16 seconds"}
{"Command":"\"docker-entrypoint.s…\"","CreatedAt":"2026-10-01 11:14:22 +0100 WAT","Engine":"","ExitCode":0,"Health":"healthy","ID":"7818e14bff7b","Image":"redis:7.4.5-bookworm","Labels":"desktop.docker.io/ports.scheme=v2,com.docker.compose.config-hash=b1a179c6673332468d0bf54222a913248efcf391001689aef8fe0917c8f20312,com.docker.compose.container-number=1,com.docker.compose.image=sha256:e3c80ea4c9c583621a7ba3a148d825b9d05b0b39793912fff5af315369e73344,com.docker.compose.project=diagstale-20261001t101422152631z,com.docker.compose.version=5.5.1,com.docker.compose.depends_on=,com.docker.compose.oneoff=False,com.docker.compose.project.config_files=D:\\projects\\manhua review\\diagnostic-stale.compose.yml,com.docker.compose.project.working_dir=D:\\projects\\manhua review,com.docker.compose.service=redis","LocalVolumes":"1","Mounts":"7cd4df7c688836…","Name":"diagstale-20261001t101422152631z-redis-1","Names":"diagstale-20261001t101422152631z-redis-1","Networks":"diagstale-20261001t101422152631z_default","Ports":"6379/tcp","Project":"diagstale-20261001t101422152631z","Publishers":[{"URL":"","TargetPort":6379,"PublishedPort":0,"Protocol":"tcp"}],"RunningFor":"22 seconds ago","Service":"redis","Size":"0B","State":"running","Status":"Up 21 seconds (healthy)"}
{"Command":"\"/usr/bin/docker-ent…\"","CreatedAt":"2026-10-01 11:14:22 +0100 WAT","Engine":"","ExitCode":0,"Health":"healthy","ID":"e208e392c5de","Image":"quay.io/minio/aistor/minio:RELEASE.2026-09-19T17-05-25Z@sha256:107cf2014a9583c74c11e3cdbd6903d89c2244355886b89ce532f4ecae9c23f3","Labels":"com.docker.compose.image=sha256:a94e1fe399bd050fe6d6148839597a4995350c0e62c9e83f0cec8b5630ed0a1e,com.docker.compose.project.config_files=D:\\projects\\manhua review\\diagnostic-stale.compose.yml,org.opencontainers.image.source=https://github.com/miniohq/aistor,url=https://catalog.redhat.com/en/search?searchType=containers,com.docker.compose.depends_on=,com.docker.compose.project.working_dir=D:\\projects\\manhua review,cpe=cpe:/a:redhat:enterprise_linux:9::appstream,distribution-scope=public,com.docker.compose.project=diagstale-20261001t101422152631z,desktop.docker.io/ports.scheme=v2,release=RELEASE.2026-09-19T17-05-25Z,vcs-type=git,version=RELEASE.2026-09-19T17-05-25Z,build-date=2026-09-14T00:32:05Z,com.docker.compose.version=5.5.1,org.opencontainers.image.revision=b3f01943b83e7975e01233fc613cb5f0941b57d1,com.docker.compose.container-number=1,com.docker.compose.service=storage,desktop.docker.io/mounts/0/Source=C:/Users/MSC/Downloads/minio.license,desktop.docker.io/mounts/0/Target=/run/secrets/minio.license,org.opencontainers.image.created=2026-09-14T00:32:05Z,com.docker.compose.oneoff=False,description=MinIO object storage is fundamentally different. Designed for performance and the S3 API, it is 100% open-source. MinIO is ideal for large, private cloud environments with stringent security requirements and delivers mission-critical availability across a diverse range of workloads.,desktop.docker.io/mounts/0/SourceKind=hostFile,maintainer=MinIO Inc \u003cdev@min.io\u003e,name=MinIO,vcs-ref=b3f01943b83e7975e01233fc613cb5f0941b57d1,vendor=MinIO Inc \u003cdev@min.io\u003e,com.docker.compose.config-hash=caf4703d7c6c695ea4682be31ed4fe99ccee05fc626540a5d054573144763e6e,com.redhat.component=ubi9-micro-container,io.buildah.version=1.44.0,io.k8s.description=Very small image which doesn't install the package manager.,io.openshift.expose-services=,com.redhat.license_terms=https://www.redhat.com/en/about/red-hat-end-user-license-agreements#UBI,io.k8s.display-name=Red Hat Universal Base Image 9 Micro,summary=MinIO is a High Performance Object Storage, API compatible with Amazon S3 cloud storage service.,architecture=x86_64","LocalVolumes":"1","Mounts":"d9edbd5e2adaf4…,/run/desktop/m…","Name":"diagstale-20261001t101422152631z-storage-1","Names":"diagstale-20261001t101422152631z-storage-1","Networks":"diagstale-20261001t101422152631z_default","Ports":"9000/tcp","Project":"diagstale-20261001t101422152631z","Publishers":[{"URL":"","TargetPort":9000,"PublishedPort":0,"Protocol":"tcp"}],"RunningFor":"22 seconds ago","Service":"storage","Size":"0B","State":"running","Status":"Up 21 seconds (healthy)"}
{"Command":"\"python -c 'import o…\"","CreatedAt":"2026-10-01 11:14:22 +0100 WAT","Engine":"","ExitCode":0,"Health":"","ID":"ec9ab7fef5f3","Image":"recap-studio-backend:latest","Labels":"desktop.docker.io/ports.scheme=v2,com.docker.compose.depends_on=storage:service_healthy:false,com.docker.compose.oneoff=False,com.docker.compose.service=storage-init,com.docker.compose.version=5.5.1,com.docker.compose.config-hash=4d1c7a794669f9ea6f3e8b601ef2d4b781630a2bc4935f6a058cb6e062558c4f,com.docker.compose.container-number=1,com.docker.compose.image=sha256:d6c23f78bcaa26a636285b5d86d2a14294a1aca0938fc7752a3a9f205e4ffa8a,com.docker.compose.project=diagstale-20261001t101422152631z,com.docker.compose.project.config_files=D:\\projects\\manhua review\\diagnostic-stale.compose.yml,com.docker.compose.project.working_dir=D:\\projects\\manhua review","LocalVolumes":"0","Mounts":"","Name":"diagstale-20261001t101422152631z-storage-init-1","Names":"diagstale-20261001t101422152631z-storage-init-1","Networks":"diagstale-20261001t101422152631z_default","Ports":"","Project":"diagstale-20261001t101422152631z","Publishers":[],"RunningFor":"22 seconds ago","Service":"storage-init","Size":"0B","State":"exited","Status":"Exited (0) 18 seconds ago"}
{"Command":"\"celery -A app.worke…\"","CreatedAt":"2026-10-01 11:14:22 +0100 WAT","Engine":"","ExitCode":137,"Health":"","ID":"75511a68015d","Image":"recap-studio-worker:latest","Labels":"com.docker.compose.oneoff=False,com.docker.compose.project.working_dir=D:\\projects\\manhua review,com.docker.compose.service=worker,com.docker.compose.project=diagstale-20261001t101422152631z,com.docker.compose.project.config_files=D:\\projects\\manhua review\\diagnostic-stale.compose.yml,com.docker.compose.version=5.5.1,desktop.docker.io/ports.scheme=v2,com.docker.compose.config-hash=a459cec9a0189b7b63c974adf5d4fbc07e5f9a79d42b3173a7ef36654d0122b9,com.docker.compose.container-number=1,com.docker.compose.depends_on=migrate:service_completed_successfully:false,storage-init:service_completed_successfully:false,redis:service_healthy:false,com.docker.compose.image=sha256:dced672dde2b1e96b03b47cce1ef992d13eb93ffbd78579a8c390b3e6c4da196","LocalVolumes":"0","Mounts":"","Name":"diagstale-20261001t101422152631z-worker-1","Names":"diagstale-20261001t101422152631z-worker-1","Networks":"diagstale-20261001t101422152631z_default","Ports":"","Project":"diagstale-20261001t101422152631z","Publishers":[],"RunningFor":"22 seconds ago","Service":"worker","Size":"0B","State":"exited","Status":"Exited (137) Less than a second ago"}

kill worker STATE/HEALTH
{"Status":"exited","Running":false,"Paused":false,"Restarting":false,"OOMKilled":false,"Dead":false,"Pid":0,"ExitCode":137,"Error":"","StartedAt":"2026-10-01T10:14:27.418671784Z","FinishedAt":"2026-10-01T10:14:43.956600036Z"}

kill backend STATE/HEALTH
{"Status":"running","Running":true,"Paused":false,"Restarting":false,"OOMKilled":false,"Dead":false,"Pid":58641,"ExitCode":0,"Error":"","StartedAt":"2026-10-01T10:14:27.286092025Z","FinishedAt":"0001-01-01T00:00:00Z"}

kill redis STATE/HEALTH
{"Status":"running","Running":true,"Paused":false,"Restarting":false,"OOMKilled":false,"Dead":false,"Pid":58056,"ExitCode":0,"Error":"","StartedAt":"2026-10-01T10:14:22.721729899Z","FinishedAt":"0001-01-01T00:00:00Z","Health":{"Status":"healthy","FailingStreak":0,"Log":[{"Start":"2026-10-01T10:14:35.012547989Z","End":"2026-10-01T10:14:35.041682977Z","ExitCode":0,"Output":"PONG\n"},{"Start":"2026-10-01T10:14:37.042383999Z","End":"2026-10-01T10:14:37.068051843Z","ExitCode":0,"Output":"PONG\n"},{"Start":"2026-10-01T10:14:39.069230409Z","End":"2026-10-01T10:14:39.110056597Z","ExitCode":0,"Output":"PONG\n"},{"Start":"2026-10-01T10:14:41.111227881Z","End":"2026-10-01T10:14:41.141152732Z","ExitCode":0,"Output":"PONG\n"},{"Start":"2026-10-01T10:14:43.142043436Z","End":"2026-10-01T10:14:43.169500454Z","ExitCode":0,"Output":"PONG\n"}]}}

kill LOGS
backend-1  | 2026-10-01T10:14:28.893293943Z INFO:     Started server process [1]
backend-1  | 2026-10-01T10:14:28.893323238Z INFO:     Waiting for application startup.
backend-1  | 2026-10-01T10:14:28.896522077Z INFO:     Application startup complete.
redis-1    | 2026-10-01T10:14:22.854069334Z 1:C 01 Oct 2026 10:14:22.853 * oO0OoO0OoO0Oo Redis is starting oO0OoO0OoO0Oo
backend-1  | 2026-10-01T10:14:28.896740300Z INFO:     Uvicorn running on http://0.0.0.0:8000 (Press CTRL+C to quit)
backend-1  | 2026-10-01T10:14:29.293401283Z {"timestamp": "2026-10-01T10:14:29.293139+00:00", "level": "INFO", "logger": "app.main", "event": "request_completed", "request_id": "80943157-ed2a-4ee9-b6f2-332b52b2130d", "job_id": null, "user_id": null, "project_id": null, "stage": null, "status": 200, "error": null, "duration_ms": 25}
backend-1  | 2026-10-01T10:14:29.293441727Z INFO:     172.19.0.7:57018 - "GET /health/live HTTP/1.1" 200 OK
backend-1  | 2026-10-01T10:14:42.695110536Z {"timestamp": "2026-10-01T10:14:42.694910+00:00", "level": "INFO", "logger": "app.main", "event": "request_completed", "request_id": "edbb43d8-f875-4cb4-ae65-2dabf7d0e698", "job_id": null, "user_id": null, "project_id": null, "stage": null, "status": 201, "error": null, "duration_ms": 100}
backend-1  | 2026-10-01T10:14:42.695155053Z INFO:     172.19.0.7:51812 - "POST /api/v1/auth/register HTTP/1.1" 201 Created
backend-1  | 2026-10-01T10:14:42.710667209Z {"timestamp": "2026-10-01T10:14:42.710483+00:00", "level": "INFO", "logger": "app.main", "event": "request_completed", "request_id": "376a4411-749f-42e4-9933-b87fae422fc8", "job_id": null, "user_id": null, "project_id": null, "stage": null, "status": 201, "error": null, "duration_ms": 10}
backend-1  | 2026-10-01T10:14:42.710698931Z INFO:     172.19.0.7:51812 - "POST /api/v1/projects HTTP/1.1" 201 Created
backend-1  | 2026-10-01T10:14:42.723056348Z {"timestamp": "2026-10-01T10:14:42.722887+00:00", "level": "INFO", "logger": "app.main", "event": "request_completed", "request_id": "390df14a-e749-4774-bb3c-7611986827f8", "job_id": null, "user_id": null, "project_id": null, "stage": null, "status": 201, "error": null, "duration_ms": 8}
backend-1  | 2026-10-01T10:14:42.723099494Z INFO:     172.19.0.7:51812 - "POST /api/v1/projects/8b9b9fe6-7402-4167-b1a7-12de33a3bcaf/chapters HTTP/1.1" 201 Created
backend-1  | 2026-10-01T10:14:43.043683989Z {"timestamp": "2026-10-01T10:14:43.043496+00:00", "level": "INFO", "logger": "app.main", "event": "request_completed", "request_id": "8ac01b7d-b9bc-447f-87db-d7c6ab490379", "job_id": null, "user_id": null, "project_id": null, "stage": null, "status": 200, "error": null, "duration_ms": 222}
backend-1  | 2026-10-01T10:14:43.043735739Z INFO:     172.19.0.7:51812 - "POST /api/v1/chapters/e43d0377-e034-450f-acec-7be0b53e338d/upload HTTP/1.1" 200 OK
redis-1    | 2026-10-01T10:14:22.854127748Z 1:C 01 Oct 2026 10:14:22.853 * Redis version=7.4.5, bits=64, commit=00000000, modified=0, pid=1, just started
redis-1    | 2026-10-01T10:14:22.854130670Z 1:C 01 Oct 2026 10:14:22.853 # Warning: no config file specified, using the default config. In order to specify a config file use redis-server /path/to/redis.conf
redis-1    | 2026-10-01T10:14:22.854487509Z 1:M 01 Oct 2026 10:14:22.854 * monotonic clock: POSIX clock_gettime
redis-1    | 2026-10-01T10:14:22.855435318Z 1:M 01 Oct 2026 10:14:22.855 * Running mode=standalone, port=6379.
redis-1    | 2026-10-01T10:14:22.855836092Z 1:M 01 Oct 2026 10:14:22.855 * Server initialized
redis-1    | 2026-10-01T10:14:22.855853746Z 1:M 01 Oct 2026 10:14:22.855 * Ready to accept connections tcp
worker-1   | 2026-10-01T10:14:28.348552611Z  
worker-1   | 2026-10-01T10:14:28.348588456Z  -------------- celery@75511a68015d v5.6.3 (recovery)
worker-1   | 2026-10-01T10:14:28.348591736Z --- ***** ----- 
worker-1   | 2026-10-01T10:14:28.348593290Z -- ******* ---- Linux-6.18.40.1-microsoft-standard-WSL2-x86_64-with-glibc2.36 2026-10-01 10:14:28
worker-1   | 2026-10-01T10:14:28.348594899Z - *** --- * --- 
worker-1   | 2026-10-01T10:14:28.348596265Z - ** ---------- [config]
worker-1   | 2026-10-01T10:14:28.348597667Z - ** ---------- .> app:         recap:0x788230eb38f0
worker-1   | 2026-10-01T10:14:28.348599426Z - ** ---------- .> transport:   redis://redis:6379/0
worker-1   | 2026-10-01T10:14:28.348600884Z - ** ---------- .> results:     disabled://
worker-1   | 2026-10-01T10:14:28.348602331Z - *** --- * --- .> concurrency: 2 (prefork)
worker-1   | 2026-10-01T10:14:28.348603775Z -- ******* ---- .> task events: OFF (enable -E to monitor tasks in this worker)
worker-1   | 2026-10-01T10:14:28.348607064Z --- ***** ----- 
worker-1   | 2026-10-01T10:14:28.348608468Z  -------------- [queues]
worker-1   | 2026-10-01T10:14:28.348609856Z                 .> system           exchange=system(direct) key=system
worker-1   | 2026-10-01T10:14:28.348611339Z                 
worker-1   | 2026-10-01T10:14:28.348612650Z 
worker-1   | 2026-10-01T10:14:28.348613969Z [tasks]
worker-1   | 2026-10-01T10:14:28.348615316Z   . ingestion.process
worker-1   | 2026-10-01T10:14:28.348616784Z   . system.heartbeat
worker-1   | 2026-10-01T10:14:28.348618199Z 
worker-1   | 2026-10-01T10:14:28.434150447Z {"timestamp": "2026-10-01T10:14:28.433608+00:00", "level": "INFO", "logger": "celery.worker.consumer.connection", "event": "Connected to redis://redis:6379/0", "request_id": null, "job_id": null, "user_id": null, "project_id": null, "stage": null, "status": null, "error": null, "duration_ms": null}
worker-1   | 2026-10-01T10:14:28.436975556Z {"timestamp": "2026-10-01T10:14:28.436687+00:00", "level": "INFO", "logger": "celery.worker.consumer.mingle", "event": "mingle: searching for neighbors", "request_id": null, "job_id": null, "user_id": null, "project_id": null, "stage": null, "status": null, "error": null, "duration_ms": null}
worker-1   | 2026-10-01T10:14:29.448060659Z {"timestamp": "2026-10-01T10:14:29.447700+00:00", "level": "INFO", "logger": "celery.worker.consumer.mingle", "event": "mingle: all alone", "request_id": null, "job_id": null, "user_id": null, "project_id": null, "stage": null, "status": null, "error": null, "duration_ms": null}
worker-1   | 2026-10-01T10:14:29.455788607Z {"timestamp": "2026-10-01T10:14:29.455652+00:00", "level": "INFO", "logger": "celery.apps.worker", "event": "celery@75511a68015d ready.", "request_id": null, "job_id": null, "user_id": null, "project_id": null, "stage": null, "status": null, "error": null, "duration_ms": null}
worker-1   | 2026-10-01T10:14:43.041133075Z {"timestamp": "2026-10-01T10:14:43.040777+00:00", "level": "INFO", "logger": "celery.worker.strategy", "event": "Task ingestion.process[a41de22a-0699-4613-8af3-d30d0d1feeb0] received", "request_id": null, "job_id": null, "user_id": null, "project_id": null, "stage": null, "status": null, "error": null, "duration_ms": null}

START
75511a68015d9e441799e14a79b9a49b67d7ae612cd2baa84ad354390d8b903f

start CONTAINER STATUS
{"Command":"\"uvicorn app.main:ap…\"","CreatedAt":"2026-10-01 11:14:22 +0100 WAT","Engine":"","ExitCode":0,"Health":"","ID":"4d9203697b09","Image":"recap-studio-backend:latest","Labels":"com.docker.compose.container-number=1,com.docker.compose.depends_on=migrate:service_completed_successfully:false,storage-init:service_completed_successfully:false,redis:service_healthy:false,com.docker.compose.project=diagstale-20261001t101422152631z,com.docker.compose.project.working_dir=D:\\projects\\manhua review,desktop.docker.io/ports.scheme=v2,com.docker.compose.image=sha256:d6c23f78bcaa26a636285b5d86d2a14294a1aca0938fc7752a3a9f205e4ffa8a,com.docker.compose.oneoff=False,com.docker.compose.project.config_files=D:\\projects\\manhua review\\diagnostic-stale.compose.yml,com.docker.compose.service=backend,com.docker.compose.version=5.5.1,com.docker.compose.config-hash=44a777fa728b07ed1b2c39aa142e70a1af7d5da8deff5b489e92330ce23c27e7","LocalVolumes":"0","Mounts":"","Name":"diagstale-20261001t101422152631z-backend-1","Names":"diagstale-20261001t101422152631z-backend-1","Networks":"diagstale-20261001t101422152631z_default","Ports":"8000/tcp","Project":"diagstale-20261001t101422152631z","Publishers":[{"URL":"","TargetPort":8000,"PublishedPort":0,"Protocol":"tcp"}],"RunningFor":"10 minutes ago","Service":"backend","Size":"0B","State":"running","Status":"Up 10 minutes"}
{"Command":"\"alembic upgrade head\"","CreatedAt":"2026-10-01 11:14:22 +0100 WAT","Engine":"","ExitCode":0,"Health":"","ID":"ab6e54794b93","Image":"recap-studio-backend:latest","Labels":"com.docker.compose.container-number=1,com.docker.compose.depends_on=postgres:service_healthy:false,com.docker.compose.oneoff=False,com.docker.compose.project=diagstale-20261001t101422152631z,com.docker.compose.project.config_files=D:\\projects\\manhua review\\diagnostic-stale.compose.yml,com.docker.compose.project.working_dir=D:\\projects\\manhua review,com.docker.compose.service=migrate,com.docker.compose.image=sha256:d6c23f78bcaa26a636285b5d86d2a14294a1aca0938fc7752a3a9f205e4ffa8a,com.docker.compose.version=5.5.1,desktop.docker.io/ports.scheme=v2,com.docker.compose.config-hash=56b8bfa2694996a85e69b04db575c4b376725028690f7a6b91e05e83acb8582e","LocalVolumes":"0","Mounts":"","Name":"diagstale-20261001t101422152631z-migrate-1","Names":"diagstale-20261001t101422152631z-migrate-1","Networks":"diagstale-20261001t101422152631z_default","Ports":"","Project":"diagstale-20261001t101422152631z","Publishers":[],"RunningFor":"10 minutes ago","Service":"migrate","Size":"0B","State":"exited","Status":"Exited (0) 10 minutes ago"}
{"Command":"\"docker-entrypoint.s…\"","CreatedAt":"2026-10-01 11:14:22 +0100 WAT","Engine":"","ExitCode":0,"Health":"healthy","ID":"a2598822245f","Image":"postgres:17.6-bookworm","Labels":"com.docker.compose.project=diagstale-20261001t101422152631z,com.docker.compose.project.config_files=D:\\projects\\manhua review\\diagnostic-stale.compose.yml,com.docker.compose.project.working_dir=D:\\projects\\manhua review,com.docker.compose.service=postgres,com.docker.compose.version=5.5.1,desktop.docker.io/ports.scheme=v2,com.docker.compose.config-hash=a2a5d2d0879732322d67ea5b2a65f52f7181986de97c1c9fb4dd5b463e4b6438,com.docker.compose.depends_on=,com.docker.compose.image=sha256:45cd22f8d32e189d245403954882f88e7a8714301fda80dab6da90f1265b25a3,com.docker.compose.oneoff=False,com.docker.compose.container-number=1","LocalVolumes":"1","Mounts":"56ab405ed36c41…","Name":"diagstale-20261001t101422152631z-postgres-1","Names":"diagstale-20261001t101422152631z-postgres-1","Networks":"diagstale-20261001t101422152631z_default","Ports":"5432/tcp","Project":"diagstale-20261001t101422152631z","Publishers":[{"URL":"","TargetPort":5432,"PublishedPort":0,"Protocol":"tcp"}],"RunningFor":"10 minutes ago","Service":"postgres","Size":"0B","State":"running","Status":"Up 10 minutes (healthy)"}
{"Command":"\"python /probe.py\"","CreatedAt":"2026-10-01 11:14:27 +0100 WAT","Engine":"","ExitCode":0,"Health":"","ID":"561b8867b6c5","Image":"recap-studio-backend:latest","Labels":"com.docker.compose.image=sha256:d6c23f78bcaa26a636285b5d86d2a14294a1aca0938fc7752a3a9f205e4ffa8a,desktop.docker.io/binds/0/Source=D:\\projects\\manhua review\\diagnostic_stale_probe.py,com.docker.compose.config-hash=be92af9f409d4eab2be44e8b43adfb15d83769719c22b7083db6c560476da5ee,com.docker.compose.oneoff=True,com.docker.compose.project.config_files=D:\\projects\\manhua review\\diagnostic-stale.compose.yml,com.docker.compose.project.working_dir=D:\\projects\\manhua review,desktop.docker.io/binds/0/Target=/probe.py,desktop.docker.io/binds/1/Target=/evidence,desktop.docker.io/ports.scheme=v2,com.docker.compose.project=diagstale-20261001t101422152631z,com.docker.compose.slug=0df447206ee4b3c14da7424e15a29f86ee73a0c20b35ead30d7070917fd364a4,com.docker.compose.version=5.5.1,desktop.docker.io/binds/1/Source=D:/projects/manhua review/diagnostic-stale-evidence-20261001T101422152631Z,desktop.docker.io/binds/1/SourceKind=hostFile,com.docker.compose.service=probe,desktop.docker.io/binds/0/SourceKind=hostFile,com.docker.compose.depends_on=","LocalVolumes":"0","Mounts":"/run/desktop/m…,/run/desktop/m…","Name":"diagstale-20261001t101422152631z-probe","Names":"diagstale-20261001t101422152631z-probe","Networks":"diagstale-20261001t101422152631z_default","Ports":"8000/tcp","Project":"diagstale-20261001t101422152631z","Publishers":[{"URL":"","TargetPort":8000,"PublishedPort":0,"Protocol":"tcp"}],"RunningFor":"10 minutes ago","Service":"probe","Size":"0B","State":"running","Status":"Up 10 minutes"}
{"Command":"\"docker-entrypoint.s…\"","CreatedAt":"2026-10-01 11:14:22 +0100 WAT","Engine":"","ExitCode":0,"Health":"healthy","ID":"7818e14bff7b","Image":"redis:7.4.5-bookworm","Labels":"com.docker.compose.config-hash=b1a179c6673332468d0bf54222a913248efcf391001689aef8fe0917c8f20312,com.docker.compose.service=redis,com.docker.compose.version=5.5.1,desktop.docker.io/ports.scheme=v2,com.docker.compose.container-number=1,com.docker.compose.depends_on=,com.docker.compose.image=sha256:e3c80ea4c9c583621a7ba3a148d825b9d05b0b39793912fff5af315369e73344,com.docker.compose.oneoff=False,com.docker.compose.project=diagstale-20261001t101422152631z,com.docker.compose.project.config_files=D:\\projects\\manhua review\\diagnostic-stale.compose.yml,com.docker.compose.project.working_dir=D:\\projects\\manhua review","LocalVolumes":"1","Mounts":"7cd4df7c688836…","Name":"diagstale-20261001t101422152631z-redis-1","Names":"diagstale-20261001t101422152631z-redis-1","Networks":"diagstale-20261001t101422152631z_default","Ports":"6379/tcp","Project":"diagstale-20261001t101422152631z","Publishers":[{"URL":"","TargetPort":6379,"PublishedPort":0,"Protocol":"tcp"}],"RunningFor":"10 minutes ago","Service":"redis","Size":"0B","State":"running","Status":"Up 10 minutes (healthy)"}
{"Command":"\"/usr/bin/docker-ent…\"","CreatedAt":"2026-10-01 11:14:22 +0100 WAT","Engine":"","ExitCode":0,"Health":"healthy","ID":"e208e392c5de","Image":"quay.io/minio/aistor/minio:RELEASE.2026-09-19T17-05-25Z@sha256:107cf2014a9583c74c11e3cdbd6903d89c2244355886b89ce532f4ecae9c23f3","Labels":"com.docker.compose.image=sha256:a94e1fe399bd050fe6d6148839597a4995350c0e62c9e83f0cec8b5630ed0a1e,com.docker.compose.oneoff=False,com.docker.compose.project.config_files=D:\\projects\\manhua review\\diagnostic-stale.compose.yml,com.redhat.component=ubi9-micro-container,desktop.docker.io/mounts/0/Source=C:/Users/MSC/Downloads/minio.license,desktop.docker.io/ports.scheme=v2,org.opencontainers.image.created=2026-09-14T00:32:05Z,com.docker.compose.config-hash=caf4703d7c6c695ea4682be31ed4fe99ccee05fc626540a5d054573144763e6e,com.redhat.license_terms=https://www.redhat.com/en/about/red-hat-end-user-license-agreements#UBI,org.opencontainers.image.source=https://github.com/miniohq/aistor,vcs-type=git,com.docker.compose.project=diagstale-20261001t101422152631z,com.docker.compose.service=storage,maintainer=MinIO Inc \u003cdev@min.io\u003e,url=https://catalog.redhat.com/en/search?searchType=containers,com.docker.compose.project.working_dir=D:\\projects\\manhua review,com.docker.compose.version=5.5.1,cpe=cpe:/a:redhat:enterprise_linux:9::appstream,description=MinIO object storage is fundamentally different. Designed for performance and the S3 API, it is 100% open-source. MinIO is ideal for large, private cloud environments with stringent security requirements and delivers mission-critical availability across a diverse range of workloads.,desktop.docker.io/mounts/0/Target=/run/secrets/minio.license,io.k8s.display-name=Red Hat Universal Base Image 9 Micro,name=MinIO,vcs-ref=b3f01943b83e7975e01233fc613cb5f0941b57d1,vendor=MinIO Inc \u003cdev@min.io\u003e,build-date=2026-09-14T00:32:05Z,com.docker.compose.container-number=1,io.buildah.version=1.44.0,io.openshift.expose-services=,release=RELEASE.2026-09-19T17-05-25Z,summary=MinIO is a High Performance Object Storage, API compatible with Amazon S3 cloud storage service.,architecture=x86_64,com.docker.compose.depends_on=,desktop.docker.io/mounts/0/SourceKind=hostFile,distribution-scope=public,io.k8s.description=Very small image which doesn't install the package manager.,org.opencontainers.image.revision=b3f01943b83e7975e01233fc613cb5f0941b57d1,version=RELEASE.2026-09-19T17-05-25Z","LocalVolumes":"1","Mounts":"d9edbd5e2adaf4…,/run/desktop/m…","Name":"diagstale-20261001t101422152631z-storage-1","Names":"diagstale-20261001t101422152631z-storage-1","Networks":"diagstale-20261001t101422152631z_default","Ports":"9000/tcp","Project":"diagstale-20261001t101422152631z","Publishers":[{"URL":"","TargetPort":9000,"PublishedPort":0,"Protocol":"tcp"}],"RunningFor":"10 minutes ago","Service":"storage","Size":"0B","State":"running","Status":"Up 10 minutes (healthy)"}
{"Command":"\"python -c 'import o…\"","CreatedAt":"2026-10-01 11:14:22 +0100 WAT","Engine":"","ExitCode":0,"Health":"","ID":"ec9ab7fef5f3","Image":"recap-studio-backend:latest","Labels":"com.docker.compose.project=diagstale-20261001t101422152631z,com.docker.compose.project.working_dir=D:\\projects\\manhua review,com.docker.compose.service=storage-init,com.docker.compose.version=5.5.1,com.docker.compose.container-number=1,com.docker.compose.depends_on=storage:service_healthy:false,com.docker.compose.oneoff=False,com.docker.compose.project.config_files=D:\\projects\\manhua review\\diagnostic-stale.compose.yml,desktop.docker.io/ports.scheme=v2,com.docker.compose.config-hash=4d1c7a794669f9ea6f3e8b601ef2d4b781630a2bc4935f6a058cb6e062558c4f,com.docker.compose.image=sha256:d6c23f78bcaa26a636285b5d86d2a14294a1aca0938fc7752a3a9f205e4ffa8a","LocalVolumes":"0","Mounts":"","Name":"diagstale-20261001t101422152631z-storage-init-1","Names":"diagstale-20261001t101422152631z-storage-init-1","Networks":"diagstale-20261001t101422152631z_default","Ports":"","Project":"diagstale-20261001t101422152631z","Publishers":[],"RunningFor":"10 minutes ago","Service":"storage-init","Size":"0B","State":"exited","Status":"Exited (0) 10 minutes ago"}
{"Command":"\"celery -A app.worke…\"","CreatedAt":"2026-10-01 11:14:22 +0100 WAT","Engine":"","ExitCode":0,"Health":"","ID":"75511a68015d","Image":"recap-studio-worker:latest","Labels":"com.docker.compose.project.working_dir=D:\\projects\\manhua review,desktop.docker.io/ports.scheme=v2,com.docker.compose.container-number=1,com.docker.compose.image=sha256:dced672dde2b1e96b03b47cce1ef992d13eb93ffbd78579a8c390b3e6c4da196,com.docker.compose.oneoff=False,com.docker.compose.project=diagstale-20261001t101422152631z,com.docker.compose.project.config_files=D:\\projects\\manhua review\\diagnostic-stale.compose.yml,com.docker.compose.service=worker,com.docker.compose.version=5.5.1,com.docker.compose.config-hash=a459cec9a0189b7b63c974adf5d4fbc07e5f9a79d42b3173a7ef36654d0122b9,com.docker.compose.depends_on=migrate:service_completed_successfully:false,storage-init:service_completed_successfully:false,redis:service_healthy:false","LocalVolumes":"0","Mounts":"","Name":"diagstale-20261001t101422152631z-worker-1","Names":"diagstale-20261001t101422152631z-worker-1","Networks":"diagstale-20261001t101422152631z_default","Ports":"8000/tcp","Project":"diagstale-20261001t101422152631z","Publishers":[{"URL":"","TargetPort":8000,"PublishedPort":0,"Protocol":"tcp"}],"RunningFor":"10 minutes ago","Service":"worker","Size":"0B","State":"running","Status":"Up Less than a second"}

start worker STATE/HEALTH
{"Status":"running","Running":true,"Paused":false,"Restarting":false,"OOMKilled":false,"Dead":false,"Pid":83793,"ExitCode":0,"Error":"","StartedAt":"2026-10-01T10:24:46.087579456Z","FinishedAt":"2026-10-01T10:14:43.956600036Z"}

start backend STATE/HEALTH
{"Status":"running","Running":true,"Paused":false,"Restarting":false,"OOMKilled":false,"Dead":false,"Pid":58641,"ExitCode":0,"Error":"","StartedAt":"2026-10-01T10:14:27.286092025Z","FinishedAt":"0001-01-01T00:00:00Z"}

start redis STATE/HEALTH
{"Status":"running","Running":true,"Paused":false,"Restarting":false,"OOMKilled":false,"Dead":false,"Pid":58056,"ExitCode":0,"Error":"","StartedAt":"2026-10-01T10:14:22.721729899Z","FinishedAt":"0001-01-01T00:00:00Z","Health":{"Status":"healthy","FailingStreak":0,"Log":[{"Start":"2026-10-01T10:24:38.716535769Z","End":"2026-10-01T10:24:38.747809814Z","ExitCode":0,"Output":"PONG\n"},{"Start":"2026-10-01T10:24:40.748574249Z","End":"2026-10-01T10:24:40.77903315Z","ExitCode":0,"Output":"PONG\n"},{"Start":"2026-10-01T10:24:42.779488012Z","End":"2026-10-01T10:24:42.811754688Z","ExitCode":0,"Output":"PONG\n"},{"Start":"2026-10-01T10:24:44.81327527Z","End":"2026-10-01T10:24:44.843300858Z","ExitCode":0,"Output":"PONG\n"},{"Start":"2026-10-01T10:24:46.844174434Z","End":"2026-10-01T10:24:46.872863379Z","ExitCode":0,"Output":"PONG\n"}]}}

start LOGS
redis-1    | 2026-10-01T10:14:22.854069334Z 1:C 01 Oct 2026 10:14:22.853 * oO0OoO0OoO0Oo Redis is starting oO0OoO0OoO0Oo
redis-1    | 2026-10-01T10:14:22.854127748Z 1:C 01 Oct 2026 10:14:22.853 * Redis version=7.4.5, bits=64, commit=00000000, modified=0, pid=1, just started
redis-1    | 2026-10-01T10:14:22.854130670Z 1:C 01 Oct 2026 10:14:22.853 # Warning: no config file specified, using the default config. In order to specify a config file use redis-server /path/to/redis.conf
redis-1    | 2026-10-01T10:14:22.854487509Z 1:M 01 Oct 2026 10:14:22.854 * monotonic clock: POSIX clock_gettime
redis-1    | 2026-10-01T10:14:22.855435318Z 1:M 01 Oct 2026 10:14:22.855 * Running mode=standalone, port=6379.
redis-1    | 2026-10-01T10:14:22.855836092Z 1:M 01 Oct 2026 10:14:22.855 * Server initialized
redis-1    | 2026-10-01T10:14:22.855853746Z 1:M 01 Oct 2026 10:14:22.855 * Ready to accept connections tcp
backend-1  | 2026-10-01T10:14:28.893293943Z INFO:     Started server process [1]
backend-1  | 2026-10-01T10:14:28.893323238Z INFO:     Waiting for application startup.
backend-1  | 2026-10-01T10:14:28.896522077Z INFO:     Application startup complete.
backend-1  | 2026-10-01T10:14:28.896740300Z INFO:     Uvicorn running on http://0.0.0.0:8000 (Press CTRL+C to quit)
backend-1  | 2026-10-01T10:14:29.293401283Z {"timestamp": "2026-10-01T10:14:29.293139+00:00", "level": "INFO", "logger": "app.main", "event": "request_completed", "request_id": "80943157-ed2a-4ee9-b6f2-332b52b2130d", "job_id": null, "user_id": null, "project_id": null, "stage": null, "status": 200, "error": null, "duration_ms": 25}
backend-1  | 2026-10-01T10:14:29.293441727Z INFO:     172.19.0.7:57018 - "GET /health/live HTTP/1.1" 200 OK
backend-1  | 2026-10-01T10:14:42.695110536Z {"timestamp": "2026-10-01T10:14:42.694910+00:00", "level": "INFO", "logger": "app.main", "event": "request_completed", "request_id": "edbb43d8-f875-4cb4-ae65-2dabf7d0e698", "job_id": null, "user_id": null, "project_id": null, "stage": null, "status": 201, "error": null, "duration_ms": 100}
backend-1  | 2026-10-01T10:14:42.695155053Z INFO:     172.19.0.7:51812 - "POST /api/v1/auth/register HTTP/1.1" 201 Created
backend-1  | 2026-10-01T10:14:42.710667209Z {"timestamp": "2026-10-01T10:14:42.710483+00:00", "level": "INFO", "logger": "app.main", "event": "request_completed", "request_id": "376a4411-749f-42e4-9933-b87fae422fc8", "job_id": null, "user_id": null, "project_id": null, "stage": null, "status": 201, "error": null, "duration_ms": 10}
backend-1  | 2026-10-01T10:14:42.710698931Z INFO:     172.19.0.7:51812 - "POST /api/v1/projects HTTP/1.1" 201 Created
backend-1  | 2026-10-01T10:14:42.723056348Z {"timestamp": "2026-10-01T10:14:42.722887+00:00", "level": "INFO", "logger": "app.main", "event": "request_completed", "request_id": "390df14a-e749-4774-bb3c-7611986827f8", "job_id": null, "user_id": null, "project_id": null, "stage": null, "status": 201, "error": null, "duration_ms": 8}
backend-1  | 2026-10-01T10:14:42.723099494Z INFO:     172.19.0.7:51812 - "POST /api/v1/projects/8b9b9fe6-7402-4167-b1a7-12de33a3bcaf/chapters HTTP/1.1" 201 Created
backend-1  | 2026-10-01T10:14:43.043683989Z {"timestamp": "2026-10-01T10:14:43.043496+00:00", "level": "INFO", "logger": "app.main", "event": "request_completed", "request_id": "8ac01b7d-b9bc-447f-87db-d7c6ab490379", "job_id": null, "user_id": null, "project_id": null, "stage": null, "status": 200, "error": null, "duration_ms": 222}
backend-1  | 2026-10-01T10:14:43.043735739Z INFO:     172.19.0.7:51812 - "POST /api/v1/chapters/e43d0377-e034-450f-acec-7be0b53e338d/upload HTTP/1.1" 200 OK
worker-1   | 2026-10-01T10:14:28.348552611Z  
worker-1   | 2026-10-01T10:14:28.348588456Z  -------------- celery@75511a68015d v5.6.3 (recovery)
worker-1   | 2026-10-01T10:14:28.348591736Z --- ***** ----- 
worker-1   | 2026-10-01T10:14:28.348593290Z -- ******* ---- Linux-6.18.40.1-microsoft-standard-WSL2-x86_64-with-glibc2.36 2026-10-01 10:14:28
worker-1   | 2026-10-01T10:14:28.348594899Z - *** --- * --- 
worker-1   | 2026-10-01T10:14:28.348596265Z - ** ---------- [config]
worker-1   | 2026-10-01T10:14:28.348597667Z - ** ---------- .> app:         recap:0x788230eb38f0
worker-1   | 2026-10-01T10:14:28.348599426Z - ** ---------- .> transport:   redis://redis:6379/0
worker-1   | 2026-10-01T10:14:28.348600884Z - ** ---------- .> results:     disabled://
worker-1   | 2026-10-01T10:14:28.348602331Z - *** --- * --- .> concurrency: 2 (prefork)
worker-1   | 2026-10-01T10:14:28.348603775Z -- ******* ---- .> task events: OFF (enable -E to monitor tasks in this worker)
worker-1   | 2026-10-01T10:14:28.348607064Z --- ***** ----- 
worker-1   | 2026-10-01T10:14:28.348608468Z  -------------- [queues]
worker-1   | 2026-10-01T10:14:28.348609856Z                 .> system           exchange=system(direct) key=system
worker-1   | 2026-10-01T10:14:28.348611339Z                 
worker-1   | 2026-10-01T10:14:28.348612650Z 
worker-1   | 2026-10-01T10:14:28.348613969Z [tasks]
worker-1   | 2026-10-01T10:14:28.348615316Z   . ingestion.process
worker-1   | 2026-10-01T10:14:28.348616784Z   . system.heartbeat
worker-1   | 2026-10-01T10:14:28.348618199Z 
worker-1   | 2026-10-01T10:14:28.434150447Z {"timestamp": "2026-10-01T10:14:28.433608+00:00", "level": "INFO", "logger": "celery.worker.consumer.connection", "event": "Connected to redis://redis:6379/0", "request_id": null, "job_id": null, "user_id": null, "project_id": null, "stage": null, "status": null, "error": null, "duration_ms": null}
worker-1   | 2026-10-01T10:14:28.436975556Z {"timestamp": "2026-10-01T10:14:28.436687+00:00", "level": "INFO", "logger": "celery.worker.consumer.mingle", "event": "mingle: searching for neighbors", "request_id": null, "job_id": null, "user_id": null, "project_id": null, "stage": null, "status": null, "error": null, "duration_ms": null}
worker-1   | 2026-10-01T10:14:29.448060659Z {"timestamp": "2026-10-01T10:14:29.447700+00:00", "level": "INFO", "logger": "celery.worker.consumer.mingle", "event": "mingle: all alone", "request_id": null, "job_id": null, "user_id": null, "project_id": null, "stage": null, "status": null, "error": null, "duration_ms": null}
worker-1   | 2026-10-01T10:14:29.455788607Z {"timestamp": "2026-10-01T10:14:29.455652+00:00", "level": "INFO", "logger": "celery.apps.worker", "event": "celery@75511a68015d ready.", "request_id": null, "job_id": null, "user_id": null, "project_id": null, "stage": null, "status": null, "error": null, "duration_ms": null}
worker-1   | 2026-10-01T10:14:43.041133075Z {"timestamp": "2026-10-01T10:14:43.040777+00:00", "level": "INFO", "logger": "celery.worker.strategy", "event": "Task ingestion.process[a41de22a-0699-4613-8af3-d30d0d1feeb0] received", "request_id": null, "job_id": null, "user_id": null, "project_id": null, "stage": null, "status": null, "error": null, "duration_ms": null}
worker-1   | 2026-10-01T10:24:46.931696570Z  
worker-1   | 2026-10-01T10:24:46.931733616Z  -------------- celery@75511a68015d v5.6.3 (recovery)
worker-1   | 2026-10-01T10:24:46.931735391Z --- ***** ----- 
worker-1   | 2026-10-01T10:24:46.931736411Z -- ******* ---- Linux-6.18.40.1-microsoft-standard-WSL2-x86_64-with-glibc2.36 2026-10-01 10:24:46
worker-1   | 2026-10-01T10:24:46.931737402Z - *** --- * --- 
worker-1   | 2026-10-01T10:24:46.931738213Z - ** ---------- [config]
worker-1   | 2026-10-01T10:24:46.931739079Z - ** ---------- .> app:         recap:0x70f1f61db590
worker-1   | 2026-10-01T10:24:46.931740242Z - ** ---------- .> transport:   redis://redis:6379/0
worker-1   | 2026-10-01T10:24:46.931741093Z - ** ---------- .> results:     disabled://
worker-1   | 2026-10-01T10:24:46.931741908Z - *** --- * --- .> concurrency: 2 (prefork)
worker-1   | 2026-10-01T10:24:46.931742781Z -- ******* ---- .> task events: OFF (enable -E to monitor tasks in this worker)
worker-1   | 2026-10-01T10:24:46.931743736Z --- ***** ----- 
worker-1   | 2026-10-01T10:24:46.931744503Z  -------------- [queues]
worker-1   | 2026-10-01T10:24:46.931745303Z                 .> system           exchange=system(direct) key=system
worker-1   | 2026-10-01T10:24:46.931746183Z                 
worker-1   | 2026-10-01T10:24:46.931747184Z 
worker-1   | 2026-10-01T10:24:46.931748017Z [tasks]
worker-1   | 2026-10-01T10:24:46.931751969Z   . ingestion.process
worker-1   | 2026-10-01T10:24:46.931752885Z   . system.heartbeat
worker-1   | 2026-10-01T10:24:46.931753691Z 
worker-1   | 2026-10-01T10:24:47.009278141Z {"timestamp": "2026-10-01T10:24:47.008916+00:00", "level": "INFO", "logger": "celery.worker.consumer.connection", "event": "Connected to redis://redis:6379/0", "request_id": null, "job_id": null, "user_id": null, "project_id": null, "stage": null, "status": null, "error": null, "duration_ms": null}
worker-1   | 2026-10-01T10:24:47.014405489Z {"timestamp": "2026-10-01T10:24:47.014164+00:00", "level": "INFO", "logger": "celery.worker.consumer.mingle", "event": "mingle: searching for neighbors", "request_id": null, "job_id": null, "user_id": null, "project_id": null, "stage": null, "status": null, "error": null, "duration_ms": null}

RESTART-WORKER
 Container diagstale-20261001t101422152631z-worker-1 Restarting 
 Container diagstale-20261001t101422152631z-worker-1 Started 

restart-worker CONTAINER STATUS
{"Command":"\"uvicorn app.main:ap…\"","CreatedAt":"2026-10-01 11:14:22 +0100 WAT","Engine":"","ExitCode":0,"Health":"","ID":"4d9203697b09","Image":"recap-studio-backend:latest","Labels":"com.docker.compose.config-hash=44a777fa728b07ed1b2c39aa142e70a1af7d5da8deff5b489e92330ce23c27e7,com.docker.compose.project=diagstale-20261001t101422152631z,com.docker.compose.project.working_dir=D:\\projects\\manhua review,com.docker.compose.service=backend,desktop.docker.io/ports.scheme=v2,com.docker.compose.container-number=1,com.docker.compose.depends_on=migrate:service_completed_successfully:false,storage-init:service_completed_successfully:false,redis:service_healthy:false,com.docker.compose.image=sha256:d6c23f78bcaa26a636285b5d86d2a14294a1aca0938fc7752a3a9f205e4ffa8a,com.docker.compose.oneoff=False,com.docker.compose.project.config_files=D:\\projects\\manhua review\\diagnostic-stale.compose.yml,com.docker.compose.version=5.5.1","LocalVolumes":"0","Mounts":"","Name":"diagstale-20261001t101422152631z-backend-1","Names":"diagstale-20261001t101422152631z-backend-1","Networks":"diagstale-20261001t101422152631z_default","Ports":"8000/tcp","Project":"diagstale-20261001t101422152631z","Publishers":[{"URL":"","TargetPort":8000,"PublishedPort":0,"Protocol":"tcp"}],"RunningFor":"10 minutes ago","Service":"backend","Size":"0B","State":"running","Status":"Up 10 minutes"}
{"Command":"\"alembic upgrade head\"","CreatedAt":"2026-10-01 11:14:22 +0100 WAT","Engine":"","ExitCode":0,"Health":"","ID":"ab6e54794b93","Image":"recap-studio-backend:latest","Labels":"com.docker.compose.project=diagstale-20261001t101422152631z,com.docker.compose.project.config_files=D:\\projects\\manhua review\\diagnostic-stale.compose.yml,com.docker.compose.service=migrate,com.docker.compose.version=5.5.1,com.docker.compose.config-hash=56b8bfa2694996a85e69b04db575c4b376725028690f7a6b91e05e83acb8582e,com.docker.compose.image=sha256:d6c23f78bcaa26a636285b5d86d2a14294a1aca0938fc7752a3a9f205e4ffa8a,com.docker.compose.oneoff=False,com.docker.compose.project.working_dir=D:\\projects\\manhua review,desktop.docker.io/ports.scheme=v2,com.docker.compose.container-number=1,com.docker.compose.depends_on=postgres:service_healthy:false","LocalVolumes":"0","Mounts":"","Name":"diagstale-20261001t101422152631z-migrate-1","Names":"diagstale-20261001t101422152631z-migrate-1","Networks":"diagstale-20261001t101422152631z_default","Ports":"","Project":"diagstale-20261001t101422152631z","Publishers":[],"RunningFor":"10 minutes ago","Service":"migrate","Size":"0B","State":"exited","Status":"Exited (0) 10 minutes ago"}
{"Command":"\"docker-entrypoint.s…\"","CreatedAt":"2026-10-01 11:14:22 +0100 WAT","Engine":"","ExitCode":0,"Health":"healthy","ID":"a2598822245f","Image":"postgres:17.6-bookworm","Labels":"com.docker.compose.depends_on=,com.docker.compose.image=sha256:45cd22f8d32e189d245403954882f88e7a8714301fda80dab6da90f1265b25a3,com.docker.compose.project.config_files=D:\\projects\\manhua review\\diagnostic-stale.compose.yml,com.docker.compose.version=5.5.1,desktop.docker.io/ports.scheme=v2,com.docker.compose.config-hash=a2a5d2d0879732322d67ea5b2a65f52f7181986de97c1c9fb4dd5b463e4b6438,com.docker.compose.container-number=1,com.docker.compose.oneoff=False,com.docker.compose.project=diagstale-20261001t101422152631z,com.docker.compose.project.working_dir=D:\\projects\\manhua review,com.docker.compose.service=postgres","LocalVolumes":"1","Mounts":"56ab405ed36c41…","Name":"diagstale-20261001t101422152631z-postgres-1","Names":"diagstale-20261001t101422152631z-postgres-1","Networks":"diagstale-20261001t101422152631z_default","Ports":"5432/tcp","Project":"diagstale-20261001t101422152631z","Publishers":[{"URL":"","TargetPort":5432,"PublishedPort":0,"Protocol":"tcp"}],"RunningFor":"10 minutes ago","Service":"postgres","Size":"0B","State":"running","Status":"Up 10 minutes (healthy)"}
{"Command":"\"python /probe.py\"","CreatedAt":"2026-10-01 11:14:27 +0100 WAT","Engine":"","ExitCode":0,"Health":"","ID":"561b8867b6c5","Image":"recap-studio-backend:latest","Labels":"com.docker.compose.oneoff=True,com.docker.compose.project.working_dir=D:\\projects\\manhua review,desktop.docker.io/binds/0/Source=D:\\projects\\manhua review\\diagnostic_stale_probe.py,desktop.docker.io/binds/0/Target=/probe.py,com.docker.compose.depends_on=,com.docker.compose.image=sha256:d6c23f78bcaa26a636285b5d86d2a14294a1aca0938fc7752a3a9f205e4ffa8a,com.docker.compose.project=diagstale-20261001t101422152631z,com.docker.compose.version=5.5.1,desktop.docker.io/binds/0/SourceKind=hostFile,desktop.docker.io/binds/1/Target=/evidence,com.docker.compose.config-hash=be92af9f409d4eab2be44e8b43adfb15d83769719c22b7083db6c560476da5ee,com.docker.compose.project.config_files=D:\\projects\\manhua review\\diagnostic-stale.compose.yml,desktop.docker.io/binds/1/Source=D:/projects/manhua review/diagnostic-stale-evidence-20261001T101422152631Z,desktop.docker.io/binds/1/SourceKind=hostFile,com.docker.compose.service=probe,com.docker.compose.slug=0df447206ee4b3c14da7424e15a29f86ee73a0c20b35ead30d7070917fd364a4,desktop.docker.io/ports.scheme=v2","LocalVolumes":"0","Mounts":"/run/desktop/m…,/run/desktop/m…","Name":"diagstale-20261001t101422152631z-probe","Names":"diagstale-20261001t101422152631z-probe","Networks":"diagstale-20261001t101422152631z_default","Ports":"8000/tcp","Project":"diagstale-20261001t101422152631z","Publishers":[{"URL":"","TargetPort":8000,"PublishedPort":0,"Protocol":"tcp"}],"RunningFor":"10 minutes ago","Service":"probe","Size":"0B","State":"running","Status":"Up 10 minutes"}
{"Command":"\"docker-entrypoint.s…\"","CreatedAt":"2026-10-01 11:14:22 +0100 WAT","Engine":"","ExitCode":0,"Health":"healthy","ID":"7818e14bff7b","Image":"redis:7.4.5-bookworm","Labels":"desktop.docker.io/ports.scheme=v2,com.docker.compose.config-hash=b1a179c6673332468d0bf54222a913248efcf391001689aef8fe0917c8f20312,com.docker.compose.depends_on=,com.docker.compose.image=sha256:e3c80ea4c9c583621a7ba3a148d825b9d05b0b39793912fff5af315369e73344,com.docker.compose.project=diagstale-20261001t101422152631z,com.docker.compose.project.working_dir=D:\\projects\\manhua review,com.docker.compose.service=redis,com.docker.compose.version=5.5.1,com.docker.compose.container-number=1,com.docker.compose.oneoff=False,com.docker.compose.project.config_files=D:\\projects\\manhua review\\diagnostic-stale.compose.yml","LocalVolumes":"1","Mounts":"7cd4df7c688836…","Name":"diagstale-20261001t101422152631z-redis-1","Names":"diagstale-20261001t101422152631z-redis-1","Networks":"diagstale-20261001t101422152631z_default","Ports":"6379/tcp","Project":"diagstale-20261001t101422152631z","Publishers":[{"URL":"","TargetPort":6379,"PublishedPort":0,"Protocol":"tcp"}],"RunningFor":"10 minutes ago","Service":"redis","Size":"0B","State":"running","Status":"Up 10 minutes (healthy)"}
{"Command":"\"/usr/bin/docker-ent…\"","CreatedAt":"2026-10-01 11:14:22 +0100 WAT","Engine":"","ExitCode":0,"Health":"healthy","ID":"e208e392c5de","Image":"quay.io/minio/aistor/minio:RELEASE.2026-09-19T17-05-25Z@sha256:107cf2014a9583c74c11e3cdbd6903d89c2244355886b89ce532f4ecae9c23f3","Labels":"desktop.docker.io/mounts/0/SourceKind=hostFile,org.opencontainers.image.source=https://github.com/miniohq/aistor,com.docker.compose.project=diagstale-20261001t101422152631z,io.k8s.description=Very small image which doesn't install the package manager.,name=MinIO,desktop.docker.io/mounts/0/Target=/run/secrets/minio.license,org.opencontainers.image.revision=b3f01943b83e7975e01233fc613cb5f0941b57d1,com.docker.compose.project.working_dir=D:\\projects\\manhua review,com.redhat.license_terms=https://www.redhat.com/en/about/red-hat-end-user-license-agreements#UBI,io.openshift.expose-services=,release=RELEASE.2026-09-19T17-05-25Z,url=https://catalog.redhat.com/en/search?searchType=containers,com.docker.compose.depends_on=,com.docker.compose.service=storage,com.redhat.component=ubi9-micro-container,description=MinIO object storage is fundamentally different. Designed for performance and the S3 API, it is 100% open-source. MinIO is ideal for large, private cloud environments with stringent security requirements and delivers mission-critical availability across a diverse range of workloads.,distribution-scope=public,io.buildah.version=1.44.0,org.opencontainers.image.created=2026-09-14T00:32:05Z,version=RELEASE.2026-09-19T17-05-25Z,com.docker.compose.config-hash=caf4703d7c6c695ea4682be31ed4fe99ccee05fc626540a5d054573144763e6e,com.docker.compose.container-number=1,com.docker.compose.image=sha256:a94e1fe399bd050fe6d6148839597a4995350c0e62c9e83f0cec8b5630ed0a1e,cpe=cpe:/a:redhat:enterprise_linux:9::appstream,vcs-ref=b3f01943b83e7975e01233fc613cb5f0941b57d1,vcs-type=git,vendor=MinIO Inc \u003cdev@min.io\u003e,architecture=x86_64,build-date=2026-09-14T00:32:05Z,com.docker.compose.project.config_files=D:\\projects\\manhua review\\diagnostic-stale.compose.yml,com.docker.compose.version=5.5.1,desktop.docker.io/ports.scheme=v2,io.k8s.display-name=Red Hat Universal Base Image 9 Micro,maintainer=MinIO Inc \u003cdev@min.io\u003e,com.docker.compose.oneoff=False,desktop.docker.io/mounts/0/Source=C:/Users/MSC/Downloads/minio.license,summary=MinIO is a High Performance Object Storage, API compatible with Amazon S3 cloud storage service.","LocalVolumes":"1","Mounts":"d9edbd5e2adaf4…,/run/desktop/m…","Name":"diagstale-20261001t101422152631z-storage-1","Names":"diagstale-20261001t101422152631z-storage-1","Networks":"diagstale-20261001t101422152631z_default","Ports":"9000/tcp","Project":"diagstale-20261001t101422152631z","Publishers":[{"URL":"","TargetPort":9000,"PublishedPort":0,"Protocol":"tcp"}],"RunningFor":"10 minutes ago","Service":"storage","Size":"0B","State":"running","Status":"Up 10 minutes (healthy)"}
{"Command":"\"python -c 'import o…\"","CreatedAt":"2026-10-01 11:14:22 +0100 WAT","Engine":"","ExitCode":0,"Health":"","ID":"ec9ab7fef5f3","Image":"recap-studio-backend:latest","Labels":"com.docker.compose.depends_on=storage:service_healthy:false,com.docker.compose.project=diagstale-20261001t101422152631z,com.docker.compose.version=5.5.1,com.docker.compose.config-hash=4d1c7a794669f9ea6f3e8b601ef2d4b781630a2bc4935f6a058cb6e062558c4f,com.docker.compose.container-number=1,com.docker.compose.image=sha256:d6c23f78bcaa26a636285b5d86d2a14294a1aca0938fc7752a3a9f205e4ffa8a,com.docker.compose.oneoff=False,com.docker.compose.project.config_files=D:\\projects\\manhua review\\diagnostic-stale.compose.yml,com.docker.compose.project.working_dir=D:\\projects\\manhua review,com.docker.compose.service=storage-init,desktop.docker.io/ports.scheme=v2","LocalVolumes":"0","Mounts":"","Name":"diagstale-20261001t101422152631z-storage-init-1","Names":"diagstale-20261001t101422152631z-storage-init-1","Networks":"diagstale-20261001t101422152631z_default","Ports":"","Project":"diagstale-20261001t101422152631z","Publishers":[],"RunningFor":"10 minutes ago","Service":"storage-init","Size":"0B","State":"exited","Status":"Exited (0) 10 minutes ago"}
{"Command":"\"celery -A app.worke…\"","CreatedAt":"2026-10-01 11:14:22 +0100 WAT","Engine":"","ExitCode":0,"Health":"","ID":"75511a68015d","Image":"recap-studio-worker:latest","Labels":"com.docker.compose.container-number=1,com.docker.compose.image=sha256:dced672dde2b1e96b03b47cce1ef992d13eb93ffbd78579a8c390b3e6c4da196,com.docker.compose.oneoff=False,com.docker.compose.project=diagstale-20261001t101422152631z,com.docker.compose.project.config_files=D:\\projects\\manhua review\\diagnostic-stale.compose.yml,desktop.docker.io/ports.scheme=v2,com.docker.compose.config-hash=a459cec9a0189b7b63c974adf5d4fbc07e5f9a79d42b3173a7ef36654d0122b9,com.docker.compose.depends_on=migrate:service_completed_successfully:false,storage-init:service_completed_successfully:false,redis:service_healthy:false,com.docker.compose.project.working_dir=D:\\projects\\manhua review,com.docker.compose.service=worker,com.docker.compose.version=5.5.1","LocalVolumes":"0","Mounts":"","Name":"diagstale-20261001t101422152631z-worker-1","Names":"diagstale-20261001t101422152631z-worker-1","Networks":"diagstale-20261001t101422152631z_default","Ports":"8000/tcp","Project":"diagstale-20261001t101422152631z","Publishers":[{"URL":"","TargetPort":8000,"PublishedPort":0,"Protocol":"tcp"}],"RunningFor":"10 minutes ago","Service":"worker","Size":"0B","State":"running","Status":"Up Less than a second"}

restart-worker worker STATE/HEALTH
{"Status":"running","Running":true,"Paused":false,"Restarting":false,"OOMKilled":false,"Dead":false,"Pid":85000,"ExitCode":0,"Error":"","StartedAt":"2026-10-01T10:25:11.841989381Z","FinishedAt":"2026-10-01T10:25:11.666186519Z"}

restart-worker backend STATE/HEALTH
{"Status":"running","Running":true,"Paused":false,"Restarting":false,"OOMKilled":false,"Dead":false,"Pid":58641,"ExitCode":0,"Error":"","StartedAt":"2026-10-01T10:14:27.286092025Z","FinishedAt":"0001-01-01T00:00:00Z"}

restart-worker redis STATE/HEALTH
{"Status":"running","Running":true,"Paused":false,"Restarting":false,"OOMKilled":false,"Dead":false,"Pid":58056,"ExitCode":0,"Error":"","StartedAt":"2026-10-01T10:14:22.721729899Z","FinishedAt":"0001-01-01T00:00:00Z","Health":{"Status":"healthy","FailingStreak":0,"Log":[{"Start":"2026-10-01T10:25:03.100015895Z","End":"2026-10-01T10:25:03.127017412Z","ExitCode":0,"Output":"PONG\n"},{"Start":"2026-10-01T10:25:05.127694285Z","End":"2026-10-01T10:25:05.155265703Z","ExitCode":0,"Output":"PONG\n"},{"Start":"2026-10-01T10:25:07.156286209Z","End":"2026-10-01T10:25:07.183432092Z","ExitCode":0,"Output":"PONG\n"},{"Start":"2026-10-01T10:25:09.184233808Z","End":"2026-10-01T10:25:09.211308457Z","ExitCode":0,"Output":"PONG\n"},{"Start":"2026-10-01T10:25:11.212056195Z","End":"2026-10-01T10:25:11.242445941Z","ExitCode":0,"Output":"PONG\n"}]}}

restart-worker LOGS
worker-1  | 2026-10-01T10:14:28.348552611Z  
worker-1  | 2026-10-01T10:14:28.348588456Z  -------------- celery@75511a68015d v5.6.3 (recovery)
redis-1   | 2026-10-01T10:14:22.854069334Z 1:C 01 Oct 2026 10:14:22.853 * oO0OoO0OoO0Oo Redis is starting oO0OoO0OoO0Oo
worker-1  | 2026-10-01T10:14:28.348591736Z --- ***** ----- 
redis-1   | 2026-10-01T10:14:22.854127748Z 1:C 01 Oct 2026 10:14:22.853 * Redis version=7.4.5, bits=64, commit=00000000, modified=0, pid=1, just started
redis-1   | 2026-10-01T10:14:22.854130670Z 1:C 01 Oct 2026 10:14:22.853 # Warning: no config file specified, using the default config. In order to specify a config file use redis-server /path/to/redis.conf
worker-1  | 2026-10-01T10:14:28.348593290Z -- ******* ---- Linux-6.18.40.1-microsoft-standard-WSL2-x86_64-with-glibc2.36 2026-10-01 10:14:28
redis-1   | 2026-10-01T10:14:22.854487509Z 1:M 01 Oct 2026 10:14:22.854 * monotonic clock: POSIX clock_gettime
worker-1  | 2026-10-01T10:14:28.348594899Z - *** --- * --- 
redis-1   | 2026-10-01T10:14:22.855435318Z 1:M 01 Oct 2026 10:14:22.855 * Running mode=standalone, port=6379.
worker-1  | 2026-10-01T10:14:28.348596265Z - ** ---------- [config]
redis-1   | 2026-10-01T10:14:22.855836092Z 1:M 01 Oct 2026 10:14:22.855 * Server initialized
worker-1  | 2026-10-01T10:14:28.348597667Z - ** ---------- .> app:         recap:0x788230eb38f0
worker-1  | 2026-10-01T10:14:28.348599426Z - ** ---------- .> transport:   redis://redis:6379/0
worker-1  | 2026-10-01T10:14:28.348600884Z - ** ---------- .> results:     disabled://
worker-1  | 2026-10-01T10:14:28.348602331Z - *** --- * --- .> concurrency: 2 (prefork)
redis-1   | 2026-10-01T10:14:22.855853746Z 1:M 01 Oct 2026 10:14:22.855 * Ready to accept connections tcp
worker-1  | 2026-10-01T10:14:28.348603775Z -- ******* ---- .> task events: OFF (enable -E to monitor tasks in this worker)
worker-1  | 2026-10-01T10:14:28.348607064Z --- ***** ----- 
worker-1  | 2026-10-01T10:14:28.348608468Z  -------------- [queues]
worker-1  | 2026-10-01T10:14:28.348609856Z                 .> system           exchange=system(direct) key=system
worker-1  | 2026-10-01T10:14:28.348611339Z                 
worker-1  | 2026-10-01T10:14:28.348612650Z 
worker-1  | 2026-10-01T10:14:28.348613969Z [tasks]
worker-1  | 2026-10-01T10:14:28.348615316Z   . ingestion.process
worker-1  | 2026-10-01T10:14:28.348616784Z   . system.heartbeat
worker-1  | 2026-10-01T10:14:28.348618199Z 
worker-1  | 2026-10-01T10:14:28.434150447Z {"timestamp": "2026-10-01T10:14:28.433608+00:00", "level": "INFO", "logger": "celery.worker.consumer.connection", "event": "Connected to redis://redis:6379/0", "request_id": null, "job_id": null, "user_id": null, "project_id": null, "stage": null, "status": null, "error": null, "duration_ms": null}
worker-1  | 2026-10-01T10:14:28.436975556Z {"timestamp": "2026-10-01T10:14:28.436687+00:00", "level": "INFO", "logger": "celery.worker.consumer.mingle", "event": "mingle: searching for neighbors", "request_id": null, "job_id": null, "user_id": null, "project_id": null, "stage": null, "status": null, "error": null, "duration_ms": null}
worker-1  | 2026-10-01T10:14:29.448060659Z {"timestamp": "2026-10-01T10:14:29.447700+00:00", "level": "INFO", "logger": "celery.worker.consumer.mingle", "event": "mingle: all alone", "request_id": null, "job_id": null, "user_id": null, "project_id": null, "stage": null, "status": null, "error": null, "duration_ms": null}
worker-1  | 2026-10-01T10:14:29.455788607Z {"timestamp": "2026-10-01T10:14:29.455652+00:00", "level": "INFO", "logger": "celery.apps.worker", "event": "celery@75511a68015d ready.", "request_id": null, "job_id": null, "user_id": null, "project_id": null, "stage": null, "status": null, "error": null, "duration_ms": null}
worker-1  | 2026-10-01T10:14:43.041133075Z {"timestamp": "2026-10-01T10:14:43.040777+00:00", "level": "INFO", "logger": "celery.worker.strategy", "event": "Task ingestion.process[a41de22a-0699-4613-8af3-d30d0d1feeb0] received", "request_id": null, "job_id": null, "user_id": null, "project_id": null, "stage": null, "status": null, "error": null, "duration_ms": null}
worker-1  | 2026-10-01T10:24:46.931696570Z  
worker-1  | 2026-10-01T10:24:46.931733616Z  -------------- celery@75511a68015d v5.6.3 (recovery)
worker-1  | 2026-10-01T10:24:46.931735391Z --- ***** ----- 
worker-1  | 2026-10-01T10:24:46.931736411Z -- ******* ---- Linux-6.18.40.1-microsoft-standard-WSL2-x86_64-with-glibc2.36 2026-10-01 10:24:46
worker-1  | 2026-10-01T10:24:46.931737402Z - *** --- * --- 
worker-1  | 2026-10-01T10:24:46.931738213Z - ** ---------- [config]
worker-1  | 2026-10-01T10:24:46.931739079Z - ** ---------- .> app:         recap:0x70f1f61db590
worker-1  | 2026-10-01T10:24:46.931740242Z - ** ---------- .> transport:   redis://redis:6379/0
worker-1  | 2026-10-01T10:24:46.931741093Z - ** ---------- .> results:     disabled://
worker-1  | 2026-10-01T10:24:46.931741908Z - *** --- * --- .> concurrency: 2 (prefork)
worker-1  | 2026-10-01T10:24:46.931742781Z -- ******* ---- .> task events: OFF (enable -E to monitor tasks in this worker)
worker-1  | 2026-10-01T10:24:46.931743736Z --- ***** ----- 
worker-1  | 2026-10-01T10:24:46.931744503Z  -------------- [queues]
worker-1  | 2026-10-01T10:24:46.931745303Z                 .> system           exchange=system(direct) key=system
worker-1  | 2026-10-01T10:24:46.931746183Z                 
worker-1  | 2026-10-01T10:24:46.931747184Z 
worker-1  | 2026-10-01T10:24:46.931748017Z [tasks]
worker-1  | 2026-10-01T10:24:46.931751969Z   . ingestion.process
worker-1  | 2026-10-01T10:24:46.931752885Z   . system.heartbeat
worker-1  | 2026-10-01T10:24:46.931753691Z 
worker-1  | 2026-10-01T10:24:47.009278141Z {"timestamp": "2026-10-01T10:24:47.008916+00:00", "level": "INFO", "logger": "celery.worker.consumer.connection", "event": "Connected to redis://redis:6379/0", "request_id": null, "job_id": null, "user_id": null, "project_id": null, "stage": null, "status": null, "error": null, "duration_ms": null}
worker-1  | 2026-10-01T10:24:47.014405489Z {"timestamp": "2026-10-01T10:24:47.014164+00:00", "level": "INFO", "logger": "celery.worker.consumer.mingle", "event": "mingle: searching for neighbors", "request_id": null, "job_id": null, "user_id": null, "project_id": null, "stage": null, "status": null, "error": null, "duration_ms": null}
worker-1  | 2026-10-01T10:24:48.023011026Z {"timestamp": "2026-10-01T10:24:48.022726+00:00", "level": "INFO", "logger": "celery.worker.consumer.mingle", "event": "mingle: all alone", "request_id": null, "job_id": null, "user_id": null, "project_id": null, "stage": null, "status": null, "error": null, "duration_ms": null}
worker-1  | 2026-10-01T10:24:48.031164250Z {"timestamp": "2026-10-01T10:24:48.031017+00:00", "level": "INFO", "logger": "celery.apps.worker", "event": "celery@75511a68015d ready.", "request_id": null, "job_id": null, "user_id": null, "project_id": null, "stage": null, "status": null, "error": null, "duration_ms": null}
worker-1  | 2026-10-01T10:25:00.528711807Z {"timestamp": "2026-10-01T10:25:00.528579+00:00", "level": "INFO", "logger": "celery.worker.strategy", "event": "Task ingestion.process[4b2fd626-626b-43a7-9091-09ba1ef43b2d] received", "request_id": null, "job_id": null, "user_id": null, "project_id": null, "stage": null, "status": null, "error": null, "duration_ms": null}
worker-1  | 2026-10-01T10:25:08.188119586Z {"timestamp": "2026-10-01T10:25:08.187892+00:00", "level": "INFO", "logger": "celery.app.trace", "event": "Task ingestion.process[4b2fd626-626b-43a7-9091-09ba1ef43b2d] succeeded in 7.658398769000996s: None", "request_id": null, "job_id": null, "user_id": null, "project_id": null, "stage": null, "status": null, "error": null, "duration_ms": null}
worker-1  | 2026-10-01T10:25:09.177381161Z 
worker-1  | 2026-10-01T10:25:09.177403169Z worker: Warm shutdown (MainProcess)
worker-1  | 2026-10-01T10:25:12.700839380Z  
worker-1  | 2026-10-01T10:25:12.700864527Z  -------------- celery@75511a68015d v5.6.3 (recovery)
worker-1  | 2026-10-01T10:25:12.700866652Z --- ***** ----- 
worker-1  | 2026-10-01T10:25:12.700868125Z -- ******* ---- Linux-6.18.40.1-microsoft-standard-WSL2-x86_64-with-glibc2.36 2026-10-01 10:25:12
worker-1  | 2026-10-01T10:25:12.700869702Z - *** --- * --- 
worker-1  | 2026-10-01T10:25:12.700871148Z - ** ---------- [config]
worker-1  | 2026-10-01T10:25:12.700872617Z - ** ---------- .> app:         recap:0x745350ec0d10
worker-1  | 2026-10-01T10:25:12.700874876Z - ** ---------- .> transport:   redis://redis:6379/0
worker-1  | 2026-10-01T10:25:12.700876336Z - ** ---------- .> results:     disabled://
worker-1  | 2026-10-01T10:25:12.700877793Z - *** --- * --- .> concurrency: 2 (prefork)
worker-1  | 2026-10-01T10:25:12.700879172Z -- ******* ---- .> task events: OFF (enable -E to monitor tasks in this worker)
worker-1  | 2026-10-01T10:25:12.700880788Z --- ***** ----- 
worker-1  | 2026-10-01T10:25:12.700882099Z  -------------- [queues]
worker-1  | 2026-10-01T10:25:12.700883485Z                 .> system           exchange=system(direct) key=system
worker-1  | 2026-10-01T10:25:12.700884972Z                 
worker-1  | 2026-10-01T10:25:12.700886372Z 
worker-1  | 2026-10-01T10:25:12.700887679Z [tasks]
worker-1  | 2026-10-01T10:25:12.700889015Z   . ingestion.process
worker-1  | 2026-10-01T10:25:12.700890462Z   . system.heartbeat
worker-1  | 2026-10-01T10:25:12.700891914Z 
backend-1  | 2026-10-01T10:14:28.893293943Z INFO:     Started server process [1]
backend-1  | 2026-10-01T10:14:28.893323238Z INFO:     Waiting for application startup.
backend-1  | 2026-10-01T10:14:28.896522077Z INFO:     Application startup complete.
backend-1  | 2026-10-01T10:14:28.896740300Z INFO:     Uvicorn running on http://0.0.0.0:8000 (Press CTRL+C to quit)
backend-1  | 2026-10-01T10:14:29.293401283Z {"timestamp": "2026-10-01T10:14:29.293139+00:00", "level": "INFO", "logger": "app.main", "event": "request_completed", "request_id": "80943157-ed2a-4ee9-b6f2-332b52b2130d", "job_id": null, "user_id": null, "project_id": null, "stage": null, "status": 200, "error": null, "duration_ms": 25}
backend-1  | 2026-10-01T10:14:29.293441727Z INFO:     172.19.0.7:57018 - "GET /health/live HTTP/1.1" 200 OK
backend-1  | 2026-10-01T10:14:42.695110536Z {"timestamp": "2026-10-01T10:14:42.694910+00:00", "level": "INFO", "logger": "app.main", "event": "request_completed", "request_id": "edbb43d8-f875-4cb4-ae65-2dabf7d0e698", "job_id": null, "user_id": null, "project_id": null, "stage": null, "status": 201, "error": null, "duration_ms": 100}
backend-1  | 2026-10-01T10:14:42.695155053Z INFO:     172.19.0.7:51812 - "POST /api/v1/auth/register HTTP/1.1" 201 Created
backend-1  | 2026-10-01T10:14:42.710667209Z {"timestamp": "2026-10-01T10:14:42.710483+00:00", "level": "INFO", "logger": "app.main", "event": "request_completed", "request_id": "376a4411-749f-42e4-9933-b87fae422fc8", "job_id": null, "user_id": null, "project_id": null, "stage": null, "status": 201, "error": null, "duration_ms": 10}
backend-1  | 2026-10-01T10:14:42.710698931Z INFO:     172.19.0.7:51812 - "POST /api/v1/projects HTTP/1.1" 201 Created
backend-1  | 2026-10-01T10:14:42.723056348Z {"timestamp": "2026-10-01T10:14:42.722887+00:00", "level": "INFO", "logger": "app.main", "event": "request_completed", "request_id": "390df14a-e749-4774-bb3c-7611986827f8", "job_id": null, "user_id": null, "project_id": null, "stage": null, "status": 201, "error": null, "duration_ms": 8}
backend-1  | 2026-10-01T10:14:42.723099494Z INFO:     172.19.0.7:51812 - "POST /api/v1/projects/8b9b9fe6-7402-4167-b1a7-12de33a3bcaf/chapters HTTP/1.1" 201 Created
backend-1  | 2026-10-01T10:14:43.043683989Z {"timestamp": "2026-10-01T10:14:43.043496+00:00", "level": "INFO", "logger": "app.main", "event": "request_completed", "request_id": "8ac01b7d-b9bc-447f-87db-d7c6ab490379", "job_id": null, "user_id": null, "project_id": null, "stage": null, "status": 200, "error": null, "duration_ms": 222}
backend-1  | 2026-10-01T10:14:43.043735739Z INFO:     172.19.0.7:51812 - "POST /api/v1/chapters/e43d0377-e034-450f-acec-7be0b53e338d/upload HTTP/1.1" 200 OK
backend-1  | 2026-10-01T10:25:00.528443907Z {"timestamp": "2026-10-01T10:25:00.528232+00:00", "level": "INFO", "logger": "app.main", "event": "request_completed", "request_id": "bc66462d-d746-4d8a-9e3c-733f6d9b939b", "job_id": null, "user_id": null, "project_id": null, "stage": null, "status": 200, "error": null, "duration_ms": 72}
backend-1  | 2026-10-01T10:25:00.528520595Z INFO:     172.19.0.7:51090 - "POST /api/v1/chapters/e43d0377-e034-450f-acec-7be0b53e338d/processing-retry HTTP/1.1" 200 OK

RESTART-BACKEND
 Container diagstale-20261001t101422152631z-backend-1 Restarting 
 Container diagstale-20261001t101422152631z-backend-1 Started 

restart-backend CONTAINER STATUS
{"Command":"\"uvicorn app.main:ap…\"","CreatedAt":"2026-10-01 11:14:22 +0100 WAT","Engine":"","ExitCode":0,"Health":"","ID":"4d9203697b09","Image":"recap-studio-backend:latest","Labels":"com.docker.compose.project=diagstale-20261001t101422152631z,com.docker.compose.project.config_files=D:\\projects\\manhua review\\diagnostic-stale.compose.yml,com.docker.compose.service=backend,com.docker.compose.version=5.5.1,com.docker.compose.depends_on=migrate:service_completed_successfully:false,storage-init:service_completed_successfully:false,redis:service_healthy:false,com.docker.compose.image=sha256:d6c23f78bcaa26a636285b5d86d2a14294a1aca0938fc7752a3a9f205e4ffa8a,com.docker.compose.project.working_dir=D:\\projects\\manhua review,desktop.docker.io/ports.scheme=v2,com.docker.compose.config-hash=44a777fa728b07ed1b2c39aa142e70a1af7d5da8deff5b489e92330ce23c27e7,com.docker.compose.container-number=1,com.docker.compose.oneoff=False","LocalVolumes":"0","Mounts":"","Name":"diagstale-20261001t101422152631z-backend-1","Names":"diagstale-20261001t101422152631z-backend-1","Networks":"diagstale-20261001t101422152631z_default","Ports":"8000/tcp","Project":"diagstale-20261001t101422152631z","Publishers":[{"URL":"","TargetPort":8000,"PublishedPort":0,"Protocol":"tcp"}],"RunningFor":"11 minutes ago","Service":"backend","Size":"0B","State":"running","Status":"Up Less than a second"}
{"Command":"\"alembic upgrade head\"","CreatedAt":"2026-10-01 11:14:22 +0100 WAT","Engine":"","ExitCode":0,"Health":"","ID":"ab6e54794b93","Image":"recap-studio-backend:latest","Labels":"desktop.docker.io/ports.scheme=v2,com.docker.compose.config-hash=56b8bfa2694996a85e69b04db575c4b376725028690f7a6b91e05e83acb8582e,com.docker.compose.project=diagstale-20261001t101422152631z,com.docker.compose.project.config_files=D:\\projects\\manhua review\\diagnostic-stale.compose.yml,com.docker.compose.version=5.5.1,com.docker.compose.container-number=1,com.docker.compose.depends_on=postgres:service_healthy:false,com.docker.compose.image=sha256:d6c23f78bcaa26a636285b5d86d2a14294a1aca0938fc7752a3a9f205e4ffa8a,com.docker.compose.oneoff=False,com.docker.compose.project.working_dir=D:\\projects\\manhua review,com.docker.compose.service=migrate","LocalVolumes":"0","Mounts":"","Name":"diagstale-20261001t101422152631z-migrate-1","Names":"diagstale-20261001t101422152631z-migrate-1","Networks":"diagstale-20261001t101422152631z_default","Ports":"","Project":"diagstale-20261001t101422152631z","Publishers":[],"RunningFor":"11 minutes ago","Service":"migrate","Size":"0B","State":"exited","Status":"Exited (0) 11 minutes ago"}
{"Command":"\"docker-entrypoint.s…\"","CreatedAt":"2026-10-01 11:14:22 +0100 WAT","Engine":"","ExitCode":0,"Health":"healthy","ID":"a2598822245f","Image":"postgres:17.6-bookworm","Labels":"com.docker.compose.image=sha256:45cd22f8d32e189d245403954882f88e7a8714301fda80dab6da90f1265b25a3,com.docker.compose.project=diagstale-20261001t101422152631z,com.docker.compose.project.config_files=D:\\projects\\manhua review\\diagnostic-stale.compose.yml,com.docker.compose.project.working_dir=D:\\projects\\manhua review,com.docker.compose.container-number=1,com.docker.compose.depends_on=,com.docker.compose.oneoff=False,com.docker.compose.service=postgres,com.docker.compose.version=5.5.1,desktop.docker.io/ports.scheme=v2,com.docker.compose.config-hash=a2a5d2d0879732322d67ea5b2a65f52f7181986de97c1c9fb4dd5b463e4b6438","LocalVolumes":"1","Mounts":"56ab405ed36c41…","Name":"diagstale-20261001t101422152631z-postgres-1","Names":"diagstale-20261001t101422152631z-postgres-1","Networks":"diagstale-20261001t101422152631z_default","Ports":"5432/tcp","Project":"diagstale-20261001t101422152631z","Publishers":[{"URL":"","TargetPort":5432,"PublishedPort":0,"Protocol":"tcp"}],"RunningFor":"11 minutes ago","Service":"postgres","Size":"0B","State":"running","Status":"Up 11 minutes (healthy)"}
{"Command":"\"python /probe.py\"","CreatedAt":"2026-10-01 11:14:27 +0100 WAT","Engine":"","ExitCode":0,"Health":"","ID":"561b8867b6c5","Image":"recap-studio-backend:latest","Labels":"com.docker.compose.version=5.5.1,desktop.docker.io/binds/0/Source=D:\\projects\\manhua review\\diagnostic_stale_probe.py,desktop.docker.io/binds/0/SourceKind=hostFile,desktop.docker.io/binds/0/Target=/probe.py,desktop.docker.io/binds/1/Target=/evidence,com.docker.compose.depends_on=,com.docker.compose.oneoff=True,com.docker.compose.project=diagstale-20261001t101422152631z,com.docker.compose.project.config_files=D:\\projects\\manhua review\\diagnostic-stale.compose.yml,desktop.docker.io/binds/1/SourceKind=hostFile,desktop.docker.io/binds/1/Source=D:/projects/manhua review/diagnostic-stale-evidence-20261001T101422152631Z,desktop.docker.io/ports.scheme=v2,com.docker.compose.project.working_dir=D:\\projects\\manhua review,com.docker.compose.service=probe,com.docker.compose.slug=0df447206ee4b3c14da7424e15a29f86ee73a0c20b35ead30d7070917fd364a4,com.docker.compose.config-hash=be92af9f409d4eab2be44e8b43adfb15d83769719c22b7083db6c560476da5ee,com.docker.compose.image=sha256:d6c23f78bcaa26a636285b5d86d2a14294a1aca0938fc7752a3a9f205e4ffa8a","LocalVolumes":"0","Mounts":"/run/desktop/m…,/run/desktop/m…","Name":"diagstale-20261001t101422152631z-probe","Names":"diagstale-20261001t101422152631z-probe","Networks":"diagstale-20261001t101422152631z_default","Ports":"8000/tcp","Project":"diagstale-20261001t101422152631z","Publishers":[{"URL":"","TargetPort":8000,"PublishedPort":0,"Protocol":"tcp"}],"RunningFor":"11 minutes ago","Service":"probe","Size":"0B","State":"running","Status":"Up 11 minutes"}
{"Command":"\"docker-entrypoint.s…\"","CreatedAt":"2026-10-01 11:14:22 +0100 WAT","Engine":"","ExitCode":0,"Health":"healthy","ID":"7818e14bff7b","Image":"redis:7.4.5-bookworm","Labels":"desktop.docker.io/ports.scheme=v2,com.docker.compose.image=sha256:e3c80ea4c9c583621a7ba3a148d825b9d05b0b39793912fff5af315369e73344,com.docker.compose.project.config_files=D:\\projects\\manhua review\\diagnostic-stale.compose.yml,com.docker.compose.project.working_dir=D:\\projects\\manhua review,com.docker.compose.service=redis,com.docker.compose.config-hash=b1a179c6673332468d0bf54222a913248efcf391001689aef8fe0917c8f20312,com.docker.compose.container-number=1,com.docker.compose.depends_on=,com.docker.compose.oneoff=False,com.docker.compose.project=diagstale-20261001t101422152631z,com.docker.compose.version=5.5.1","LocalVolumes":"1","Mounts":"7cd4df7c688836…","Name":"diagstale-20261001t101422152631z-redis-1","Names":"diagstale-20261001t101422152631z-redis-1","Networks":"diagstale-20261001t101422152631z_default","Ports":"6379/tcp","Project":"diagstale-20261001t101422152631z","Publishers":[{"URL":"","TargetPort":6379,"PublishedPort":0,"Protocol":"tcp"}],"RunningFor":"11 minutes ago","Service":"redis","Size":"0B","State":"running","Status":"Up 11 minutes (healthy)"}
{"Command":"\"/usr/bin/docker-ent…\"","CreatedAt":"2026-10-01 11:14:22 +0100 WAT","Engine":"","ExitCode":0,"Health":"healthy","ID":"e208e392c5de","Image":"quay.io/minio/aistor/minio:RELEASE.2026-09-19T17-05-25Z@sha256:107cf2014a9583c74c11e3cdbd6903d89c2244355886b89ce532f4ecae9c23f3","Labels":"com.docker.compose.config-hash=caf4703d7c6c695ea4682be31ed4fe99ccee05fc626540a5d054573144763e6e,summary=MinIO is a High Performance Object Storage, API compatible with Amazon S3 cloud storage service.,architecture=x86_64,build-date=2026-09-14T00:32:05Z,com.docker.compose.version=5.5.1,description=MinIO object storage is fundamentally different. Designed for performance and the S3 API, it is 100% open-source. MinIO is ideal for large, private cloud environments with stringent security requirements and delivers mission-critical availability across a diverse range of workloads.,vcs-ref=b3f01943b83e7975e01233fc613cb5f0941b57d1,vendor=MinIO Inc \u003cdev@min.io\u003e,com.docker.compose.project.config_files=D:\\projects\\manhua review\\diagnostic-stale.compose.yml,cpe=cpe:/a:redhat:enterprise_linux:9::appstream,io.buildah.version=1.44.0,org.opencontainers.image.revision=b3f01943b83e7975e01233fc613cb5f0941b57d1,com.docker.compose.oneoff=False,com.redhat.component=ubi9-micro-container,desktop.docker.io/mounts/0/Source=C:/Users/MSC/Downloads/minio.license,desktop.docker.io/ports.scheme=v2,maintainer=MinIO Inc \u003cdev@min.io\u003e,org.opencontainers.image.created=2026-09-14T00:32:05Z,com.docker.compose.depends_on=,desktop.docker.io/mounts/0/Target=/run/secrets/minio.license,io.openshift.expose-services=,name=MinIO,url=https://catalog.redhat.com/en/search?searchType=containers,com.redhat.license_terms=https://www.redhat.com/en/about/red-hat-end-user-license-agreements#UBI,com.docker.compose.container-number=1,com.docker.compose.project.working_dir=D:\\projects\\manhua review,distribution-scope=public,org.opencontainers.image.source=https://github.com/miniohq/aistor,com.docker.compose.project=diagstale-20261001t101422152631z,com.docker.compose.service=storage,desktop.docker.io/mounts/0/SourceKind=hostFile,io.k8s.description=Very small image which doesn't install the package manager.,io.k8s.display-name=Red Hat Universal Base Image 9 Micro,com.docker.compose.image=sha256:a94e1fe399bd050fe6d6148839597a4995350c0e62c9e83f0cec8b5630ed0a1e,release=RELEASE.2026-09-19T17-05-25Z,vcs-type=git,version=RELEASE.2026-09-19T17-05-25Z","LocalVolumes":"1","Mounts":"d9edbd5e2adaf4…,/run/desktop/m…","Name":"diagstale-20261001t101422152631z-storage-1","Names":"diagstale-20261001t101422152631z-storage-1","Networks":"diagstale-20261001t101422152631z_default","Ports":"9000/tcp","Project":"diagstale-20261001t101422152631z","Publishers":[{"URL":"","TargetPort":9000,"PublishedPort":0,"Protocol":"tcp"}],"RunningFor":"11 minutes ago","Service":"storage","Size":"0B","State":"running","Status":"Up 11 minutes (healthy)"}
{"Command":"\"python -c 'import o…\"","CreatedAt":"2026-10-01 11:14:22 +0100 WAT","Engine":"","ExitCode":0,"Health":"","ID":"ec9ab7fef5f3","Image":"recap-studio-backend:latest","Labels":"com.docker.compose.container-number=1,com.docker.compose.image=sha256:d6c23f78bcaa26a636285b5d86d2a14294a1aca0938fc7752a3a9f205e4ffa8a,com.docker.compose.project=diagstale-20261001t101422152631z,com.docker.compose.project.config_files=D:\\projects\\manhua review\\diagnostic-stale.compose.yml,com.docker.compose.project.working_dir=D:\\projects\\manhua review,com.docker.compose.version=5.5.1,com.docker.compose.config-hash=4d1c7a794669f9ea6f3e8b601ef2d4b781630a2bc4935f6a058cb6e062558c4f,com.docker.compose.depends_on=storage:service_healthy:false,com.docker.compose.oneoff=False,com.docker.compose.service=storage-init,desktop.docker.io/ports.scheme=v2","LocalVolumes":"0","Mounts":"","Name":"diagstale-20261001t101422152631z-storage-init-1","Names":"diagstale-20261001t101422152631z-storage-init-1","Networks":"diagstale-20261001t101422152631z_default","Ports":"","Project":"diagstale-20261001t101422152631z","Publishers":[],"RunningFor":"11 minutes ago","Service":"storage-init","Size":"0B","State":"exited","Status":"Exited (0) 11 minutes ago"}
{"Command":"\"celery -A app.worke…\"","CreatedAt":"2026-10-01 11:14:22 +0100 WAT","Engine":"","ExitCode":0,"Health":"","ID":"75511a68015d","Image":"recap-studio-worker:latest","Labels":"com.docker.compose.config-hash=a459cec9a0189b7b63c974adf5d4fbc07e5f9a79d42b3173a7ef36654d0122b9,com.docker.compose.container-number=1,com.docker.compose.depends_on=migrate:service_completed_successfully:false,storage-init:service_completed_successfully:false,redis:service_healthy:false,com.docker.compose.project.config_files=D:\\projects\\manhua review\\diagnostic-stale.compose.yml,com.docker.compose.project.working_dir=D:\\projects\\manhua review,desktop.docker.io/ports.scheme=v2,com.docker.compose.image=sha256:dced672dde2b1e96b03b47cce1ef992d13eb93ffbd78579a8c390b3e6c4da196,com.docker.compose.oneoff=False,com.docker.compose.project=diagstale-20261001t101422152631z,com.docker.compose.service=worker,com.docker.compose.version=5.5.1","LocalVolumes":"0","Mounts":"","Name":"diagstale-20261001t101422152631z-worker-1","Names":"diagstale-20261001t101422152631z-worker-1","Networks":"diagstale-20261001t101422152631z_default","Ports":"8000/tcp","Project":"diagstale-20261001t101422152631z","Publishers":[{"URL":"","TargetPort":8000,"PublishedPort":0,"Protocol":"tcp"}],"RunningFor":"11 minutes ago","Service":"worker","Size":"0B","State":"running","Status":"Up 20 seconds"}

restart-backend worker STATE/HEALTH
{"Status":"running","Running":true,"Paused":false,"Restarting":false,"OOMKilled":false,"Dead":false,"Pid":85000,"ExitCode":0,"Error":"","StartedAt":"2026-10-01T10:25:11.841989381Z","FinishedAt":"2026-10-01T10:25:11.666186519Z"}

restart-backend backend STATE/HEALTH
{"Status":"running","Running":true,"Paused":false,"Restarting":false,"OOMKilled":false,"Dead":false,"Pid":85892,"ExitCode":0,"Error":"","StartedAt":"2026-10-01T10:25:32.18892225Z","FinishedAt":"2026-10-01T10:25:32.002009188Z"}

restart-backend redis STATE/HEALTH
{"Status":"running","Running":true,"Paused":false,"Restarting":false,"OOMKilled":false,"Dead":false,"Pid":58056,"ExitCode":0,"Error":"","StartedAt":"2026-10-01T10:14:22.721729899Z","FinishedAt":"0001-01-01T00:00:00Z","Health":{"Status":"healthy","FailingStreak":0,"Log":[{"Start":"2026-10-01T10:25:23.403930615Z","End":"2026-10-01T10:25:23.438904891Z","ExitCode":0,"Output":"PONG\n"},{"Start":"2026-10-01T10:25:25.438141124Z","End":"2026-10-01T10:25:25.477216147Z","ExitCode":0,"Output":"PONG\n"},{"Start":"2026-10-01T10:25:27.477766167Z","End":"2026-10-01T10:25:27.506459253Z","ExitCode":0,"Output":"PONG\n"},{"Start":"2026-10-01T10:25:29.507798712Z","End":"2026-10-01T10:25:29.539330513Z","ExitCode":0,"Output":"PONG\n"},{"Start":"2026-10-01T10:25:31.54128452Z","End":"2026-10-01T10:25:31.569688906Z","ExitCode":0,"Output":"PONG\n"}]}}

restart-backend LOGS
backend-1  | 2026-10-01T10:14:28.893293943Z INFO:     Started server process [1]
backend-1  | 2026-10-01T10:14:28.893323238Z INFO:     Waiting for application startup.
backend-1  | 2026-10-01T10:14:28.896522077Z INFO:     Application startup complete.
worker-1   | 2026-10-01T10:14:28.348552611Z  
backend-1  | 2026-10-01T10:14:28.896740300Z INFO:     Uvicorn running on http://0.0.0.0:8000 (Press CTRL+C to quit)
worker-1   | 2026-10-01T10:14:28.348588456Z  -------------- celery@75511a68015d v5.6.3 (recovery)
worker-1   | 2026-10-01T10:14:28.348591736Z --- ***** ----- 
worker-1   | 2026-10-01T10:14:28.348593290Z -- ******* ---- Linux-6.18.40.1-microsoft-standard-WSL2-x86_64-with-glibc2.36 2026-10-01 10:14:28
worker-1   | 2026-10-01T10:14:28.348594899Z - *** --- * --- 
backend-1  | 2026-10-01T10:14:29.293401283Z {"timestamp": "2026-10-01T10:14:29.293139+00:00", "level": "INFO", "logger": "app.main", "event": "request_completed", "request_id": "80943157-ed2a-4ee9-b6f2-332b52b2130d", "job_id": null, "user_id": null, "project_id": null, "stage": null, "status": 200, "error": null, "duration_ms": 25}
backend-1  | 2026-10-01T10:14:29.293441727Z INFO:     172.19.0.7:57018 - "GET /health/live HTTP/1.1" 200 OK
backend-1  | 2026-10-01T10:14:42.695110536Z {"timestamp": "2026-10-01T10:14:42.694910+00:00", "level": "INFO", "logger": "app.main", "event": "request_completed", "request_id": "edbb43d8-f875-4cb4-ae65-2dabf7d0e698", "job_id": null, "user_id": null, "project_id": null, "stage": null, "status": 201, "error": null, "duration_ms": 100}
worker-1   | 2026-10-01T10:14:28.348596265Z - ** ---------- [config]
worker-1   | 2026-10-01T10:14:28.348597667Z - ** ---------- .> app:         recap:0x788230eb38f0
backend-1  | 2026-10-01T10:14:42.695155053Z INFO:     172.19.0.7:51812 - "POST /api/v1/auth/register HTTP/1.1" 201 Created
worker-1   | 2026-10-01T10:14:28.348599426Z - ** ---------- .> transport:   redis://redis:6379/0
worker-1   | 2026-10-01T10:14:28.348600884Z - ** ---------- .> results:     disabled://
backend-1  | 2026-10-01T10:14:42.710667209Z {"timestamp": "2026-10-01T10:14:42.710483+00:00", "level": "INFO", "logger": "app.main", "event": "request_completed", "request_id": "376a4411-749f-42e4-9933-b87fae422fc8", "job_id": null, "user_id": null, "project_id": null, "stage": null, "status": 201, "error": null, "duration_ms": 10}
backend-1  | 2026-10-01T10:14:42.710698931Z INFO:     172.19.0.7:51812 - "POST /api/v1/projects HTTP/1.1" 201 Created
backend-1  | 2026-10-01T10:14:42.723056348Z {"timestamp": "2026-10-01T10:14:42.722887+00:00", "level": "INFO", "logger": "app.main", "event": "request_completed", "request_id": "390df14a-e749-4774-bb3c-7611986827f8", "job_id": null, "user_id": null, "project_id": null, "stage": null, "status": 201, "error": null, "duration_ms": 8}
backend-1  | 2026-10-01T10:14:42.723099494Z INFO:     172.19.0.7:51812 - "POST /api/v1/projects/8b9b9fe6-7402-4167-b1a7-12de33a3bcaf/chapters HTTP/1.1" 201 Created
worker-1   | 2026-10-01T10:14:28.348602331Z - *** --- * --- .> concurrency: 2 (prefork)
backend-1  | 2026-10-01T10:14:43.043683989Z {"timestamp": "2026-10-01T10:14:43.043496+00:00", "level": "INFO", "logger": "app.main", "event": "request_completed", "request_id": "8ac01b7d-b9bc-447f-87db-d7c6ab490379", "job_id": null, "user_id": null, "project_id": null, "stage": null, "status": 200, "error": null, "duration_ms": 222}
backend-1  | 2026-10-01T10:14:43.043735739Z INFO:     172.19.0.7:51812 - "POST /api/v1/chapters/e43d0377-e034-450f-acec-7be0b53e338d/upload HTTP/1.1" 200 OK
worker-1   | 2026-10-01T10:14:28.348603775Z -- ******* ---- .> task events: OFF (enable -E to monitor tasks in this worker)
backend-1  | 2026-10-01T10:25:00.528443907Z {"timestamp": "2026-10-01T10:25:00.528232+00:00", "level": "INFO", "logger": "app.main", "event": "request_completed", "request_id": "bc66462d-d746-4d8a-9e3c-733f6d9b939b", "job_id": null, "user_id": null, "project_id": null, "stage": null, "status": 200, "error": null, "duration_ms": 72}
worker-1   | 2026-10-01T10:14:28.348607064Z --- ***** ----- 
worker-1   | 2026-10-01T10:14:28.348608468Z  -------------- [queues]
worker-1   | 2026-10-01T10:14:28.348609856Z                 .> system           exchange=system(direct) key=system
backend-1  | 2026-10-01T10:25:00.528520595Z INFO:     172.19.0.7:51090 - "POST /api/v1/chapters/e43d0377-e034-450f-acec-7be0b53e338d/processing-retry HTTP/1.1" 200 OK
backend-1  | 2026-10-01T10:25:12.780843957Z {"timestamp": "2026-10-01T10:25:12.780676+00:00", "level": "INFO", "logger": "app.main", "event": "request_completed", "request_id": "2e6c02d7-a1f3-43a3-ae1a-6dd631556bda", "job_id": null, "user_id": null, "project_id": null, "stage": null, "status": 200, "error": null, "duration_ms": 0}
backend-1  | 2026-10-01T10:25:12.780879370Z INFO:     172.19.0.7:40880 - "GET /health/live HTTP/1.1" 200 OK
worker-1   | 2026-10-01T10:14:28.348611339Z                 
backend-1  | 2026-10-01T10:25:31.606928234Z INFO:     Shutting down
backend-1  | 2026-10-01T10:25:31.708074454Z INFO:     Waiting for application shutdown.
worker-1   | 2026-10-01T10:14:28.348612650Z 
backend-1  | 2026-10-01T10:25:31.710417379Z INFO:     Application shutdown complete.
backend-1  | 2026-10-01T10:25:31.711256364Z INFO:     Finished server process [1]
worker-1   | 2026-10-01T10:14:28.348613969Z [tasks]
worker-1   | 2026-10-01T10:14:28.348615316Z   . ingestion.process
worker-1   | 2026-10-01T10:14:28.348616784Z   . system.heartbeat
worker-1   | 2026-10-01T10:14:28.348618199Z 
worker-1   | 2026-10-01T10:14:28.434150447Z {"timestamp": "2026-10-01T10:14:28.433608+00:00", "level": "INFO", "logger": "celery.worker.consumer.connection", "event": "Connected to redis://redis:6379/0", "request_id": null, "job_id": null, "user_id": null, "project_id": null, "stage": null, "status": null, "error": null, "duration_ms": null}
worker-1   | 2026-10-01T10:14:28.436975556Z {"timestamp": "2026-10-01T10:14:28.436687+00:00", "level": "INFO", "logger": "celery.worker.consumer.mingle", "event": "mingle: searching for neighbors", "request_id": null, "job_id": null, "user_id": null, "project_id": null, "stage": null, "status": null, "error": null, "duration_ms": null}
worker-1   | 2026-10-01T10:14:29.448060659Z {"timestamp": "2026-10-01T10:14:29.447700+00:00", "level": "INFO", "logger": "celery.worker.consumer.mingle", "event": "mingle: all alone", "request_id": null, "job_id": null, "user_id": null, "project_id": null, "stage": null, "status": null, "error": null, "duration_ms": null}
worker-1   | 2026-10-01T10:14:29.455788607Z {"timestamp": "2026-10-01T10:14:29.455652+00:00", "level": "INFO", "logger": "celery.apps.worker", "event": "celery@75511a68015d ready.", "request_id": null, "job_id": null, "user_id": null, "project_id": null, "stage": null, "status": null, "error": null, "duration_ms": null}
worker-1   | 2026-10-01T10:14:43.041133075Z {"timestamp": "2026-10-01T10:14:43.040777+00:00", "level": "INFO", "logger": "celery.worker.strategy", "event": "Task ingestion.process[a41de22a-0699-4613-8af3-d30d0d1feeb0] received", "request_id": null, "job_id": null, "user_id": null, "project_id": null, "stage": null, "status": null, "error": null, "duration_ms": null}
worker-1   | 2026-10-01T10:24:46.931696570Z  
worker-1   | 2026-10-01T10:24:46.931733616Z  -------------- celery@75511a68015d v5.6.3 (recovery)
worker-1   | 2026-10-01T10:24:46.931735391Z --- ***** ----- 
worker-1   | 2026-10-01T10:24:46.931736411Z -- ******* ---- Linux-6.18.40.1-microsoft-standard-WSL2-x86_64-with-glibc2.36 2026-10-01 10:24:46
worker-1   | 2026-10-01T10:24:46.931737402Z - *** --- * --- 
worker-1   | 2026-10-01T10:24:46.931738213Z - ** ---------- [config]
worker-1   | 2026-10-01T10:24:46.931739079Z - ** ---------- .> app:         recap:0x70f1f61db590
worker-1   | 2026-10-01T10:24:46.931740242Z - ** ---------- .> transport:   redis://redis:6379/0
worker-1   | 2026-10-01T10:24:46.931741093Z - ** ---------- .> results:     disabled://
worker-1   | 2026-10-01T10:24:46.931741908Z - *** --- * --- .> concurrency: 2 (prefork)
worker-1   | 2026-10-01T10:24:46.931742781Z -- ******* ---- .> task events: OFF (enable -E to monitor tasks in this worker)
worker-1   | 2026-10-01T10:24:46.931743736Z --- ***** ----- 
worker-1   | 2026-10-01T10:24:46.931744503Z  -------------- [queues]
worker-1   | 2026-10-01T10:24:46.931745303Z                 .> system           exchange=system(direct) key=system
worker-1   | 2026-10-01T10:24:46.931746183Z                 
worker-1   | 2026-10-01T10:24:46.931747184Z 
worker-1   | 2026-10-01T10:24:46.931748017Z [tasks]
worker-1   | 2026-10-01T10:24:46.931751969Z   . ingestion.process
worker-1   | 2026-10-01T10:24:46.931752885Z   . system.heartbeat
worker-1   | 2026-10-01T10:24:46.931753691Z 
worker-1   | 2026-10-01T10:24:47.009278141Z {"timestamp": "2026-10-01T10:24:47.008916+00:00", "level": "INFO", "logger": "celery.worker.consumer.connection", "event": "Connected to redis://redis:6379/0", "request_id": null, "job_id": null, "user_id": null, "project_id": null, "stage": null, "status": null, "error": null, "duration_ms": null}
worker-1   | 2026-10-01T10:24:47.014405489Z {"timestamp": "2026-10-01T10:24:47.014164+00:00", "level": "INFO", "logger": "celery.worker.consumer.mingle", "event": "mingle: searching for neighbors", "request_id": null, "job_id": null, "user_id": null, "project_id": null, "stage": null, "status": null, "error": null, "duration_ms": null}
worker-1   | 2026-10-01T10:24:48.023011026Z {"timestamp": "2026-10-01T10:24:48.022726+00:00", "level": "INFO", "logger": "celery.worker.consumer.mingle", "event": "mingle: all alone", "request_id": null, "job_id": null, "user_id": null, "project_id": null, "stage": null, "status": null, "error": null, "duration_ms": null}
worker-1   | 2026-10-01T10:24:48.031164250Z {"timestamp": "2026-10-01T10:24:48.031017+00:00", "level": "INFO", "logger": "celery.apps.worker", "event": "celery@75511a68015d ready.", "request_id": null, "job_id": null, "user_id": null, "project_id": null, "stage": null, "status": null, "error": null, "duration_ms": null}
worker-1   | 2026-10-01T10:25:00.528711807Z {"timestamp": "2026-10-01T10:25:00.528579+00:00", "level": "INFO", "logger": "celery.worker.strategy", "event": "Task ingestion.process[4b2fd626-626b-43a7-9091-09ba1ef43b2d] received", "request_id": null, "job_id": null, "user_id": null, "project_id": null, "stage": null, "status": null, "error": null, "duration_ms": null}
worker-1   | 2026-10-01T10:25:08.188119586Z {"timestamp": "2026-10-01T10:25:08.187892+00:00", "level": "INFO", "logger": "celery.app.trace", "event": "Task ingestion.process[4b2fd626-626b-43a7-9091-09ba1ef43b2d] succeeded in 7.658398769000996s: None", "request_id": null, "job_id": null, "user_id": null, "project_id": null, "stage": null, "status": null, "error": null, "duration_ms": null}
worker-1   | 2026-10-01T10:25:09.177381161Z 
worker-1   | 2026-10-01T10:25:09.177403169Z worker: Warm shutdown (MainProcess)
worker-1   | 2026-10-01T10:25:12.700839380Z  
worker-1   | 2026-10-01T10:25:12.700864527Z  -------------- celery@75511a68015d v5.6.3 (recovery)
worker-1   | 2026-10-01T10:25:12.700866652Z --- ***** ----- 
worker-1   | 2026-10-01T10:25:12.700868125Z -- ******* ---- Linux-6.18.40.1-microsoft-standard-WSL2-x86_64-with-glibc2.36 2026-10-01 10:25:12
worker-1   | 2026-10-01T10:25:12.700869702Z - *** --- * --- 
worker-1   | 2026-10-01T10:25:12.700871148Z - ** ---------- [config]
worker-1   | 2026-10-01T10:25:12.700872617Z - ** ---------- .> app:         recap:0x745350ec0d10
worker-1   | 2026-10-01T10:25:12.700874876Z - ** ---------- .> transport:   redis://redis:6379/0
worker-1   | 2026-10-01T10:25:12.700876336Z - ** ---------- .> results:     disabled://
worker-1   | 2026-10-01T10:25:12.700877793Z - *** --- * --- .> concurrency: 2 (prefork)
worker-1   | 2026-10-01T10:25:12.700879172Z -- ******* ---- .> task events: OFF (enable -E to monitor tasks in this worker)
worker-1   | 2026-10-01T10:25:12.700880788Z --- ***** ----- 
worker-1   | 2026-10-01T10:25:12.700882099Z  -------------- [queues]
worker-1   | 2026-10-01T10:25:12.700883485Z                 .> system           exchange=system(direct) key=system
worker-1   | 2026-10-01T10:25:12.700884972Z                 
worker-1   | 2026-10-01T10:25:12.700886372Z 
worker-1   | 2026-10-01T10:25:12.700887679Z [tasks]
worker-1   | 2026-10-01T10:25:12.700889015Z   . ingestion.process
worker-1   | 2026-10-01T10:25:12.700890462Z   . system.heartbeat
worker-1   | 2026-10-01T10:25:12.700891914Z 
worker-1   | 2026-10-01T10:25:12.783832407Z {"timestamp": "2026-10-01T10:25:12.783601+00:00", "level": "INFO", "logger": "celery.worker.consumer.connection", "event": "Connected to redis://redis:6379/0", "request_id": null, "job_id": null, "user_id": null, "project_id": null, "stage": null, "status": null, "error": null, "duration_ms": null}
worker-1   | 2026-10-01T10:25:12.787118803Z {"timestamp": "2026-10-01T10:25:12.786994+00:00", "level": "INFO", "logger": "celery.worker.consumer.mingle", "event": "mingle: searching for neighbors", "request_id": null, "job_id": null, "user_id": null, "project_id": null, "stage": null, "status": null, "error": null, "duration_ms": null}
worker-1   | 2026-10-01T10:25:13.793387710Z {"timestamp": "2026-10-01T10:25:13.793155+00:00", "level": "INFO", "logger": "celery.worker.consumer.mingle", "event": "mingle: all alone", "request_id": null, "job_id": null, "user_id": null, "project_id": null, "stage": null, "status": null, "error": null, "duration_ms": null}
worker-1   | 2026-10-01T10:25:13.799675716Z {"timestamp": "2026-10-01T10:25:13.799552+00:00", "level": "INFO", "logger": "celery.apps.worker", "event": "celery@75511a68015d ready.", "request_id": null, "job_id": null, "user_id": null, "project_id": null, "stage": null, "status": null, "error": null, "duration_ms": null}
redis-1    | 2026-10-01T10:14:22.854069334Z 1:C 01 Oct 2026 10:14:22.853 * oO0OoO0OoO0Oo Redis is starting oO0OoO0OoO0Oo
redis-1    | 2026-10-01T10:14:22.854127748Z 1:C 01 Oct 2026 10:14:22.853 * Redis version=7.4.5, bits=64, commit=00000000, modified=0, pid=1, just started
redis-1    | 2026-10-01T10:14:22.854130670Z 1:C 01 Oct 2026 10:14:22.853 # Warning: no config file specified, using the default config. In order to specify a config file use redis-server /path/to/redis.conf
redis-1    | 2026-10-01T10:14:22.854487509Z 1:M 01 Oct 2026 10:14:22.854 * monotonic clock: POSIX clock_gettime
redis-1    | 2026-10-01T10:14:22.855435318Z 1:M 01 Oct 2026 10:14:22.855 * Running mode=standalone, port=6379.
redis-1    | 2026-10-01T10:14:22.855836092Z 1:M 01 Oct 2026 10:14:22.855 * Server initialized
redis-1    | 2026-10-01T10:14:22.855853746Z 1:M 01 Oct 2026 10:14:22.855 * Ready to accept connections tcp

RESTART-REDIS
 Container diagstale-20261001t101422152631z-redis-1 Restarting 
 Container diagstale-20261001t101422152631z-redis-1 Started 

restart-redis CONTAINER STATUS
{"Command":"\"uvicorn app.main:ap…\"","CreatedAt":"2026-10-01 11:14:22 +0100 WAT","Engine":"","ExitCode":0,"Health":"","ID":"4d9203697b09","Image":"recap-studio-backend:latest","Labels":"com.docker.compose.version=5.5.1,desktop.docker.io/ports.scheme=v2,com.docker.compose.depends_on=migrate:service_completed_successfully:false,storage-init:service_completed_successfully:false,redis:service_healthy:false,com.docker.compose.image=sha256:d6c23f78bcaa26a636285b5d86d2a14294a1aca0938fc7752a3a9f205e4ffa8a,com.docker.compose.oneoff=False,com.docker.compose.service=backend,com.docker.compose.config-hash=44a777fa728b07ed1b2c39aa142e70a1af7d5da8deff5b489e92330ce23c27e7,com.docker.compose.container-number=1,com.docker.compose.project=diagstale-20261001t101422152631z,com.docker.compose.project.config_files=D:\\projects\\manhua review\\diagnostic-stale.compose.yml,com.docker.compose.project.working_dir=D:\\projects\\manhua review","LocalVolumes":"0","Mounts":"","Name":"diagstale-20261001t101422152631z-backend-1","Names":"diagstale-20261001t101422152631z-backend-1","Networks":"diagstale-20261001t101422152631z_default","Ports":"8000/tcp","Project":"diagstale-20261001t101422152631z","Publishers":[{"URL":"","TargetPort":8000,"PublishedPort":0,"Protocol":"tcp"}],"RunningFor":"11 minutes ago","Service":"backend","Size":"0B","State":"running","Status":"Up 17 seconds"}
{"Command":"\"alembic upgrade head\"","CreatedAt":"2026-10-01 11:14:22 +0100 WAT","Engine":"","ExitCode":0,"Health":"","ID":"ab6e54794b93","Image":"recap-studio-backend:latest","Labels":"com.docker.compose.container-number=1,com.docker.compose.image=sha256:d6c23f78bcaa26a636285b5d86d2a14294a1aca0938fc7752a3a9f205e4ffa8a,com.docker.compose.project=diagstale-20261001t101422152631z,com.docker.compose.project.config_files=D:\\projects\\manhua review\\diagnostic-stale.compose.yml,com.docker.compose.project.working_dir=D:\\projects\\manhua review,com.docker.compose.service=migrate,desktop.docker.io/ports.scheme=v2,com.docker.compose.config-hash=56b8bfa2694996a85e69b04db575c4b376725028690f7a6b91e05e83acb8582e,com.docker.compose.depends_on=postgres:service_healthy:false,com.docker.compose.oneoff=False,com.docker.compose.version=5.5.1","LocalVolumes":"0","Mounts":"","Name":"diagstale-20261001t101422152631z-migrate-1","Names":"diagstale-20261001t101422152631z-migrate-1","Networks":"diagstale-20261001t101422152631z_default","Ports":"","Project":"diagstale-20261001t101422152631z","Publishers":[],"RunningFor":"11 minutes ago","Service":"migrate","Size":"0B","State":"exited","Status":"Exited (0) 11 minutes ago"}
{"Command":"\"docker-entrypoint.s…\"","CreatedAt":"2026-10-01 11:14:22 +0100 WAT","Engine":"","ExitCode":0,"Health":"healthy","ID":"a2598822245f","Image":"postgres:17.6-bookworm","Labels":"com.docker.compose.project.config_files=D:\\projects\\manhua review\\diagnostic-stale.compose.yml,com.docker.compose.project.working_dir=D:\\projects\\manhua review,com.docker.compose.service=postgres,com.docker.compose.version=5.5.1,com.docker.compose.depends_on=,com.docker.compose.image=sha256:45cd22f8d32e189d245403954882f88e7a8714301fda80dab6da90f1265b25a3,com.docker.compose.project=diagstale-20261001t101422152631z,desktop.docker.io/ports.scheme=v2,com.docker.compose.config-hash=a2a5d2d0879732322d67ea5b2a65f52f7181986de97c1c9fb4dd5b463e4b6438,com.docker.compose.container-number=1,com.docker.compose.oneoff=False","LocalVolumes":"1","Mounts":"56ab405ed36c41…","Name":"diagstale-20261001t101422152631z-postgres-1","Names":"diagstale-20261001t101422152631z-postgres-1","Networks":"diagstale-20261001t101422152631z_default","Ports":"5432/tcp","Project":"diagstale-20261001t101422152631z","Publishers":[{"URL":"","TargetPort":5432,"PublishedPort":0,"Protocol":"tcp"}],"RunningFor":"11 minutes ago","Service":"postgres","Size":"0B","State":"running","Status":"Up 11 minutes (healthy)"}
{"Command":"\"python /probe.py\"","CreatedAt":"2026-10-01 11:14:27 +0100 WAT","Engine":"","ExitCode":0,"Health":"","ID":"561b8867b6c5","Image":"recap-studio-backend:latest","Labels":"desktop.docker.io/binds/1/Target=/evidence,desktop.docker.io/binds/0/Target=/probe.py,com.docker.compose.config-hash=be92af9f409d4eab2be44e8b43adfb15d83769719c22b7083db6c560476da5ee,com.docker.compose.image=sha256:d6c23f78bcaa26a636285b5d86d2a14294a1aca0938fc7752a3a9f205e4ffa8a,desktop.docker.io/binds/0/SourceKind=hostFile,desktop.docker.io/ports.scheme=v2,com.docker.compose.oneoff=True,com.docker.compose.version=5.5.1,desktop.docker.io/binds/1/SourceKind=hostFile,desktop.docker.io/binds/1/Source=D:/projects/manhua review/diagnostic-stale-evidence-20261001T101422152631Z,com.docker.compose.depends_on=,com.docker.compose.project.config_files=D:\\projects\\manhua review\\diagnostic-stale.compose.yml,com.docker.compose.project.working_dir=D:\\projects\\manhua review,com.docker.compose.service=probe,desktop.docker.io/binds/0/Source=D:\\projects\\manhua review\\diagnostic_stale_probe.py,com.docker.compose.project=diagstale-20261001t101422152631z,com.docker.compose.slug=0df447206ee4b3c14da7424e15a29f86ee73a0c20b35ead30d7070917fd364a4","LocalVolumes":"0","Mounts":"/run/desktop/m…,/run/desktop/m…","Name":"diagstale-20261001t101422152631z-probe","Names":"diagstale-20261001t101422152631z-probe","Networks":"diagstale-20261001t101422152631z_default","Ports":"8000/tcp","Project":"diagstale-20261001t101422152631z","Publishers":[{"URL":"","TargetPort":8000,"PublishedPort":0,"Protocol":"tcp"}],"RunningFor":"11 minutes ago","Service":"probe","Size":"0B","State":"running","Status":"Up 11 minutes"}
{"Command":"\"docker-entrypoint.s…\"","CreatedAt":"2026-10-01 11:14:22 +0100 WAT","Engine":"","ExitCode":0,"Health":"starting","ID":"7818e14bff7b","Image":"redis:7.4.5-bookworm","Labels":"com.docker.compose.config-hash=b1a179c6673332468d0bf54222a913248efcf391001689aef8fe0917c8f20312,com.docker.compose.depends_on=,com.docker.compose.image=sha256:e3c80ea4c9c583621a7ba3a148d825b9d05b0b39793912fff5af315369e73344,com.docker.compose.oneoff=False,com.docker.compose.project=diagstale-20261001t101422152631z,com.docker.compose.project.working_dir=D:\\projects\\manhua review,com.docker.compose.service=redis,desktop.docker.io/ports.scheme=v2,com.docker.compose.container-number=1,com.docker.compose.project.config_files=D:\\projects\\manhua review\\diagnostic-stale.compose.yml,com.docker.compose.version=5.5.1","LocalVolumes":"1","Mounts":"7cd4df7c688836…","Name":"diagstale-20261001t101422152631z-redis-1","Names":"diagstale-20261001t101422152631z-redis-1","Networks":"diagstale-20261001t101422152631z_default","Ports":"6379/tcp","Project":"diagstale-20261001t101422152631z","Publishers":[{"URL":"","TargetPort":6379,"PublishedPort":0,"Protocol":"tcp"}],"RunningFor":"11 minutes ago","Service":"redis","Size":"0B","State":"running","Status":"Up Less than a second (health: starting)"}
{"Command":"\"/usr/bin/docker-ent…\"","CreatedAt":"2026-10-01 11:14:22 +0100 WAT","Engine":"","ExitCode":0,"Health":"healthy","ID":"e208e392c5de","Image":"quay.io/minio/aistor/minio:RELEASE.2026-09-19T17-05-25Z@sha256:107cf2014a9583c74c11e3cdbd6903d89c2244355886b89ce532f4ecae9c23f3","Labels":"com.docker.compose.container-number=1,desktop.docker.io/ports.scheme=v2,io.k8s.description=Very small image which doesn't install the package manager.,io.k8s.display-name=Red Hat Universal Base Image 9 Micro,vcs-type=git,com.docker.compose.config-hash=caf4703d7c6c695ea4682be31ed4fe99ccee05fc626540a5d054573144763e6e,desktop.docker.io/mounts/0/Source=C:/Users/MSC/Downloads/minio.license,org.opencontainers.image.created=2026-09-14T00:32:05Z,com.docker.compose.depends_on=,com.docker.compose.project=diagstale-20261001t101422152631z,com.docker.compose.version=5.5.1,build-date=2026-09-14T00:32:05Z,cpe=cpe:/a:redhat:enterprise_linux:9::appstream,release=RELEASE.2026-09-19T17-05-25Z,com.redhat.license_terms=https://www.redhat.com/en/about/red-hat-end-user-license-agreements#UBI,architecture=x86_64,com.docker.compose.project.config_files=D:\\projects\\manhua review\\diagnostic-stale.compose.yml,desktop.docker.io/mounts/0/Target=/run/secrets/minio.license,org.opencontainers.image.revision=b3f01943b83e7975e01233fc613cb5f0941b57d1,vcs-ref=b3f01943b83e7975e01233fc613cb5f0941b57d1,vendor=MinIO Inc \u003cdev@min.io\u003e,io.openshift.expose-services=,name=MinIO,version=RELEASE.2026-09-19T17-05-25Z,com.redhat.component=ubi9-micro-container,com.docker.compose.image=sha256:a94e1fe399bd050fe6d6148839597a4995350c0e62c9e83f0cec8b5630ed0a1e,com.docker.compose.service=storage,distribution-scope=public,io.buildah.version=1.44.0,summary=MinIO is a High Performance Object Storage, API compatible with Amazon S3 cloud storage service.,com.docker.compose.oneoff=False,com.docker.compose.project.working_dir=D:\\projects\\manhua review,description=MinIO object storage is fundamentally different. Designed for performance and the S3 API, it is 100% open-source. MinIO is ideal for large, private cloud environments with stringent security requirements and delivers mission-critical availability across a diverse range of workloads.,desktop.docker.io/mounts/0/SourceKind=hostFile,maintainer=MinIO Inc \u003cdev@min.io\u003e,org.opencontainers.image.source=https://github.com/miniohq/aistor,url=https://catalog.redhat.com/en/search?searchType=containers","LocalVolumes":"1","Mounts":"d9edbd5e2adaf4…,/run/desktop/m…","Name":"diagstale-20261001t101422152631z-storage-1","Names":"diagstale-20261001t101422152631z-storage-1","Networks":"diagstale-20261001t101422152631z_default","Ports":"9000/tcp","Project":"diagstale-20261001t101422152631z","Publishers":[{"URL":"","TargetPort":9000,"PublishedPort":0,"Protocol":"tcp"}],"RunningFor":"11 minutes ago","Service":"storage","Size":"0B","State":"running","Status":"Up 11 minutes (healthy)"}
{"Command":"\"python -c 'import o…\"","CreatedAt":"2026-10-01 11:14:22 +0100 WAT","Engine":"","ExitCode":0,"Health":"","ID":"ec9ab7fef5f3","Image":"recap-studio-backend:latest","Labels":"com.docker.compose.depends_on=storage:service_healthy:false,com.docker.compose.oneoff=False,com.docker.compose.project=diagstale-20261001t101422152631z,com.docker.compose.project.config_files=D:\\projects\\manhua review\\diagnostic-stale.compose.yml,com.docker.compose.project.working_dir=D:\\projects\\manhua review,com.docker.compose.version=5.5.1,com.docker.compose.image=sha256:d6c23f78bcaa26a636285b5d86d2a14294a1aca0938fc7752a3a9f205e4ffa8a,com.docker.compose.service=storage-init,desktop.docker.io/ports.scheme=v2,com.docker.compose.config-hash=4d1c7a794669f9ea6f3e8b601ef2d4b781630a2bc4935f6a058cb6e062558c4f,com.docker.compose.container-number=1","LocalVolumes":"0","Mounts":"","Name":"diagstale-20261001t101422152631z-storage-init-1","Names":"diagstale-20261001t101422152631z-storage-init-1","Networks":"diagstale-20261001t101422152631z_default","Ports":"","Project":"diagstale-20261001t101422152631z","Publishers":[],"RunningFor":"11 minutes ago","Service":"storage-init","Size":"0B","State":"exited","Status":"Exited (0) 11 minutes ago"}
{"Command":"\"celery -A app.worke…\"","CreatedAt":"2026-10-01 11:14:22 +0100 WAT","Engine":"","ExitCode":0,"Health":"","ID":"75511a68015d","Image":"recap-studio-worker:latest","Labels":"com.docker.compose.project.config_files=D:\\projects\\manhua review\\diagnostic-stale.compose.yml,com.docker.compose.project.working_dir=D:\\projects\\manhua review,com.docker.compose.version=5.5.1,com.docker.compose.config-hash=a459cec9a0189b7b63c974adf5d4fbc07e5f9a79d42b3173a7ef36654d0122b9,com.docker.compose.oneoff=False,com.docker.compose.project=diagstale-20261001t101422152631z,com.docker.compose.service=worker,desktop.docker.io/ports.scheme=v2,com.docker.compose.container-number=1,com.docker.compose.depends_on=migrate:service_completed_successfully:false,storage-init:service_completed_successfully:false,redis:service_healthy:false,com.docker.compose.image=sha256:dced672dde2b1e96b03b47cce1ef992d13eb93ffbd78579a8c390b3e6c4da196","LocalVolumes":"0","Mounts":"","Name":"diagstale-20261001t101422152631z-worker-1","Names":"diagstale-20261001t101422152631z-worker-1","Networks":"diagstale-20261001t101422152631z_default","Ports":"8000/tcp","Project":"diagstale-20261001t101422152631z","Publishers":[{"URL":"","TargetPort":8000,"PublishedPort":0,"Protocol":"tcp"}],"RunningFor":"11 minutes ago","Service":"worker","Size":"0B","State":"running","Status":"Up 37 seconds"}

restart-redis worker STATE/HEALTH
{"Status":"running","Running":true,"Paused":false,"Restarting":false,"OOMKilled":false,"Dead":false,"Pid":85000,"ExitCode":0,"Error":"","StartedAt":"2026-10-01T10:25:11.841989381Z","FinishedAt":"2026-10-01T10:25:11.666186519Z"}

restart-redis backend STATE/HEALTH
{"Status":"running","Running":true,"Paused":false,"Restarting":false,"OOMKilled":false,"Dead":false,"Pid":85892,"ExitCode":0,"Error":"","StartedAt":"2026-10-01T10:25:32.18892225Z","FinishedAt":"2026-10-01T10:25:32.002009188Z"}

restart-redis redis STATE/HEALTH
{"Status":"running","Running":true,"Paused":false,"Restarting":false,"OOMKilled":false,"Dead":false,"Pid":86705,"ExitCode":0,"Error":"","StartedAt":"2026-10-01T10:25:49.353124469Z","FinishedAt":"2026-10-01T10:25:49.18938112Z","Health":{"Status":"starting","FailingStreak":0,"Log":[{"Start":"2026-10-01T10:25:39.66480655Z","End":"2026-10-01T10:25:39.700700735Z","ExitCode":0,"Output":"PONG\n"},{"Start":"2026-10-01T10:25:41.701968087Z","End":"2026-10-01T10:25:41.730479035Z","ExitCode":0,"Output":"PONG\n"},{"Start":"2026-10-01T10:25:43.730932256Z","End":"2026-10-01T10:25:43.760435881Z","ExitCode":0,"Output":"PONG\n"},{"Start":"2026-10-01T10:25:45.761565351Z","End":"2026-10-01T10:25:45.790580817Z","ExitCode":0,"Output":"PONG\n"},{"Start":"2026-10-01T10:25:47.790926914Z","End":"2026-10-01T10:25:47.819947845Z","ExitCode":0,"Output":"PONG\n"}]}}

restart-redis LOGS
redis-1  | 2026-10-01T10:14:22.854069334Z 1:C 01 Oct 2026 10:14:22.853 * oO0OoO0OoO0Oo Redis is starting oO0OoO0OoO0Oo
redis-1  | 2026-10-01T10:14:22.854127748Z 1:C 01 Oct 2026 10:14:22.853 * Redis version=7.4.5, bits=64, commit=00000000, modified=0, pid=1, just started
redis-1  | 2026-10-01T10:14:22.854130670Z 1:C 01 Oct 2026 10:14:22.853 # Warning: no config file specified, using the default config. In order to specify a config file use redis-server /path/to/redis.conf
redis-1  | 2026-10-01T10:14:22.854487509Z 1:M 01 Oct 2026 10:14:22.854 * monotonic clock: POSIX clock_gettime
redis-1  | 2026-10-01T10:14:22.855435318Z 1:M 01 Oct 2026 10:14:22.855 * Running mode=standalone, port=6379.
redis-1  | 2026-10-01T10:14:22.855836092Z 1:M 01 Oct 2026 10:14:22.855 * Server initialized
redis-1  | 2026-10-01T10:14:22.855853746Z 1:M 01 Oct 2026 10:14:22.855 * Ready to accept connections tcp
redis-1  | 2026-10-01T10:25:49.121736089Z 1:signal-handler (1790850349) Received SIGTERM scheduling shutdown...
redis-1  | 2026-10-01T10:25:49.184007401Z 1:M 01 Oct 2026 10:25:49.183 * User requested shutdown...
redis-1  | 2026-10-01T10:25:49.184036722Z 1:M 01 Oct 2026 10:25:49.183 * Saving the final RDB snapshot before exiting.
redis-1  | 2026-10-01T10:25:49.187291342Z 1:M 01 Oct 2026 10:25:49.187 * DB saved on disk
redis-1  | 2026-10-01T10:25:49.187304287Z 1:M 01 Oct 2026 10:25:49.187 # Redis is now ready to exit, bye bye...
redis-1  | 2026-10-01T10:25:49.456375272Z 1:C 01 Oct 2026 10:25:49.456 * oO0OoO0OoO0Oo Redis is starting oO0OoO0OoO0Oo
redis-1  | 2026-10-01T10:25:49.456404627Z 1:C 01 Oct 2026 10:25:49.456 * Redis version=7.4.5, bits=64, commit=00000000, modified=0, pid=1, just started
redis-1  | 2026-10-01T10:25:49.456407617Z 1:C 01 Oct 2026 10:25:49.456 # Warning: no config file specified, using the default config. In order to specify a config file use redis-server /path/to/redis.conf
redis-1  | 2026-10-01T10:25:49.456687392Z 1:M 01 Oct 2026 10:25:49.456 * monotonic clock: POSIX clock_gettime
redis-1  | 2026-10-01T10:25:49.457354143Z 1:M 01 Oct 2026 10:25:49.457 * Running mode=standalone, port=6379.
redis-1  | 2026-10-01T10:25:49.457634035Z 1:M 01 Oct 2026 10:25:49.457 * Server initialized
redis-1  | 2026-10-01T10:25:49.457642859Z 1:M 01 Oct 2026 10:25:49.457 * Loading RDB produced by version 7.4.5
redis-1  | 2026-10-01T10:25:49.457645456Z 1:M 01 Oct 2026 10:25:49.457 * RDB age 0 seconds
redis-1  | 2026-10-01T10:25:49.457647447Z 1:M 01 Oct 2026 10:25:49.457 * RDB memory usage when created 1.64 Mb
redis-1  | 2026-10-01T10:25:49.457752989Z 1:M 01 Oct 2026 10:25:49.457 * Done loading RDB, keys loaded: 3, keys expired: 0.
redis-1  | 2026-10-01T10:25:49.457763835Z 1:M 01 Oct 2026 10:25:49.457 * DB loaded from disk: 0.000 seconds
redis-1  | 2026-10-01T10:25:49.457765614Z 1:M 01 Oct 2026 10:25:49.457 * Ready to accept connections tcp
worker-1  | 2026-10-01T10:14:28.348552611Z  
worker-1  | 2026-10-01T10:14:28.348588456Z  -------------- celery@75511a68015d v5.6.3 (recovery)
worker-1  | 2026-10-01T10:14:28.348591736Z --- ***** ----- 
worker-1  | 2026-10-01T10:14:28.348593290Z -- ******* ---- Linux-6.18.40.1-microsoft-standard-WSL2-x86_64-with-glibc2.36 2026-10-01 10:14:28
worker-1  | 2026-10-01T10:14:28.348594899Z - *** --- * --- 
worker-1  | 2026-10-01T10:14:28.348596265Z - ** ---------- [config]
worker-1  | 2026-10-01T10:14:28.348597667Z - ** ---------- .> app:         recap:0x788230eb38f0
worker-1  | 2026-10-01T10:14:28.348599426Z - ** ---------- .> transport:   redis://redis:6379/0
worker-1  | 2026-10-01T10:14:28.348600884Z - ** ---------- .> results:     disabled://
worker-1  | 2026-10-01T10:14:28.348602331Z - *** --- * --- .> concurrency: 2 (prefork)
worker-1  | 2026-10-01T10:14:28.348603775Z -- ******* ---- .> task events: OFF (enable -E to monitor tasks in this worker)
worker-1  | 2026-10-01T10:14:28.348607064Z --- ***** ----- 
worker-1  | 2026-10-01T10:14:28.348608468Z  -------------- [queues]
worker-1  | 2026-10-01T10:14:28.348609856Z                 .> system           exchange=system(direct) key=system
worker-1  | 2026-10-01T10:14:28.348611339Z                 
worker-1  | 2026-10-01T10:14:28.348612650Z 
worker-1  | 2026-10-01T10:14:28.348613969Z [tasks]
worker-1  | 2026-10-01T10:14:28.348615316Z   . ingestion.process
worker-1  | 2026-10-01T10:14:28.348616784Z   . system.heartbeat
worker-1  | 2026-10-01T10:14:28.348618199Z 
worker-1  | 2026-10-01T10:14:28.434150447Z {"timestamp": "2026-10-01T10:14:28.433608+00:00", "level": "INFO", "logger": "celery.worker.consumer.connection", "event": "Connected to redis://redis:6379/0", "request_id": null, "job_id": null, "user_id": null, "project_id": null, "stage": null, "status": null, "error": null, "duration_ms": null}
worker-1  | 2026-10-01T10:14:28.436975556Z {"timestamp": "2026-10-01T10:14:28.436687+00:00", "level": "INFO", "logger": "celery.worker.consumer.mingle", "event": "mingle: searching for neighbors", "request_id": null, "job_id": null, "user_id": null, "project_id": null, "stage": null, "status": null, "error": null, "duration_ms": null}
worker-1  | 2026-10-01T10:14:29.448060659Z {"timestamp": "2026-10-01T10:14:29.447700+00:00", "level": "INFO", "logger": "celery.worker.consumer.mingle", "event": "mingle: all alone", "request_id": null, "job_id": null, "user_id": null, "project_id": null, "stage": null, "status": null, "error": null, "duration_ms": null}
worker-1  | 2026-10-01T10:14:29.455788607Z {"timestamp": "2026-10-01T10:14:29.455652+00:00", "level": "INFO", "logger": "celery.apps.worker", "event": "celery@75511a68015d ready.", "request_id": null, "job_id": null, "user_id": null, "project_id": null, "stage": null, "status": null, "error": null, "duration_ms": null}
worker-1  | 2026-10-01T10:14:43.041133075Z {"timestamp": "2026-10-01T10:14:43.040777+00:00", "level": "INFO", "logger": "celery.worker.strategy", "event": "Task ingestion.process[a41de22a-0699-4613-8af3-d30d0d1feeb0] received", "request_id": null, "job_id": null, "user_id": null, "project_id": null, "stage": null, "status": null, "error": null, "duration_ms": null}
worker-1  | 2026-10-01T10:24:46.931696570Z  
worker-1  | 2026-10-01T10:24:46.931733616Z  -------------- celery@75511a68015d v5.6.3 (recovery)
worker-1  | 2026-10-01T10:24:46.931735391Z --- ***** ----- 
worker-1  | 2026-10-01T10:24:46.931736411Z -- ******* ---- Linux-6.18.40.1-microsoft-standard-WSL2-x86_64-with-glibc2.36 2026-10-01 10:24:46
worker-1  | 2026-10-01T10:24:46.931737402Z - *** --- * --- 
worker-1  | 2026-10-01T10:24:46.931738213Z - ** ---------- [config]
worker-1  | 2026-10-01T10:24:46.931739079Z - ** ---------- .> app:         recap:0x70f1f61db590
worker-1  | 2026-10-01T10:24:46.931740242Z - ** ---------- .> transport:   redis://redis:6379/0
worker-1  | 2026-10-01T10:24:46.931741093Z - ** ---------- .> results:     disabled://
worker-1  | 2026-10-01T10:24:46.931741908Z - *** --- * --- .> concurrency: 2 (prefork)
worker-1  | 2026-10-01T10:24:46.931742781Z -- ******* ---- .> task events: OFF (enable -E to monitor tasks in this worker)
worker-1  | 2026-10-01T10:24:46.931743736Z --- ***** ----- 
worker-1  | 2026-10-01T10:24:46.931744503Z  -------------- [queues]
worker-1  | 2026-10-01T10:24:46.931745303Z                 .> system           exchange=system(direct) key=system
worker-1  | 2026-10-01T10:24:46.931746183Z                 
worker-1  | 2026-10-01T10:24:46.931747184Z 
worker-1  | 2026-10-01T10:24:46.931748017Z [tasks]
worker-1  | 2026-10-01T10:24:46.931751969Z   . ingestion.process
worker-1  | 2026-10-01T10:24:46.931752885Z   . system.heartbeat
worker-1  | 2026-10-01T10:24:46.931753691Z 
worker-1  | 2026-10-01T10:24:47.009278141Z {"timestamp": "2026-10-01T10:24:47.008916+00:00", "level": "INFO", "logger": "celery.worker.consumer.connection", "event": "Connected to redis://redis:6379/0", "request_id": null, "job_id": null, "user_id": null, "project_id": null, "stage": null, "status": null, "error": null, "duration_ms": null}
worker-1  | 2026-10-01T10:24:47.014405489Z {"timestamp": "2026-10-01T10:24:47.014164+00:00", "level": "INFO", "logger": "celery.worker.consumer.mingle", "event": "mingle: searching for neighbors", "request_id": null, "job_id": null, "user_id": null, "project_id": null, "stage": null, "status": null, "error": null, "duration_ms": null}
worker-1  | 2026-10-01T10:24:48.023011026Z {"timestamp": "2026-10-01T10:24:48.022726+00:00", "level": "INFO", "logger": "celery.worker.consumer.mingle", "event": "mingle: all alone", "request_id": null, "job_id": null, "user_id": null, "project_id": null, "stage": null, "status": null, "error": null, "duration_ms": null}
worker-1  | 2026-10-01T10:24:48.031164250Z {"timestamp": "2026-10-01T10:24:48.031017+00:00", "level": "INFO", "logger": "celery.apps.worker", "event": "celery@75511a68015d ready.", "request_id": null, "job_id": null, "user_id": null, "project_id": null, "stage": null, "status": null, "error": null, "duration_ms": null}
worker-1  | 2026-10-01T10:25:00.528711807Z {"timestamp": "2026-10-01T10:25:00.528579+00:00", "level": "INFO", "logger": "celery.worker.strategy", "event": "Task ingestion.process[4b2fd626-626b-43a7-9091-09ba1ef43b2d] received", "request_id": null, "job_id": null, "user_id": null, "project_id": null, "stage": null, "status": null, "error": null, "duration_ms": null}
worker-1  | 2026-10-01T10:25:08.188119586Z {"timestamp": "2026-10-01T10:25:08.187892+00:00", "level": "INFO", "logger": "celery.app.trace", "event": "Task ingestion.process[4b2fd626-626b-43a7-9091-09ba1ef43b2d] succeeded in 7.658398769000996s: None", "request_id": null, "job_id": null, "user_id": null, "project_id": null, "stage": null, "status": null, "error": null, "duration_ms": null}
worker-1  | 2026-10-01T10:25:09.177381161Z 
worker-1  | 2026-10-01T10:25:09.177403169Z worker: Warm shutdown (MainProcess)
worker-1  | 2026-10-01T10:25:12.700839380Z  
worker-1  | 2026-10-01T10:25:12.700864527Z  -------------- celery@75511a68015d v5.6.3 (recovery)
worker-1  | 2026-10-01T10:25:12.700866652Z --- ***** ----- 
worker-1  | 2026-10-01T10:25:12.700868125Z -- ******* ---- Linux-6.18.40.1-microsoft-standard-WSL2-x86_64-with-glibc2.36 2026-10-01 10:25:12
worker-1  | 2026-10-01T10:25:12.700869702Z - *** --- * --- 
worker-1  | 2026-10-01T10:25:12.700871148Z - ** ---------- [config]
worker-1  | 2026-10-01T10:25:12.700872617Z - ** ---------- .> app:         recap:0x745350ec0d10
worker-1  | 2026-10-01T10:25:12.700874876Z - ** ---------- .> transport:   redis://redis:6379/0
worker-1  | 2026-10-01T10:25:12.700876336Z - ** ---------- .> results:     disabled://
worker-1  | 2026-10-01T10:25:12.700877793Z - *** --- * --- .> concurrency: 2 (prefork)
worker-1  | 2026-10-01T10:25:12.700879172Z -- ******* ---- .> task events: OFF (enable -E to monitor tasks in this worker)
worker-1  | 2026-10-01T10:25:12.700880788Z --- ***** ----- 
worker-1  | 2026-10-01T10:25:12.700882099Z  -------------- [queues]
worker-1  | 2026-10-01T10:25:12.700883485Z                 .> system           exchange=system(direct) key=system
worker-1  | 2026-10-01T10:25:12.700884972Z                 
worker-1  | 2026-10-01T10:25:12.700886372Z 
worker-1  | 2026-10-01T10:25:12.700887679Z [tasks]
worker-1  | 2026-10-01T10:25:12.700889015Z   . ingestion.process
worker-1  | 2026-10-01T10:25:12.700890462Z   . system.heartbeat
worker-1  | 2026-10-01T10:25:12.700891914Z 
worker-1  | 2026-10-01T10:25:12.783832407Z {"timestamp": "2026-10-01T10:25:12.783601+00:00", "level": "INFO", "logger": "celery.worker.consumer.connection", "event": "Connected to redis://redis:6379/0", "request_id": null, "job_id": null, "user_id": null, "project_id": null, "stage": null, "status": null, "error": null, "duration_ms": null}
worker-1  | 2026-10-01T10:25:12.787118803Z {"timestamp": "2026-10-01T10:25:12.786994+00:00", "level": "INFO", "logger": "celery.worker.consumer.mingle", "event": "mingle: searching for neighbors", "request_id": null, "job_id": null, "user_id": null, "project_id": null, "stage": null, "status": null, "error": null, "duration_ms": null}
worker-1  | 2026-10-01T10:25:13.793387710Z {"timestamp": "2026-10-01T10:25:13.793155+00:00", "level": "INFO", "logger": "celery.worker.consumer.mingle", "event": "mingle: all alone", "request_id": null, "job_id": null, "user_id": null, "project_id": null, "stage": null, "status": null, "error": null, "duration_ms": null}
worker-1  | 2026-10-01T10:25:13.799675716Z {"timestamp": "2026-10-01T10:25:13.799552+00:00", "level": "INFO", "logger": "celery.apps.worker", "event": "celery@75511a68015d ready.", "request_id": null, "job_id": null, "user_id": null, "project_id": null, "stage": null, "status": null, "error": null, "duration_ms": null}
worker-1  | 2026-10-01T10:25:49.189525550Z {"timestamp": "2026-10-01T10:25:49.189264+00:00", "level": "WARNING", "logger": "celery.worker.consumer.consumer", "event": "consumer: Connection to broker lost. Trying to re-establish the connection...", "request_id": null, "job_id": null, "user_id": null, "project_id": null, "stage": null, "status": null, "error": null, "duration_ms": null}
worker-1  | 2026-10-01T10:25:49.191118225Z {"timestamp": "2026-10-01T10:25:49.190861+00:00", "level": "WARNING", "logger": "py.warnings", "event": "/usr/local/lib/python3.12/site-packages/celery/worker/consumer/consumer.py:397: CPendingDeprecationWarning: \nIn Celery 5.1 we introduced an optional breaking change which\non connection loss cancels all currently executed tasks with late acknowledgement enabled.\nThese tasks cannot be acknowledged as the connection is gone, and the tasks are automatically redelivered\nback to the queue. You can enable this behavior using the worker_cancel_long_running_tasks_on_connection_loss\nsetting. In Celery 5.1 it is set to False by default. The setting will be set to True by default in Celery 6.0.\n\n  warnings.warn(CANCEL_TASKS_BY_DEFAULT, CPendingDeprecationWarning)\n", "request_id": null, "job_id": null, "user_id": null, "project_id": null, "stage": null, "status": null, "error": null, "duration_ms": null}
worker-1  | 2026-10-01T10:25:49.196230640Z {"timestamp": "2026-10-01T10:25:49.195996+00:00", "level": "ERROR", "logger": "celery.worker.consumer.consumer", "event": "consumer: Cannot connect to redis://redis:6379/0: Error 111 connecting to redis:6379. Connection refused..\nTrying again in 2.00 seconds... (1/100)\n", "request_id": null, "job_id": null, "user_id": null, "project_id": null, "stage": null, "status": null, "error": null, "duration_ms": null}
backend-1  | 2026-10-01T10:14:28.893293943Z INFO:     Started server process [1]
backend-1  | 2026-10-01T10:14:28.893323238Z INFO:     Waiting for application startup.
backend-1  | 2026-10-01T10:14:28.896522077Z INFO:     Application startup complete.
backend-1  | 2026-10-01T10:14:28.896740300Z INFO:     Uvicorn running on http://0.0.0.0:8000 (Press CTRL+C to quit)
backend-1  | 2026-10-01T10:14:29.293401283Z {"timestamp": "2026-10-01T10:14:29.293139+00:00", "level": "INFO", "logger": "app.main", "event": "request_completed", "request_id": "80943157-ed2a-4ee9-b6f2-332b52b2130d", "job_id": null, "user_id": null, "project_id": null, "stage": null, "status": 200, "error": null, "duration_ms": 25}
backend-1  | 2026-10-01T10:14:29.293441727Z INFO:     172.19.0.7:57018 - "GET /health/live HTTP/1.1" 200 OK
backend-1  | 2026-10-01T10:14:42.695110536Z {"timestamp": "2026-10-01T10:14:42.694910+00:00", "level": "INFO", "logger": "app.main", "event": "request_completed", "request_id": "edbb43d8-f875-4cb4-ae65-2dabf7d0e698", "job_id": null, "user_id": null, "project_id": null, "stage": null, "status": 201, "error": null, "duration_ms": 100}
backend-1  | 2026-10-01T10:14:42.695155053Z INFO:     172.19.0.7:51812 - "POST /api/v1/auth/register HTTP/1.1" 201 Created
backend-1  | 2026-10-01T10:14:42.710667209Z {"timestamp": "2026-10-01T10:14:42.710483+00:00", "level": "INFO", "logger": "app.main", "event": "request_completed", "request_id": "376a4411-749f-42e4-9933-b87fae422fc8", "job_id": null, "user_id": null, "project_id": null, "stage": null, "status": 201, "error": null, "duration_ms": 10}
backend-1  | 2026-10-01T10:14:42.710698931Z INFO:     172.19.0.7:51812 - "POST /api/v1/projects HTTP/1.1" 201 Created
backend-1  | 2026-10-01T10:14:42.723056348Z {"timestamp": "2026-10-01T10:14:42.722887+00:00", "level": "INFO", "logger": "app.main", "event": "request_completed", "request_id": "390df14a-e749-4774-bb3c-7611986827f8", "job_id": null, "user_id": null, "project_id": null, "stage": null, "status": 201, "error": null, "duration_ms": 8}
backend-1  | 2026-10-01T10:14:42.723099494Z INFO:     172.19.0.7:51812 - "POST /api/v1/projects/8b9b9fe6-7402-4167-b1a7-12de33a3bcaf/chapters HTTP/1.1" 201 Created
backend-1  | 2026-10-01T10:14:43.043683989Z {"timestamp": "2026-10-01T10:14:43.043496+00:00", "level": "INFO", "logger": "app.main", "event": "request_completed", "request_id": "8ac01b7d-b9bc-447f-87db-d7c6ab490379", "job_id": null, "user_id": null, "project_id": null, "stage": null, "status": 200, "error": null, "duration_ms": 222}
backend-1  | 2026-10-01T10:14:43.043735739Z INFO:     172.19.0.7:51812 - "POST /api/v1/chapters/e43d0377-e034-450f-acec-7be0b53e338d/upload HTTP/1.1" 200 OK
backend-1  | 2026-10-01T10:25:00.528443907Z {"timestamp": "2026-10-01T10:25:00.528232+00:00", "level": "INFO", "logger": "app.main", "event": "request_completed", "request_id": "bc66462d-d746-4d8a-9e3c-733f6d9b939b", "job_id": null, "user_id": null, "project_id": null, "stage": null, "status": 200, "error": null, "duration_ms": 72}
backend-1  | 2026-10-01T10:25:00.528520595Z INFO:     172.19.0.7:51090 - "POST /api/v1/chapters/e43d0377-e034-450f-acec-7be0b53e338d/processing-retry HTTP/1.1" 200 OK
backend-1  | 2026-10-01T10:25:12.780843957Z {"timestamp": "2026-10-01T10:25:12.780676+00:00", "level": "INFO", "logger": "app.main", "event": "request_completed", "request_id": "2e6c02d7-a1f3-43a3-ae1a-6dd631556bda", "job_id": null, "user_id": null, "project_id": null, "stage": null, "status": 200, "error": null, "duration_ms": 0}
backend-1  | 2026-10-01T10:25:12.780879370Z INFO:     172.19.0.7:40880 - "GET /health/live HTTP/1.1" 200 OK
backend-1  | 2026-10-01T10:25:31.606928234Z INFO:     Shutting down
backend-1  | 2026-10-01T10:25:31.708074454Z INFO:     Waiting for application shutdown.
backend-1  | 2026-10-01T10:25:31.710417379Z INFO:     Application shutdown complete.
backend-1  | 2026-10-01T10:25:31.711256364Z INFO:     Finished server process [1]
backend-1  | 2026-10-01T10:25:33.695184866Z INFO:     Started server process [1]
backend-1  | 2026-10-01T10:25:33.695205743Z INFO:     Waiting for application startup.
backend-1  | 2026-10-01T10:25:33.698458936Z INFO:     Application startup complete.
backend-1  | 2026-10-01T10:25:33.698634556Z INFO:     Uvicorn running on http://0.0.0.0:8000 (Press CTRL+C to quit)
backend-1  | 2026-10-01T10:25:34.162418095Z INFO:     172.19.0.7:40512 - "GET /health/live HTTP/1.1" 200 OK
backend-1  | 2026-10-01T10:25:34.162435821Z {"timestamp": "2026-10-01T10:25:34.162161+00:00", "level": "INFO", "logger": "app.main", "event": "request_completed", "request_id": "f50ea4b4-3890-44d2-b073-feb68f197d9f", "job_id": null, "user_id": null, "project_id": null, "stage": null, "status": 200, "error": null, "duration_ms": 25}

PROBE
 Container diagstale-20261001t101422152631z-probe Creating 
 Container diagstale-20261001t101422152631z-probe Created 
{"timestamp": "2026-10-01T10:14:29.294082+00:00", "level": "INFO", "logger": "httpx", "event": "HTTP Request: GET http://backend:8000/health/live \"HTTP/1.1 200 OK\"", "request_id": null, "job_id": null, "user_id": null, "project_id": null, "stage": null, "status": null, "error": null, "duration_ms": null}
{"timestamp": "2026-10-01T10:14:42.695609+00:00", "level": "INFO", "logger": "httpx", "event": "HTTP Request: POST http://backend:8000/api/v1/auth/register \"HTTP/1.1 201 Created\"", "request_id": null, "job_id": null, "user_id": null, "project_id": null, "stage": null, "status": null, "error": null, "duration_ms": null}
{"timestamp": "2026-10-01T10:14:42.710958+00:00", "level": "INFO", "logger": "httpx", "event": "HTTP Request: POST http://backend:8000/api/v1/projects \"HTTP/1.1 201 Created\"", "request_id": null, "job_id": null, "user_id": null, "project_id": null, "stage": null, "status": null, "error": null, "duration_ms": null}
{"timestamp": "2026-10-01T10:14:42.723330+00:00", "level": "INFO", "logger": "httpx", "event": "HTTP Request: POST http://backend:8000/api/v1/projects/8b9b9fe6-7402-4167-b1a7-12de33a3bcaf/chapters \"HTTP/1.1 201 Created\"", "request_id": null, "job_id": null, "user_id": null, "project_id": null, "stage": null, "status": null, "error": null, "duration_ms": null}
{"timestamp": "2026-10-01T10:14:43.044077+00:00", "level": "INFO", "logger": "httpx", "event": "HTTP Request: POST http://backend:8000/api/v1/chapters/e43d0377-e034-450f-acec-7be0b53e338d/upload \"HTTP/1.1 200 OK\"", "request_id": null, "job_id": null, "user_id": null, "project_id": null, "stage": null, "status": null, "error": null, "duration_ms": null}
{"timestamp": "2026-10-01T10:25:00.528954+00:00", "level": "INFO", "logger": "httpx", "event": "HTTP Request: POST http://backend:8000/api/v1/chapters/e43d0377-e034-450f-acec-7be0b53e338d/processing-retry \"HTTP/1.1 200 OK\"", "request_id": null, "job_id": null, "user_id": null, "project_id": null, "stage": null, "status": null, "error": null, "duration_ms": null}
{"timestamp": "2026-10-01T10:25:12.781143+00:00", "level": "INFO", "logger": "httpx", "event": "HTTP Request: GET http://backend:8000/health/live \"HTTP/1.1 200 OK\"", "request_id": null, "job_id": null, "user_id": null, "project_id": null, "stage": null, "status": null, "error": null, "duration_ms": null}
{"timestamp": "2026-10-01T10:25:34.162810+00:00", "level": "INFO", "logger": "httpx", "event": "HTTP Request: GET http://backend:8000/health/live \"HTTP/1.1 200 OK\"", "request_id": null, "job_id": null, "user_id": null, "project_id": null, "stage": null, "status": null, "error": null, "duration_ms": null}
{"timestamp": "2026-10-01T10:25:50.410879+00:00", "level": "INFO", "logger": "httpx", "event": "HTTP Request: GET http://backend:8000/health/live \"HTTP/1.1 200 OK\"", "request_id": null, "job_id": null, "user_id": null, "project_id": null, "stage": null, "status": null, "error": null, "duration_ms": null}

BACKEND AND WORKER LIFECYCLE
backend-1  | 2026-10-01T10:14:28.893293943Z INFO:     Started server process [1]
backend-1  | 2026-10-01T10:14:28.893323238Z INFO:     Waiting for application startup.
backend-1  | 2026-10-01T10:14:28.896522077Z INFO:     Application startup complete.
worker-1   | 2026-10-01T10:14:28.348552611Z  
worker-1   | 2026-10-01T10:14:28.348588456Z  -------------- celery@75511a68015d v5.6.3 (recovery)
worker-1   | 2026-10-01T10:14:28.348591736Z --- ***** ----- 
backend-1  | 2026-10-01T10:14:28.896740300Z INFO:     Uvicorn running on http://0.0.0.0:8000 (Press CTRL+C to quit)
worker-1   | 2026-10-01T10:14:28.348593290Z -- ******* ---- Linux-6.18.40.1-microsoft-standard-WSL2-x86_64-with-glibc2.36 2026-10-01 10:14:28
worker-1   | 2026-10-01T10:14:28.348594899Z - *** --- * --- 
worker-1   | 2026-10-01T10:14:28.348596265Z - ** ---------- [config]
backend-1  | 2026-10-01T10:14:29.293401283Z {"timestamp": "2026-10-01T10:14:29.293139+00:00", "level": "INFO", "logger": "app.main", "event": "request_completed", "request_id": "80943157-ed2a-4ee9-b6f2-332b52b2130d", "job_id": null, "user_id": null, "project_id": null, "stage": null, "status": 200, "error": null, "duration_ms": 25}
worker-1   | 2026-10-01T10:14:28.348597667Z - ** ---------- .> app:         recap:0x788230eb38f0
worker-1   | 2026-10-01T10:14:28.348599426Z - ** ---------- .> transport:   redis://redis:6379/0
worker-1   | 2026-10-01T10:14:28.348600884Z - ** ---------- .> results:     disabled://
worker-1   | 2026-10-01T10:14:28.348602331Z - *** --- * --- .> concurrency: 2 (prefork)
worker-1   | 2026-10-01T10:14:28.348603775Z -- ******* ---- .> task events: OFF (enable -E to monitor tasks in this worker)
worker-1   | 2026-10-01T10:14:28.348607064Z --- ***** ----- 
worker-1   | 2026-10-01T10:14:28.348608468Z  -------------- [queues]
worker-1   | 2026-10-01T10:14:28.348609856Z                 .> system           exchange=system(direct) key=system
worker-1   | 2026-10-01T10:14:28.348611339Z                 
worker-1   | 2026-10-01T10:14:28.348612650Z 
worker-1   | 2026-10-01T10:14:28.348613969Z [tasks]
backend-1  | 2026-10-01T10:14:29.293441727Z INFO:     172.19.0.7:57018 - "GET /health/live HTTP/1.1" 200 OK
worker-1   | 2026-10-01T10:14:28.348615316Z   . ingestion.process
backend-1  | 2026-10-01T10:14:42.695110536Z {"timestamp": "2026-10-01T10:14:42.694910+00:00", "level": "INFO", "logger": "app.main", "event": "request_completed", "request_id": "edbb43d8-f875-4cb4-ae65-2dabf7d0e698", "job_id": null, "user_id": null, "project_id": null, "stage": null, "status": 201, "error": null, "duration_ms": 100}
worker-1   | 2026-10-01T10:14:28.348616784Z   . system.heartbeat
backend-1  | 2026-10-01T10:14:42.695155053Z INFO:     172.19.0.7:51812 - "POST /api/v1/auth/register HTTP/1.1" 201 Created
backend-1  | 2026-10-01T10:14:42.710667209Z {"timestamp": "2026-10-01T10:14:42.710483+00:00", "level": "INFO", "logger": "app.main", "event": "request_completed", "request_id": "376a4411-749f-42e4-9933-b87fae422fc8", "job_id": null, "user_id": null, "project_id": null, "stage": null, "status": 201, "error": null, "duration_ms": 10}
worker-1   | 2026-10-01T10:14:28.348618199Z 
backend-1  | 2026-10-01T10:14:42.710698931Z INFO:     172.19.0.7:51812 - "POST /api/v1/projects HTTP/1.1" 201 Created
backend-1  | 2026-10-01T10:14:42.723056348Z {"timestamp": "2026-10-01T10:14:42.722887+00:00", "level": "INFO", "logger": "app.main", "event": "request_completed", "request_id": "390df14a-e749-4774-bb3c-7611986827f8", "job_id": null, "user_id": null, "project_id": null, "stage": null, "status": 201, "error": null, "duration_ms": 8}
backend-1  | 2026-10-01T10:14:42.723099494Z INFO:     172.19.0.7:51812 - "POST /api/v1/projects/8b9b9fe6-7402-4167-b1a7-12de33a3bcaf/chapters HTTP/1.1" 201 Created
worker-1   | 2026-10-01T10:14:28.434150447Z {"timestamp": "2026-10-01T10:14:28.433608+00:00", "level": "INFO", "logger": "celery.worker.consumer.connection", "event": "Connected to redis://redis:6379/0", "request_id": null, "job_id": null, "user_id": null, "project_id": null, "stage": null, "status": null, "error": null, "duration_ms": null}
backend-1  | 2026-10-01T10:14:43.043683989Z {"timestamp": "2026-10-01T10:14:43.043496+00:00", "level": "INFO", "logger": "app.main", "event": "request_completed", "request_id": "8ac01b7d-b9bc-447f-87db-d7c6ab490379", "job_id": null, "user_id": null, "project_id": null, "stage": null, "status": 200, "error": null, "duration_ms": 222}
worker-1   | 2026-10-01T10:14:28.436975556Z {"timestamp": "2026-10-01T10:14:28.436687+00:00", "level": "INFO", "logger": "celery.worker.consumer.mingle", "event": "mingle: searching for neighbors", "request_id": null, "job_id": null, "user_id": null, "project_id": null, "stage": null, "status": null, "error": null, "duration_ms": null}
backend-1  | 2026-10-01T10:14:43.043735739Z INFO:     172.19.0.7:51812 - "POST /api/v1/chapters/e43d0377-e034-450f-acec-7be0b53e338d/upload HTTP/1.1" 200 OK
backend-1  | 2026-10-01T10:25:00.528443907Z {"timestamp": "2026-10-01T10:25:00.528232+00:00", "level": "INFO", "logger": "app.main", "event": "request_completed", "request_id": "bc66462d-d746-4d8a-9e3c-733f6d9b939b", "job_id": null, "user_id": null, "project_id": null, "stage": null, "status": 200, "error": null, "duration_ms": 72}
backend-1  | 2026-10-01T10:25:00.528520595Z INFO:     172.19.0.7:51090 - "POST /api/v1/chapters/e43d0377-e034-450f-acec-7be0b53e338d/processing-retry HTTP/1.1" 200 OK
backend-1  | 2026-10-01T10:25:12.780843957Z {"timestamp": "2026-10-01T10:25:12.780676+00:00", "level": "INFO", "logger": "app.main", "event": "request_completed", "request_id": "2e6c02d7-a1f3-43a3-ae1a-6dd631556bda", "job_id": null, "user_id": null, "project_id": null, "stage": null, "status": 200, "error": null, "duration_ms": 0}
backend-1  | 2026-10-01T10:25:12.780879370Z INFO:     172.19.0.7:40880 - "GET /health/live HTTP/1.1" 200 OK
backend-1  | 2026-10-01T10:25:31.606928234Z INFO:     Shutting down
backend-1  | 2026-10-01T10:25:31.708074454Z INFO:     Waiting for application shutdown.
backend-1  | 2026-10-01T10:25:31.710417379Z INFO:     Application shutdown complete.
worker-1   | 2026-10-01T10:14:29.448060659Z {"timestamp": "2026-10-01T10:14:29.447700+00:00", "level": "INFO", "logger": "celery.worker.consumer.mingle", "event": "mingle: all alone", "request_id": null, "job_id": null, "user_id": null, "project_id": null, "stage": null, "status": null, "error": null, "duration_ms": null}
worker-1   | 2026-10-01T10:14:29.455788607Z {"timestamp": "2026-10-01T10:14:29.455652+00:00", "level": "INFO", "logger": "celery.apps.worker", "event": "celery@75511a68015d ready.", "request_id": null, "job_id": null, "user_id": null, "project_id": null, "stage": null, "status": null, "error": null, "duration_ms": null}
backend-1  | 2026-10-01T10:25:31.711256364Z INFO:     Finished server process [1]
worker-1   | 2026-10-01T10:14:43.041133075Z {"timestamp": "2026-10-01T10:14:43.040777+00:00", "level": "INFO", "logger": "celery.worker.strategy", "event": "Task ingestion.process[a41de22a-0699-4613-8af3-d30d0d1feeb0] received", "request_id": null, "job_id": null, "user_id": null, "project_id": null, "stage": null, "status": null, "error": null, "duration_ms": null}
worker-1   | 2026-10-01T10:24:46.931696570Z  
worker-1   | 2026-10-01T10:24:46.931733616Z  -------------- celery@75511a68015d v5.6.3 (recovery)
backend-1  | 2026-10-01T10:25:33.695184866Z INFO:     Started server process [1]
worker-1   | 2026-10-01T10:24:46.931735391Z --- ***** ----- 
backend-1  | 2026-10-01T10:25:33.695205743Z INFO:     Waiting for application startup.
backend-1  | 2026-10-01T10:25:33.698458936Z INFO:     Application startup complete.
worker-1   | 2026-10-01T10:24:46.931736411Z -- ******* ---- Linux-6.18.40.1-microsoft-standard-WSL2-x86_64-with-glibc2.36 2026-10-01 10:24:46
worker-1   | 2026-10-01T10:24:46.931737402Z - *** --- * --- 
backend-1  | 2026-10-01T10:25:33.698634556Z INFO:     Uvicorn running on http://0.0.0.0:8000 (Press CTRL+C to quit)
backend-1  | 2026-10-01T10:25:34.162418095Z INFO:     172.19.0.7:40512 - "GET /health/live HTTP/1.1" 200 OK
backend-1  | 2026-10-01T10:25:34.162435821Z {"timestamp": "2026-10-01T10:25:34.162161+00:00", "level": "INFO", "logger": "app.main", "event": "request_completed", "request_id": "f50ea4b4-3890-44d2-b073-feb68f197d9f", "job_id": null, "user_id": null, "project_id": null, "stage": null, "status": 200, "error": null, "duration_ms": 25}
worker-1   | 2026-10-01T10:24:46.931738213Z - ** ---------- [config]
worker-1   | 2026-10-01T10:24:46.931739079Z - ** ---------- .> app:         recap:0x70f1f61db590
backend-1  | 2026-10-01T10:25:50.410552037Z {"timestamp": "2026-10-01T10:25:50.410329+00:00", "level": "INFO", "logger": "app.main", "event": "request_completed", "request_id": "060d3e38-1c48-4095-82bc-587813025901", "job_id": null, "user_id": null, "project_id": null, "stage": null, "status": 200, "error": null, "duration_ms": 1}
backend-1  | 2026-10-01T10:25:50.410578195Z INFO:     172.19.0.7:37888 - "GET /health/live HTTP/1.1" 200 OK
worker-1   | 2026-10-01T10:24:46.931740242Z - ** ---------- .> transport:   redis://redis:6379/0
worker-1   | 2026-10-01T10:24:46.931741093Z - ** ---------- .> results:     disabled://
worker-1   | 2026-10-01T10:24:46.931741908Z - *** --- * --- .> concurrency: 2 (prefork)
worker-1   | 2026-10-01T10:24:46.931742781Z -- ******* ---- .> task events: OFF (enable -E to monitor tasks in this worker)
worker-1   | 2026-10-01T10:24:46.931743736Z --- ***** ----- 
worker-1   | 2026-10-01T10:24:46.931744503Z  -------------- [queues]
worker-1   | 2026-10-01T10:24:46.931745303Z                 .> system           exchange=system(direct) key=system
worker-1   | 2026-10-01T10:24:46.931746183Z                 
worker-1   | 2026-10-01T10:24:46.931747184Z 
worker-1   | 2026-10-01T10:24:46.931748017Z [tasks]
worker-1   | 2026-10-01T10:24:46.931751969Z   . ingestion.process
worker-1   | 2026-10-01T10:24:46.931752885Z   . system.heartbeat
worker-1   | 2026-10-01T10:24:46.931753691Z 
worker-1   | 2026-10-01T10:24:47.009278141Z {"timestamp": "2026-10-01T10:24:47.008916+00:00", "level": "INFO", "logger": "celery.worker.consumer.connection", "event": "Connected to redis://redis:6379/0", "request_id": null, "job_id": null, "user_id": null, "project_id": null, "stage": null, "status": null, "error": null, "duration_ms": null}
worker-1   | 2026-10-01T10:24:47.014405489Z {"timestamp": "2026-10-01T10:24:47.014164+00:00", "level": "INFO", "logger": "celery.worker.consumer.mingle", "event": "mingle: searching for neighbors", "request_id": null, "job_id": null, "user_id": null, "project_id": null, "stage": null, "status": null, "error": null, "duration_ms": null}
worker-1   | 2026-10-01T10:24:48.023011026Z {"timestamp": "2026-10-01T10:24:48.022726+00:00", "level": "INFO", "logger": "celery.worker.consumer.mingle", "event": "mingle: all alone", "request_id": null, "job_id": null, "user_id": null, "project_id": null, "stage": null, "status": null, "error": null, "duration_ms": null}
worker-1   | 2026-10-01T10:24:48.031164250Z {"timestamp": "2026-10-01T10:24:48.031017+00:00", "level": "INFO", "logger": "celery.apps.worker", "event": "celery@75511a68015d ready.", "request_id": null, "job_id": null, "user_id": null, "project_id": null, "stage": null, "status": null, "error": null, "duration_ms": null}
worker-1   | 2026-10-01T10:25:00.528711807Z {"timestamp": "2026-10-01T10:25:00.528579+00:00", "level": "INFO", "logger": "celery.worker.strategy", "event": "Task ingestion.process[4b2fd626-626b-43a7-9091-09ba1ef43b2d] received", "request_id": null, "job_id": null, "user_id": null, "project_id": null, "stage": null, "status": null, "error": null, "duration_ms": null}
worker-1   | 2026-10-01T10:25:08.188119586Z {"timestamp": "2026-10-01T10:25:08.187892+00:00", "level": "INFO", "logger": "celery.app.trace", "event": "Task ingestion.process[4b2fd626-626b-43a7-9091-09ba1ef43b2d] succeeded in 7.658398769000996s: None", "request_id": null, "job_id": null, "user_id": null, "project_id": null, "stage": null, "status": null, "error": null, "duration_ms": null}
worker-1   | 2026-10-01T10:25:09.177381161Z 
worker-1   | 2026-10-01T10:25:09.177403169Z worker: Warm shutdown (MainProcess)
worker-1   | 2026-10-01T10:25:12.700839380Z  
worker-1   | 2026-10-01T10:25:12.700864527Z  -------------- celery@75511a68015d v5.6.3 (recovery)
worker-1   | 2026-10-01T10:25:12.700866652Z --- ***** ----- 
worker-1   | 2026-10-01T10:25:12.700868125Z -- ******* ---- Linux-6.18.40.1-microsoft-standard-WSL2-x86_64-with-glibc2.36 2026-10-01 10:25:12
worker-1   | 2026-10-01T10:25:12.700869702Z - *** --- * --- 
worker-1   | 2026-10-01T10:25:12.700871148Z - ** ---------- [config]
worker-1   | 2026-10-01T10:25:12.700872617Z - ** ---------- .> app:         recap:0x745350ec0d10
worker-1   | 2026-10-01T10:25:12.700874876Z - ** ---------- .> transport:   redis://redis:6379/0
worker-1   | 2026-10-01T10:25:12.700876336Z - ** ---------- .> results:     disabled://
worker-1   | 2026-10-01T10:25:12.700877793Z - *** --- * --- .> concurrency: 2 (prefork)
worker-1   | 2026-10-01T10:25:12.700879172Z -- ******* ---- .> task events: OFF (enable -E to monitor tasks in this worker)
worker-1   | 2026-10-01T10:25:12.700880788Z --- ***** ----- 
worker-1   | 2026-10-01T10:25:12.700882099Z  -------------- [queues]
worker-1   | 2026-10-01T10:25:12.700883485Z                 .> system           exchange=system(direct) key=system
worker-1   | 2026-10-01T10:25:12.700884972Z                 
worker-1   | 2026-10-01T10:25:12.700886372Z 
worker-1   | 2026-10-01T10:25:12.700887679Z [tasks]
worker-1   | 2026-10-01T10:25:12.700889015Z   . ingestion.process
worker-1   | 2026-10-01T10:25:12.700890462Z   . system.heartbeat
worker-1   | 2026-10-01T10:25:12.700891914Z 
worker-1   | 2026-10-01T10:25:12.783832407Z {"timestamp": "2026-10-01T10:25:12.783601+00:00", "level": "INFO", "logger": "celery.worker.consumer.connection", "event": "Connected to redis://redis:6379/0", "request_id": null, "job_id": null, "user_id": null, "project_id": null, "stage": null, "status": null, "error": null, "duration_ms": null}
worker-1   | 2026-10-01T10:25:12.787118803Z {"timestamp": "2026-10-01T10:25:12.786994+00:00", "level": "INFO", "logger": "celery.worker.consumer.mingle", "event": "mingle: searching for neighbors", "request_id": null, "job_id": null, "user_id": null, "project_id": null, "stage": null, "status": null, "error": null, "duration_ms": null}
worker-1   | 2026-10-01T10:25:13.793387710Z {"timestamp": "2026-10-01T10:25:13.793155+00:00", "level": "INFO", "logger": "celery.worker.consumer.mingle", "event": "mingle: all alone", "request_id": null, "job_id": null, "user_id": null, "project_id": null, "stage": null, "status": null, "error": null, "duration_ms": null}
worker-1   | 2026-10-01T10:25:13.799675716Z {"timestamp": "2026-10-01T10:25:13.799552+00:00", "level": "INFO", "logger": "celery.apps.worker", "event": "celery@75511a68015d ready.", "request_id": null, "job_id": null, "user_id": null, "project_id": null, "stage": null, "status": null, "error": null, "duration_ms": null}
worker-1   | 2026-10-01T10:25:49.189525550Z {"timestamp": "2026-10-01T10:25:49.189264+00:00", "level": "WARNING", "logger": "celery.worker.consumer.consumer", "event": "consumer: Connection to broker lost. Trying to re-establish the connection...", "request_id": null, "job_id": null, "user_id": null, "project_id": null, "stage": null, "status": null, "error": null, "duration_ms": null}
worker-1   | 2026-10-01T10:25:49.191118225Z {"timestamp": "2026-10-01T10:25:49.190861+00:00", "level": "WARNING", "logger": "py.warnings", "event": "/usr/local/lib/python3.12/site-packages/celery/worker/consumer/consumer.py:397: CPendingDeprecationWarning: \nIn Celery 5.1 we introduced an optional breaking change which\non connection loss cancels all currently executed tasks with late acknowledgement enabled.\nThese tasks cannot be acknowledged as the connection is gone, and the tasks are automatically redelivered\nback to the queue. You can enable this behavior using the worker_cancel_long_running_tasks_on_connection_loss\nsetting. In Celery 5.1 it is set to False by default. The setting will be set to True by default in Celery 6.0.\n\n  warnings.warn(CANCEL_TASKS_BY_DEFAULT, CPendingDeprecationWarning)\n", "request_id": null, "job_id": null, "user_id": null, "project_id": null, "stage": null, "status": null, "error": null, "duration_ms": null}
worker-1   | 2026-10-01T10:25:49.196230640Z {"timestamp": "2026-10-01T10:25:49.195996+00:00", "level": "ERROR", "logger": "celery.worker.consumer.consumer", "event": "consumer: Cannot connect to redis://redis:6379/0: Error 111 connecting to redis:6379. Connection refused..\nTrying again in 2.00 seconds... (1/100)\n", "request_id": null, "job_id": null, "user_id": null, "project_id": null, "stage": null, "status": null, "error": null, "duration_ms": null}
worker-1   | 2026-10-01T10:25:51.200494904Z {"timestamp": "2026-10-01T10:25:51.200342+00:00", "level": "INFO", "logger": "celery.worker.consumer.connection", "event": "Connected to redis://redis:6379/0", "request_id": null, "job_id": null, "user_id": null, "project_id": null, "stage": null, "status": null, "error": null, "duration_ms": null}
worker-1   | 2026-10-01T10:25:51.202851580Z {"timestamp": "2026-10-01T10:25:51.202737+00:00", "level": "INFO", "logger": "celery.worker.consumer.mingle", "event": "mingle: searching for neighbors", "request_id": null, "job_id": null, "user_id": null, "project_id": null, "stage": null, "status": null, "error": null, "duration_ms": null}
worker-1   | 2026-10-01T10:25:52.207302646Z {"timestamp": "2026-10-01T10:25:52.206930+00:00", "level": "INFO", "logger": "celery.worker.consumer.mingle", "event": "mingle: all alone", "request_id": null, "job_id": null, "user_id": null, "project_id": null, "stage": null, "status": null, "error": null, "duration_ms": null}

FINAL BEFORE CLEANUP CONTAINER STATUS
{"Command":"\"uvicorn app.main:ap…\"","CreatedAt":"2026-10-01 11:14:22 +0100 WAT","Engine":"","ExitCode":0,"Health":"","ID":"4d9203697b09","Image":"recap-studio-backend:latest","Labels":"com.docker.compose.container-number=1,com.docker.compose.depends_on=migrate:service_completed_successfully:false,storage-init:service_completed_successfully:false,redis:service_healthy:false,com.docker.compose.image=sha256:d6c23f78bcaa26a636285b5d86d2a14294a1aca0938fc7752a3a9f205e4ffa8a,com.docker.compose.oneoff=False,com.docker.compose.project=diagstale-20261001t101422152631z,com.docker.compose.project.working_dir=D:\\projects\\manhua review,com.docker.compose.version=5.5.1,desktop.docker.io/ports.scheme=v2,com.docker.compose.config-hash=44a777fa728b07ed1b2c39aa142e70a1af7d5da8deff5b489e92330ce23c27e7,com.docker.compose.project.config_files=D:\\projects\\manhua review\\diagnostic-stale.compose.yml,com.docker.compose.service=backend","LocalVolumes":"0","Mounts":"","Name":"diagstale-20261001t101422152631z-backend-1","Names":"diagstale-20261001t101422152631z-backend-1","Networks":"diagstale-20261001t101422152631z_default","Ports":"8000/tcp","Project":"diagstale-20261001t101422152631z","Publishers":[{"URL":"","TargetPort":8000,"PublishedPort":0,"Protocol":"tcp"}],"RunningFor":"11 minutes ago","Service":"backend","Size":"0B","State":"running","Status":"Up 38 seconds"}
{"Command":"\"alembic upgrade head\"","CreatedAt":"2026-10-01 11:14:22 +0100 WAT","Engine":"","ExitCode":0,"Health":"","ID":"ab6e54794b93","Image":"recap-studio-backend:latest","Labels":"com.docker.compose.version=5.5.1,com.docker.compose.config-hash=56b8bfa2694996a85e69b04db575c4b376725028690f7a6b91e05e83acb8582e,com.docker.compose.depends_on=postgres:service_healthy:false,com.docker.compose.project.config_files=D:\\projects\\manhua review\\diagnostic-stale.compose.yml,desktop.docker.io/ports.scheme=v2,com.docker.compose.container-number=1,com.docker.compose.image=sha256:d6c23f78bcaa26a636285b5d86d2a14294a1aca0938fc7752a3a9f205e4ffa8a,com.docker.compose.oneoff=False,com.docker.compose.project=diagstale-20261001t101422152631z,com.docker.compose.project.working_dir=D:\\projects\\manhua review,com.docker.compose.service=migrate","LocalVolumes":"0","Mounts":"","Name":"diagstale-20261001t101422152631z-migrate-1","Names":"diagstale-20261001t101422152631z-migrate-1","Networks":"diagstale-20261001t101422152631z_default","Ports":"","Project":"diagstale-20261001t101422152631z","Publishers":[],"RunningFor":"11 minutes ago","Service":"migrate","Size":"0B","State":"exited","Status":"Exited (0) 11 minutes ago"}
{"Command":"\"docker-entrypoint.s…\"","CreatedAt":"2026-10-01 11:14:22 +0100 WAT","Engine":"","ExitCode":0,"Health":"healthy","ID":"a2598822245f","Image":"postgres:17.6-bookworm","Labels":"com.docker.compose.config-hash=a2a5d2d0879732322d67ea5b2a65f52f7181986de97c1c9fb4dd5b463e4b6438,com.docker.compose.depends_on=,com.docker.compose.image=sha256:45cd22f8d32e189d245403954882f88e7a8714301fda80dab6da90f1265b25a3,com.docker.compose.project.config_files=D:\\projects\\manhua review\\diagnostic-stale.compose.yml,desktop.docker.io/ports.scheme=v2,com.docker.compose.container-number=1,com.docker.compose.oneoff=False,com.docker.compose.project=diagstale-20261001t101422152631z,com.docker.compose.project.working_dir=D:\\projects\\manhua review,com.docker.compose.service=postgres,com.docker.compose.version=5.5.1","LocalVolumes":"1","Mounts":"56ab405ed36c41…","Name":"diagstale-20261001t101422152631z-postgres-1","Names":"diagstale-20261001t101422152631z-postgres-1","Networks":"diagstale-20261001t101422152631z_default","Ports":"5432/tcp","Project":"diagstale-20261001t101422152631z","Publishers":[{"URL":"","TargetPort":5432,"PublishedPort":0,"Protocol":"tcp"}],"RunningFor":"11 minutes ago","Service":"postgres","Size":"0B","State":"running","Status":"Up 11 minutes (healthy)"}
{"Command":"\"python /probe.py\"","CreatedAt":"2026-10-01 11:14:27 +0100 WAT","Engine":"","ExitCode":0,"Health":"","ID":"561b8867b6c5","Image":"recap-studio-backend:latest","Labels":"desktop.docker.io/binds/1/SourceKind=hostFile,com.docker.compose.slug=0df447206ee4b3c14da7424e15a29f86ee73a0c20b35ead30d7070917fd364a4,com.docker.compose.config-hash=be92af9f409d4eab2be44e8b43adfb15d83769719c22b7083db6c560476da5ee,com.docker.compose.depends_on=,com.docker.compose.image=sha256:d6c23f78bcaa26a636285b5d86d2a14294a1aca0938fc7752a3a9f205e4ffa8a,com.docker.compose.version=5.5.1,desktop.docker.io/binds/0/SourceKind=hostFile,desktop.docker.io/binds/1/Source=D:/projects/manhua review/diagnostic-stale-evidence-20261001T101422152631Z,desktop.docker.io/binds/1/Target=/evidence,desktop.docker.io/ports.scheme=v2,com.docker.compose.oneoff=True,com.docker.compose.service=probe,com.docker.compose.project=diagstale-20261001t101422152631z,com.docker.compose.project.config_files=D:\\projects\\manhua review\\diagnostic-stale.compose.yml,com.docker.compose.project.working_dir=D:\\projects\\manhua review,desktop.docker.io/binds/0/Source=D:\\projects\\manhua review\\diagnostic_stale_probe.py,desktop.docker.io/binds/0/Target=/probe.py","LocalVolumes":"0","Mounts":"/run/desktop/m…,/run/desktop/m…","Name":"diagstale-20261001t101422152631z-probe","Names":"diagstale-20261001t101422152631z-probe","Networks":"diagstale-20261001t101422152631z_default","Ports":"","Project":"diagstale-20261001t101422152631z","Publishers":[],"RunningFor":"11 minutes ago","Service":"probe","Size":"0B","State":"exited","Status":"Exited (0) Less than a second ago"}
{"Command":"\"docker-entrypoint.s…\"","CreatedAt":"2026-10-01 11:14:22 +0100 WAT","Engine":"","ExitCode":0,"Health":"healthy","ID":"7818e14bff7b","Image":"redis:7.4.5-bookworm","Labels":"com.docker.compose.project.config_files=D:\\projects\\manhua review\\diagnostic-stale.compose.yml,desktop.docker.io/ports.scheme=v2,com.docker.compose.container-number=1,com.docker.compose.depends_on=,com.docker.compose.oneoff=False,com.docker.compose.project.working_dir=D:\\projects\\manhua review,com.docker.compose.service=redis,com.docker.compose.version=5.5.1,com.docker.compose.config-hash=b1a179c6673332468d0bf54222a913248efcf391001689aef8fe0917c8f20312,com.docker.compose.image=sha256:e3c80ea4c9c583621a7ba3a148d825b9d05b0b39793912fff5af315369e73344,com.docker.compose.project=diagstale-20261001t101422152631z","LocalVolumes":"1","Mounts":"7cd4df7c688836…","Name":"diagstale-20261001t101422152631z-redis-1","Names":"diagstale-20261001t101422152631z-redis-1","Networks":"diagstale-20261001t101422152631z_default","Ports":"6379/tcp","Project":"diagstale-20261001t101422152631z","Publishers":[{"URL":"","TargetPort":6379,"PublishedPort":0,"Protocol":"tcp"}],"RunningFor":"11 minutes ago","Service":"redis","Size":"0B","State":"running","Status":"Up 21 seconds (healthy)"}
{"Command":"\"/usr/bin/docker-ent…\"","CreatedAt":"2026-10-01 11:14:22 +0100 WAT","Engine":"","ExitCode":0,"Health":"healthy","ID":"e208e392c5de","Image":"quay.io/minio/aistor/minio:RELEASE.2026-09-19T17-05-25Z@sha256:107cf2014a9583c74c11e3cdbd6903d89c2244355886b89ce532f4ecae9c23f3","Labels":"description=MinIO object storage is fundamentally different. Designed for performance and the S3 API, it is 100% open-source. MinIO is ideal for large, private cloud environments with stringent security requirements and delivers mission-critical availability across a diverse range of workloads.,desktop.docker.io/mounts/0/Target=/run/secrets/minio.license,org.opencontainers.image.revision=b3f01943b83e7975e01233fc613cb5f0941b57d1,version=RELEASE.2026-09-19T17-05-25Z,com.docker.compose.image=sha256:a94e1fe399bd050fe6d6148839597a4995350c0e62c9e83f0cec8b5630ed0a1e,com.docker.compose.oneoff=False,cpe=cpe:/a:redhat:enterprise_linux:9::appstream,desktop.docker.io/ports.scheme=v2,io.k8s.description=Very small image which doesn't install the package manager.,release=RELEASE.2026-09-19T17-05-25Z,url=https://catalog.redhat.com/en/search?searchType=containers,com.docker.compose.depends_on=,desktop.docker.io/mounts/0/Source=C:/Users/MSC/Downloads/minio.license,desktop.docker.io/mounts/0/SourceKind=hostFile,distribution-scope=public,org.opencontainers.image.created=2026-09-14T00:32:05Z,build-date=2026-09-14T00:32:05Z,com.docker.compose.project.config_files=D:\\projects\\manhua review\\diagnostic-stale.compose.yml,com.docker.compose.version=5.5.1,io.buildah.version=1.44.0,io.k8s.display-name=Red Hat Universal Base Image 9 Micro,name=MinIO,vcs-ref=b3f01943b83e7975e01233fc613cb5f0941b57d1,com.docker.compose.project.working_dir=D:\\projects\\manhua review,vcs-type=git,architecture=x86_64,com.docker.compose.config-hash=caf4703d7c6c695ea4682be31ed4fe99ccee05fc626540a5d054573144763e6e,com.docker.compose.service=storage,io.openshift.expose-services=,summary=MinIO is a High Performance Object Storage, API compatible with Amazon S3 cloud storage service.,com.docker.compose.container-number=1,com.redhat.component=ubi9-micro-container,vendor=MinIO Inc \u003cdev@min.io\u003e,com.docker.compose.project=diagstale-20261001t101422152631z,com.redhat.license_terms=https://www.redhat.com/en/about/red-hat-end-user-license-agreements#UBI,maintainer=MinIO Inc \u003cdev@min.io\u003e,org.opencontainers.image.source=https://github.com/miniohq/aistor","LocalVolumes":"1","Mounts":"d9edbd5e2adaf4…,/run/desktop/m…","Name":"diagstale-20261001t101422152631z-storage-1","Names":"diagstale-20261001t101422152631z-storage-1","Networks":"diagstale-20261001t101422152631z_default","Ports":"9000/tcp","Project":"diagstale-20261001t101422152631z","Publishers":[{"URL":"","TargetPort":9000,"PublishedPort":0,"Protocol":"tcp"}],"RunningFor":"11 minutes ago","Service":"storage","Size":"0B","State":"running","Status":"Up 11 minutes (healthy)"}
{"Command":"\"python -c 'import o…\"","CreatedAt":"2026-10-01 11:14:22 +0100 WAT","Engine":"","ExitCode":0,"Health":"","ID":"ec9ab7fef5f3","Image":"recap-studio-backend:latest","Labels":"com.docker.compose.depends_on=storage:service_healthy:false,com.docker.compose.image=sha256:d6c23f78bcaa26a636285b5d86d2a14294a1aca0938fc7752a3a9f205e4ffa8a,com.docker.compose.oneoff=False,com.docker.compose.project.working_dir=D:\\projects\\manhua review,com.docker.compose.version=5.5.1,desktop.docker.io/ports.scheme=v2,com.docker.compose.container-number=1,com.docker.compose.project=diagstale-20261001t101422152631z,com.docker.compose.project.config_files=D:\\projects\\manhua review\\diagnostic-stale.compose.yml,com.docker.compose.service=storage-init,com.docker.compose.config-hash=4d1c7a794669f9ea6f3e8b601ef2d4b781630a2bc4935f6a058cb6e062558c4f","LocalVolumes":"0","Mounts":"","Name":"diagstale-20261001t101422152631z-storage-init-1","Names":"diagstale-20261001t101422152631z-storage-init-1","Networks":"diagstale-20261001t101422152631z_default","Ports":"","Project":"diagstale-20261001t101422152631z","Publishers":[],"RunningFor":"11 minutes ago","Service":"storage-init","Size":"0B","State":"exited","Status":"Exited (0) 11 minutes ago"}
{"Command":"\"celery -A app.worke…\"","CreatedAt":"2026-10-01 11:14:22 +0100 WAT","Engine":"","ExitCode":0,"Health":"","ID":"75511a68015d","Image":"recap-studio-worker:latest","Labels":"com.docker.compose.config-hash=a459cec9a0189b7b63c974adf5d4fbc07e5f9a79d42b3173a7ef36654d0122b9,com.docker.compose.depends_on=migrate:service_completed_successfully:false,storage-init:service_completed_successfully:false,redis:service_healthy:false,com.docker.compose.image=sha256:dced672dde2b1e96b03b47cce1ef992d13eb93ffbd78579a8c390b3e6c4da196,com.docker.compose.project.config_files=D:\\projects\\manhua review\\diagnostic-stale.compose.yml,com.docker.compose.project.working_dir=D:\\projects\\manhua review,com.docker.compose.service=worker,com.docker.compose.version=5.5.1,desktop.docker.io/ports.scheme=v2,com.docker.compose.container-number=1,com.docker.compose.oneoff=False,com.docker.compose.project=diagstale-20261001t101422152631z","LocalVolumes":"0","Mounts":"","Name":"diagstale-20261001t101422152631z-worker-1","Names":"diagstale-20261001t101422152631z-worker-1","Networks":"diagstale-20261001t101422152631z_default","Ports":"8000/tcp","Project":"diagstale-20261001t101422152631z","Publishers":[{"URL":"","TargetPort":8000,"PublishedPort":0,"Protocol":"tcp"}],"RunningFor":"11 minutes ago","Service":"worker","Size":"0B","State":"running","Status":"Up 59 seconds"}

FINAL BEFORE CLEANUP worker STATE/HEALTH
{"Status":"running","Running":true,"Paused":false,"Restarting":false,"OOMKilled":false,"Dead":false,"Pid":85000,"ExitCode":0,"Error":"","StartedAt":"2026-10-01T10:25:11.841989381Z","FinishedAt":"2026-10-01T10:25:11.666186519Z"}

FINAL BEFORE CLEANUP backend STATE/HEALTH
{"Status":"running","Running":true,"Paused":false,"Restarting":false,"OOMKilled":false,"Dead":false,"Pid":85892,"ExitCode":0,"Error":"","StartedAt":"2026-10-01T10:25:32.18892225Z","FinishedAt":"2026-10-01T10:25:32.002009188Z"}

FINAL BEFORE CLEANUP redis STATE/HEALTH
{"Status":"running","Running":true,"Paused":false,"Restarting":false,"OOMKilled":false,"Dead":false,"Pid":86705,"ExitCode":0,"Error":"","StartedAt":"2026-10-01T10:25:49.353124469Z","FinishedAt":"2026-10-01T10:25:49.18938112Z","Health":{"Status":"healthy","FailingStreak":0,"Log":[{"Start":"2026-10-01T10:26:01.609994165Z","End":"2026-10-01T10:26:01.639468783Z","ExitCode":0,"Output":"PONG\n"},{"Start":"2026-10-01T10:26:03.640664827Z","End":"2026-10-01T10:26:03.675745009Z","ExitCode":0,"Output":"PONG\n"},{"Start":"2026-10-01T10:26:05.676279274Z","End":"2026-10-01T10:26:05.708274824Z","ExitCode":0,"Output":"PONG\n"},{"Start":"2026-10-01T10:26:07.709149111Z","End":"2026-10-01T10:26:07.746166181Z","ExitCode":0,"Output":"PONG\n"},{"Start":"2026-10-01T10:26:09.747471234Z","End":"2026-10-01T10:26:09.776222033Z","ExitCode":0,"Output":"PONG\n"}]}}

FINAL BEFORE CLEANUP LOGS
redis-1   | 2026-10-01T10:14:22.854069334Z 1:C 01 Oct 2026 10:14:22.853 * oO0OoO0OoO0Oo Redis is starting oO0OoO0OoO0Oo
worker-1  | 2026-10-01T10:14:28.348552611Z  
redis-1   | 2026-10-01T10:14:22.854127748Z 1:C 01 Oct 2026 10:14:22.853 * Redis version=7.4.5, bits=64, commit=00000000, modified=0, pid=1, just started
redis-1   | 2026-10-01T10:14:22.854130670Z 1:C 01 Oct 2026 10:14:22.853 # Warning: no config file specified, using the default config. In order to specify a config file use redis-server /path/to/redis.conf
worker-1  | 2026-10-01T10:14:28.348588456Z  -------------- celery@75511a68015d v5.6.3 (recovery)
redis-1   | 2026-10-01T10:14:22.854487509Z 1:M 01 Oct 2026 10:14:22.854 * monotonic clock: POSIX clock_gettime
worker-1  | 2026-10-01T10:14:28.348591736Z --- ***** ----- 
redis-1   | 2026-10-01T10:14:22.855435318Z 1:M 01 Oct 2026 10:14:22.855 * Running mode=standalone, port=6379.
worker-1  | 2026-10-01T10:14:28.348593290Z -- ******* ---- Linux-6.18.40.1-microsoft-standard-WSL2-x86_64-with-glibc2.36 2026-10-01 10:14:28
redis-1   | 2026-10-01T10:14:22.855836092Z 1:M 01 Oct 2026 10:14:22.855 * Server initialized
redis-1   | 2026-10-01T10:14:22.855853746Z 1:M 01 Oct 2026 10:14:22.855 * Ready to accept connections tcp
redis-1   | 2026-10-01T10:25:49.121736089Z 1:signal-handler (1790850349) Received SIGTERM scheduling shutdown...
redis-1   | 2026-10-01T10:25:49.184007401Z 1:M 01 Oct 2026 10:25:49.183 * User requested shutdown...
redis-1   | 2026-10-01T10:25:49.184036722Z 1:M 01 Oct 2026 10:25:49.183 * Saving the final RDB snapshot before exiting.
redis-1   | 2026-10-01T10:25:49.187291342Z 1:M 01 Oct 2026 10:25:49.187 * DB saved on disk
redis-1   | 2026-10-01T10:25:49.187304287Z 1:M 01 Oct 2026 10:25:49.187 # Redis is now ready to exit, bye bye...
worker-1  | 2026-10-01T10:14:28.348594899Z - *** --- * --- 
redis-1   | 2026-10-01T10:25:49.456375272Z 1:C 01 Oct 2026 10:25:49.456 * oO0OoO0OoO0Oo Redis is starting oO0OoO0OoO0Oo
worker-1  | 2026-10-01T10:14:28.348596265Z - ** ---------- [config]
worker-1  | 2026-10-01T10:14:28.348597667Z - ** ---------- .> app:         recap:0x788230eb38f0
worker-1  | 2026-10-01T10:14:28.348599426Z - ** ---------- .> transport:   redis://redis:6379/0
redis-1   | 2026-10-01T10:25:49.456404627Z 1:C 01 Oct 2026 10:25:49.456 * Redis version=7.4.5, bits=64, commit=00000000, modified=0, pid=1, just started
worker-1  | 2026-10-01T10:14:28.348600884Z - ** ---------- .> results:     disabled://
worker-1  | 2026-10-01T10:14:28.348602331Z - *** --- * --- .> concurrency: 2 (prefork)
redis-1   | 2026-10-01T10:25:49.456407617Z 1:C 01 Oct 2026 10:25:49.456 # Warning: no config file specified, using the default config. In order to specify a config file use redis-server /path/to/redis.conf
redis-1   | 2026-10-01T10:25:49.456687392Z 1:M 01 Oct 2026 10:25:49.456 * monotonic clock: POSIX clock_gettime
redis-1   | 2026-10-01T10:25:49.457354143Z 1:M 01 Oct 2026 10:25:49.457 * Running mode=standalone, port=6379.
redis-1   | 2026-10-01T10:25:49.457634035Z 1:M 01 Oct 2026 10:25:49.457 * Server initialized
redis-1   | 2026-10-01T10:25:49.457642859Z 1:M 01 Oct 2026 10:25:49.457 * Loading RDB produced by version 7.4.5
redis-1   | 2026-10-01T10:25:49.457645456Z 1:M 01 Oct 2026 10:25:49.457 * RDB age 0 seconds
redis-1   | 2026-10-01T10:25:49.457647447Z 1:M 01 Oct 2026 10:25:49.457 * RDB memory usage when created 1.64 Mb
worker-1  | 2026-10-01T10:14:28.348603775Z -- ******* ---- .> task events: OFF (enable -E to monitor tasks in this worker)
worker-1  | 2026-10-01T10:14:28.348607064Z --- ***** ----- 
worker-1  | 2026-10-01T10:14:28.348608468Z  -------------- [queues]
worker-1  | 2026-10-01T10:14:28.348609856Z                 .> system           exchange=system(direct) key=system
worker-1  | 2026-10-01T10:14:28.348611339Z                 
worker-1  | 2026-10-01T10:14:28.348612650Z 
redis-1   | 2026-10-01T10:25:49.457752989Z 1:M 01 Oct 2026 10:25:49.457 * Done loading RDB, keys loaded: 3, keys expired: 0.
redis-1   | 2026-10-01T10:25:49.457763835Z 1:M 01 Oct 2026 10:25:49.457 * DB loaded from disk: 0.000 seconds
redis-1   | 2026-10-01T10:25:49.457765614Z 1:M 01 Oct 2026 10:25:49.457 * Ready to accept connections tcp
worker-1  | 2026-10-01T10:14:28.348613969Z [tasks]
worker-1  | 2026-10-01T10:14:28.348615316Z   . ingestion.process
worker-1  | 2026-10-01T10:14:28.348616784Z   . system.heartbeat
worker-1  | 2026-10-01T10:14:28.348618199Z 
worker-1  | 2026-10-01T10:14:28.434150447Z {"timestamp": "2026-10-01T10:14:28.433608+00:00", "level": "INFO", "logger": "celery.worker.consumer.connection", "event": "Connected to redis://redis:6379/0", "request_id": null, "job_id": null, "user_id": null, "project_id": null, "stage": null, "status": null, "error": null, "duration_ms": null}
worker-1  | 2026-10-01T10:14:28.436975556Z {"timestamp": "2026-10-01T10:14:28.436687+00:00", "level": "INFO", "logger": "celery.worker.consumer.mingle", "event": "mingle: searching for neighbors", "request_id": null, "job_id": null, "user_id": null, "project_id": null, "stage": null, "status": null, "error": null, "duration_ms": null}
worker-1  | 2026-10-01T10:14:29.448060659Z {"timestamp": "2026-10-01T10:14:29.447700+00:00", "level": "INFO", "logger": "celery.worker.consumer.mingle", "event": "mingle: all alone", "request_id": null, "job_id": null, "user_id": null, "project_id": null, "stage": null, "status": null, "error": null, "duration_ms": null}
worker-1  | 2026-10-01T10:14:29.455788607Z {"timestamp": "2026-10-01T10:14:29.455652+00:00", "level": "INFO", "logger": "celery.apps.worker", "event": "celery@75511a68015d ready.", "request_id": null, "job_id": null, "user_id": null, "project_id": null, "stage": null, "status": null, "error": null, "duration_ms": null}
worker-1  | 2026-10-01T10:14:43.041133075Z {"timestamp": "2026-10-01T10:14:43.040777+00:00", "level": "INFO", "logger": "celery.worker.strategy", "event": "Task ingestion.process[a41de22a-0699-4613-8af3-d30d0d1feeb0] received", "request_id": null, "job_id": null, "user_id": null, "project_id": null, "stage": null, "status": null, "error": null, "duration_ms": null}
worker-1  | 2026-10-01T10:24:46.931696570Z  
worker-1  | 2026-10-01T10:24:46.931733616Z  -------------- celery@75511a68015d v5.6.3 (recovery)
worker-1  | 2026-10-01T10:24:46.931735391Z --- ***** ----- 
worker-1  | 2026-10-01T10:24:46.931736411Z -- ******* ---- Linux-6.18.40.1-microsoft-standard-WSL2-x86_64-with-glibc2.36 2026-10-01 10:24:46
worker-1  | 2026-10-01T10:24:46.931737402Z - *** --- * --- 
worker-1  | 2026-10-01T10:24:46.931738213Z - ** ---------- [config]
worker-1  | 2026-10-01T10:24:46.931739079Z - ** ---------- .> app:         recap:0x70f1f61db590
worker-1  | 2026-10-01T10:24:46.931740242Z - ** ---------- .> transport:   redis://redis:6379/0
worker-1  | 2026-10-01T10:24:46.931741093Z - ** ---------- .> results:     disabled://
worker-1  | 2026-10-01T10:24:46.931741908Z - *** --- * --- .> concurrency: 2 (prefork)
worker-1  | 2026-10-01T10:24:46.931742781Z -- ******* ---- .> task events: OFF (enable -E to monitor tasks in this worker)
worker-1  | 2026-10-01T10:24:46.931743736Z --- ***** ----- 
worker-1  | 2026-10-01T10:24:46.931744503Z  -------------- [queues]
worker-1  | 2026-10-01T10:24:46.931745303Z                 .> system           exchange=system(direct) key=system
worker-1  | 2026-10-01T10:24:46.931746183Z                 
worker-1  | 2026-10-01T10:24:46.931747184Z 
worker-1  | 2026-10-01T10:24:46.931748017Z [tasks]
worker-1  | 2026-10-01T10:24:46.931751969Z   . ingestion.process
worker-1  | 2026-10-01T10:24:46.931752885Z   . system.heartbeat
worker-1  | 2026-10-01T10:24:46.931753691Z 
worker-1  | 2026-10-01T10:24:47.009278141Z {"timestamp": "2026-10-01T10:24:47.008916+00:00", "level": "INFO", "logger": "celery.worker.consumer.connection", "event": "Connected to redis://redis:6379/0", "request_id": null, "job_id": null, "user_id": null, "project_id": null, "stage": null, "status": null, "error": null, "duration_ms": null}
worker-1  | 2026-10-01T10:24:47.014405489Z {"timestamp": "2026-10-01T10:24:47.014164+00:00", "level": "INFO", "logger": "celery.worker.consumer.mingle", "event": "mingle: searching for neighbors", "request_id": null, "job_id": null, "user_id": null, "project_id": null, "stage": null, "status": null, "error": null, "duration_ms": null}
worker-1  | 2026-10-01T10:24:48.023011026Z {"timestamp": "2026-10-01T10:24:48.022726+00:00", "level": "INFO", "logger": "celery.worker.consumer.mingle", "event": "mingle: all alone", "request_id": null, "job_id": null, "user_id": null, "project_id": null, "stage": null, "status": null, "error": null, "duration_ms": null}
worker-1  | 2026-10-01T10:24:48.031164250Z {"timestamp": "2026-10-01T10:24:48.031017+00:00", "level": "INFO", "logger": "celery.apps.worker", "event": "celery@75511a68015d ready.", "request_id": null, "job_id": null, "user_id": null, "project_id": null, "stage": null, "status": null, "error": null, "duration_ms": null}
worker-1  | 2026-10-01T10:25:00.528711807Z {"timestamp": "2026-10-01T10:25:00.528579+00:00", "level": "INFO", "logger": "celery.worker.strategy", "event": "Task ingestion.process[4b2fd626-626b-43a7-9091-09ba1ef43b2d] received", "request_id": null, "job_id": null, "user_id": null, "project_id": null, "stage": null, "status": null, "error": null, "duration_ms": null}
worker-1  | 2026-10-01T10:25:08.188119586Z {"timestamp": "2026-10-01T10:25:08.187892+00:00", "level": "INFO", "logger": "celery.app.trace", "event": "Task ingestion.process[4b2fd626-626b-43a7-9091-09ba1ef43b2d] succeeded in 7.658398769000996s: None", "request_id": null, "job_id": null, "user_id": null, "project_id": null, "stage": null, "status": null, "error": null, "duration_ms": null}
worker-1  | 2026-10-01T10:25:09.177381161Z 
worker-1  | 2026-10-01T10:25:09.177403169Z worker: Warm shutdown (MainProcess)
worker-1  | 2026-10-01T10:25:12.700839380Z  
worker-1  | 2026-10-01T10:25:12.700864527Z  -------------- celery@75511a68015d v5.6.3 (recovery)
worker-1  | 2026-10-01T10:25:12.700866652Z --- ***** ----- 
worker-1  | 2026-10-01T10:25:12.700868125Z -- ******* ---- Linux-6.18.40.1-microsoft-standard-WSL2-x86_64-with-glibc2.36 2026-10-01 10:25:12
worker-1  | 2026-10-01T10:25:12.700869702Z - *** --- * --- 
worker-1  | 2026-10-01T10:25:12.700871148Z - ** ---------- [config]
worker-1  | 2026-10-01T10:25:12.700872617Z - ** ---------- .> app:         recap:0x745350ec0d10
worker-1  | 2026-10-01T10:25:12.700874876Z - ** ---------- .> transport:   redis://redis:6379/0
worker-1  | 2026-10-01T10:25:12.700876336Z - ** ---------- .> results:     disabled://
worker-1  | 2026-10-01T10:25:12.700877793Z - *** --- * --- .> concurrency: 2 (prefork)
worker-1  | 2026-10-01T10:25:12.700879172Z -- ******* ---- .> task events: OFF (enable -E to monitor tasks in this worker)
worker-1  | 2026-10-01T10:25:12.700880788Z --- ***** ----- 
worker-1  | 2026-10-01T10:25:12.700882099Z  -------------- [queues]
worker-1  | 2026-10-01T10:25:12.700883485Z                 .> system           exchange=system(direct) key=system
worker-1  | 2026-10-01T10:25:12.700884972Z                 
worker-1  | 2026-10-01T10:25:12.700886372Z 
worker-1  | 2026-10-01T10:25:12.700887679Z [tasks]
worker-1  | 2026-10-01T10:25:12.700889015Z   . ingestion.process
worker-1  | 2026-10-01T10:25:12.700890462Z   . system.heartbeat
worker-1  | 2026-10-01T10:25:12.700891914Z 
worker-1  | 2026-10-01T10:25:12.783832407Z {"timestamp": "2026-10-01T10:25:12.783601+00:00", "level": "INFO", "logger": "celery.worker.consumer.connection", "event": "Connected to redis://redis:6379/0", "request_id": null, "job_id": null, "user_id": null, "project_id": null, "stage": null, "status": null, "error": null, "duration_ms": null}
worker-1  | 2026-10-01T10:25:12.787118803Z {"timestamp": "2026-10-01T10:25:12.786994+00:00", "level": "INFO", "logger": "celery.worker.consumer.mingle", "event": "mingle: searching for neighbors", "request_id": null, "job_id": null, "user_id": null, "project_id": null, "stage": null, "status": null, "error": null, "duration_ms": null}
worker-1  | 2026-10-01T10:25:13.793387710Z {"timestamp": "2026-10-01T10:25:13.793155+00:00", "level": "INFO", "logger": "celery.worker.consumer.mingle", "event": "mingle: all alone", "request_id": null, "job_id": null, "user_id": null, "project_id": null, "stage": null, "status": null, "error": null, "duration_ms": null}
worker-1  | 2026-10-01T10:25:13.799675716Z {"timestamp": "2026-10-01T10:25:13.799552+00:00", "level": "INFO", "logger": "celery.apps.worker", "event": "celery@75511a68015d ready.", "request_id": null, "job_id": null, "user_id": null, "project_id": null, "stage": null, "status": null, "error": null, "duration_ms": null}
worker-1  | 2026-10-01T10:25:49.189525550Z {"timestamp": "2026-10-01T10:25:49.189264+00:00", "level": "WARNING", "logger": "celery.worker.consumer.consumer", "event": "consumer: Connection to broker lost. Trying to re-establish the connection...", "request_id": null, "job_id": null, "user_id": null, "project_id": null, "stage": null, "status": null, "error": null, "duration_ms": null}
worker-1  | 2026-10-01T10:25:49.191118225Z {"timestamp": "2026-10-01T10:25:49.190861+00:00", "level": "WARNING", "logger": "py.warnings", "event": "/usr/local/lib/python3.12/site-packages/celery/worker/consumer/consumer.py:397: CPendingDeprecationWarning: \nIn Celery 5.1 we introduced an optional breaking change which\non connection loss cancels all currently executed tasks with late acknowledgement enabled.\nThese tasks cannot be acknowledged as the connection is gone, and the tasks are automatically redelivered\nback to the queue. You can enable this behavior using the worker_cancel_long_running_tasks_on_connection_loss\nsetting. In Celery 5.1 it is set to False by default. The setting will be set to True by default in Celery 6.0.\n\n  warnings.warn(CANCEL_TASKS_BY_DEFAULT, CPendingDeprecationWarning)\n", "request_id": null, "job_id": null, "user_id": null, "project_id": null, "stage": null, "status": null, "error": null, "duration_ms": null}
worker-1  | 2026-10-01T10:25:49.196230640Z {"timestamp": "2026-10-01T10:25:49.195996+00:00", "level": "ERROR", "logger": "celery.worker.consumer.consumer", "event": "consumer: Cannot connect to redis://redis:6379/0: Error 111 connecting to redis:6379. Connection refused..\nTrying again in 2.00 seconds... (1/100)\n", "request_id": null, "job_id": null, "user_id": null, "project_id": null, "stage": null, "status": null, "error": null, "duration_ms": null}
worker-1  | 2026-10-01T10:25:51.200494904Z {"timestamp": "2026-10-01T10:25:51.200342+00:00", "level": "INFO", "logger": "celery.worker.consumer.connection", "event": "Connected to redis://redis:6379/0", "request_id": null, "job_id": null, "user_id": null, "project_id": null, "stage": null, "status": null, "error": null, "duration_ms": null}
worker-1  | 2026-10-01T10:25:51.202851580Z {"timestamp": "2026-10-01T10:25:51.202737+00:00", "level": "INFO", "logger": "celery.worker.consumer.mingle", "event": "mingle: searching for neighbors", "request_id": null, "job_id": null, "user_id": null, "project_id": null, "stage": null, "status": null, "error": null, "duration_ms": null}
worker-1  | 2026-10-01T10:25:52.207302646Z {"timestamp": "2026-10-01T10:25:52.206930+00:00", "level": "INFO", "logger": "celery.worker.consumer.mingle", "event": "mingle: all alone", "request_id": null, "job_id": null, "user_id": null, "project_id": null, "stage": null, "status": null, "error": null, "duration_ms": null}
backend-1  | 2026-10-01T10:14:28.893293943Z INFO:     Started server process [1]
backend-1  | 2026-10-01T10:14:28.893323238Z INFO:     Waiting for application startup.
backend-1  | 2026-10-01T10:14:28.896522077Z INFO:     Application startup complete.
backend-1  | 2026-10-01T10:14:28.896740300Z INFO:     Uvicorn running on http://0.0.0.0:8000 (Press CTRL+C to quit)
backend-1  | 2026-10-01T10:14:29.293401283Z {"timestamp": "2026-10-01T10:14:29.293139+00:00", "level": "INFO", "logger": "app.main", "event": "request_completed", "request_id": "80943157-ed2a-4ee9-b6f2-332b52b2130d", "job_id": null, "user_id": null, "project_id": null, "stage": null, "status": 200, "error": null, "duration_ms": 25}
backend-1  | 2026-10-01T10:14:29.293441727Z INFO:     172.19.0.7:57018 - "GET /health/live HTTP/1.1" 200 OK
backend-1  | 2026-10-01T10:14:42.695110536Z {"timestamp": "2026-10-01T10:14:42.694910+00:00", "level": "INFO", "logger": "app.main", "event": "request_completed", "request_id": "edbb43d8-f875-4cb4-ae65-2dabf7d0e698", "job_id": null, "user_id": null, "project_id": null, "stage": null, "status": 201, "error": null, "duration_ms": 100}
backend-1  | 2026-10-01T10:14:42.695155053Z INFO:     172.19.0.7:51812 - "POST /api/v1/auth/register HTTP/1.1" 201 Created
backend-1  | 2026-10-01T10:14:42.710667209Z {"timestamp": "2026-10-01T10:14:42.710483+00:00", "level": "INFO", "logger": "app.main", "event": "request_completed", "request_id": "376a4411-749f-42e4-9933-b87fae422fc8", "job_id": null, "user_id": null, "project_id": null, "stage": null, "status": 201, "error": null, "duration_ms": 10}
backend-1  | 2026-10-01T10:14:42.710698931Z INFO:     172.19.0.7:51812 - "POST /api/v1/projects HTTP/1.1" 201 Created
backend-1  | 2026-10-01T10:14:42.723056348Z {"timestamp": "2026-10-01T10:14:42.722887+00:00", "level": "INFO", "logger": "app.main", "event": "request_completed", "request_id": "390df14a-e749-4774-bb3c-7611986827f8", "job_id": null, "user_id": null, "project_id": null, "stage": null, "status": 201, "error": null, "duration_ms": 8}
backend-1  | 2026-10-01T10:14:42.723099494Z INFO:     172.19.0.7:51812 - "POST /api/v1/projects/8b9b9fe6-7402-4167-b1a7-12de33a3bcaf/chapters HTTP/1.1" 201 Created
backend-1  | 2026-10-01T10:14:43.043683989Z {"timestamp": "2026-10-01T10:14:43.043496+00:00", "level": "INFO", "logger": "app.main", "event": "request_completed", "request_id": "8ac01b7d-b9bc-447f-87db-d7c6ab490379", "job_id": null, "user_id": null, "project_id": null, "stage": null, "status": 200, "error": null, "duration_ms": 222}
backend-1  | 2026-10-01T10:14:43.043735739Z INFO:     172.19.0.7:51812 - "POST /api/v1/chapters/e43d0377-e034-450f-acec-7be0b53e338d/upload HTTP/1.1" 200 OK
backend-1  | 2026-10-01T10:25:00.528443907Z {"timestamp": "2026-10-01T10:25:00.528232+00:00", "level": "INFO", "logger": "app.main", "event": "request_completed", "request_id": "bc66462d-d746-4d8a-9e3c-733f6d9b939b", "job_id": null, "user_id": null, "project_id": null, "stage": null, "status": 200, "error": null, "duration_ms": 72}
backend-1  | 2026-10-01T10:25:00.528520595Z INFO:     172.19.0.7:51090 - "POST /api/v1/chapters/e43d0377-e034-450f-acec-7be0b53e338d/processing-retry HTTP/1.1" 200 OK
backend-1  | 2026-10-01T10:25:12.780843957Z {"timestamp": "2026-10-01T10:25:12.780676+00:00", "level": "INFO", "logger": "app.main", "event": "request_completed", "request_id": "2e6c02d7-a1f3-43a3-ae1a-6dd631556bda", "job_id": null, "user_id": null, "project_id": null, "stage": null, "status": 200, "error": null, "duration_ms": 0}
backend-1  | 2026-10-01T10:25:12.780879370Z INFO:     172.19.0.7:40880 - "GET /health/live HTTP/1.1" 200 OK
backend-1  | 2026-10-01T10:25:31.606928234Z INFO:     Shutting down
backend-1  | 2026-10-01T10:25:31.708074454Z INFO:     Waiting for application shutdown.
backend-1  | 2026-10-01T10:25:31.710417379Z INFO:     Application shutdown complete.
backend-1  | 2026-10-01T10:25:31.711256364Z INFO:     Finished server process [1]
backend-1  | 2026-10-01T10:25:33.695184866Z INFO:     Started server process [1]
backend-1  | 2026-10-01T10:25:33.695205743Z INFO:     Waiting for application startup.
backend-1  | 2026-10-01T10:25:33.698458936Z INFO:     Application startup complete.
backend-1  | 2026-10-01T10:25:33.698634556Z INFO:     Uvicorn running on http://0.0.0.0:8000 (Press CTRL+C to quit)
backend-1  | 2026-10-01T10:25:34.162418095Z INFO:     172.19.0.7:40512 - "GET /health/live HTTP/1.1" 200 OK
backend-1  | 2026-10-01T10:25:34.162435821Z {"timestamp": "2026-10-01T10:25:34.162161+00:00", "level": "INFO", "logger": "app.main", "event": "request_completed", "request_id": "f50ea4b4-3890-44d2-b073-feb68f197d9f", "job_id": null, "user_id": null, "project_id": null, "stage": null, "status": 200, "error": null, "duration_ms": 25}
backend-1  | 2026-10-01T10:25:50.410552037Z {"timestamp": "2026-10-01T10:25:50.410329+00:00", "level": "INFO", "logger": "app.main", "event": "request_completed", "request_id": "060d3e38-1c48-4095-82bc-587813025901", "job_id": null, "user_id": null, "project_id": null, "stage": null, "status": 200, "error": null, "duration_ms": 1}
backend-1  | 2026-10-01T10:25:50.410578195Z INFO:     172.19.0.7:37888 - "GET /health/live HTTP/1.1" 200 OK
